resume_id,job_id,job_title,source_category,name,matched_skills,missing_skills,matched_skill_pairs,required_skill_count,matched_skill_count,skills_score,candidate_experience_years,required_experience_years,experience_difference_years,experience_status,experience_score,degree,degree_status,degree_score,course,course_status,course_score,education_course_score,projects_score,projects_available,projects_interpretation,semantic_score,semantic_interpretation,effective_skill_weight,effective_experience_weight,effective_education_course_weight,effective_project_weight,effective_semantic_weight,skills_contribution,experience_contribution,education_course_contribution,projects_contribution,semantic_contribution,overall_score,overall_explanation
R001,JOB022,SAP Developer,SAP Developer,Priya Nair,[],"[""SAP"", ""SAP HANA"", ""SAP BO"", ""SQL"", ""Business Intelligence""]",[],5,0,0.0,9.0,2.0,7.0,Meets requirement,1.0,Not provided,Not provided,0.0,Not provided,Not provided,0.0,0.0,0.0,False,"Project evidence was unavailable, so this component was excluded from the final-score denominator.",0.769557,High semantic alignment,0.352941,0.235294,0.176471,0.0,0.235294,0.0,0.235294,0.0,0.0,0.181072,0.416366,"Candidate R001 received 0.4164 for SAP Developer. The resume matches 0 of 5 required skills; it has 9.00 years of experience versus 2.00 years required (meets requirement). The degree is not provided and the course is not provided. Semantic similarity is 0.7696 (High semantic alignment); project similarity is 0.0000. The largest weighted contributions come from experience, semantic similarity."
R002,JOB013,HR Analyst,HR,Ananya Iyer,"[""HR Management""]","[""Excel"", ""Documentation""]","[{""required_skill"": ""HR Management"", ""resume_skill"": ""Hr Management""}]",3,1,0.333333,4.0,1.0,3.0,Meets requirement,1.0,Diploma,Not accepted,0.0,Hospitality Management,Not accepted,0.0,0.0,0.0,False,"Project evidence was unavailable, so this component was excluded from the final-score denominator.",0.727377,Moderate-to-high semantic alignment,0.352941,0.235294,0.176471,0.0,0.235294,0.117647,0.235294,0.0,0.0,0.171148,0.524089,"Candidate R002 received 0.5241 for HR Analyst. The resume matches 1 of 3 required skills; it has 4.00 years of experience versus 1.00 years required (meets requirement). The degree is not accepted and the course is not accepted. Semantic similarity is 0.7274 (Moderate-to-high semantic alignment); project similarity is 0.0000. The largest weighted contributions come from experience, semantic similarity."
R003,JOB002,Arts / Creative Professional,Arts,Priya Nair,[],"[""Drawing"", ""Creative Design"", ""Visual Communication"", ""Adobe Photoshop"", ""Illustration""]",[],5,0,0.0,3.0,1.0,2.0,Meets requirement,1.0,M.Com,Not accepted,0.0,Marketing,Not accepted,0.0,0.0,0.0,False,"Project evidence was unavailable, so this component was excluded from the final-score denominator.",0.651528,Moderate-to-high semantic alignment,0.352941,0.235294,0.176471,0.0,0.235294,0.0,0.235294,0.0,0.0,0.153301,0.388595,"Candidate R003 received 0.3886 for Arts / Creative Professional. The resume matches 0 of 5 required skills; it has 3.00 years of experience versus 1.00 years required (meets requirement). The degree is not accepted and the course is not accepted. Semantic similarity is 0.6515 (Moderate-to-high semantic alignment); project similarity is 0.0000. The largest weighted contributions come from experience, semantic similarity."
R004,JOB008,Database Administrator,Database,Ishita Chopra,"[""Databases""]","[""SQL"", ""Oracle"", ""MySQL""]","[{""required_skill"": ""Databases"", ""resume_skill"": ""DATABASES""}]",4,1,0.25,9.0,2.0,7.0,Meets requirement,1.0,B.E.,Accepted,0.8,Information Technology,Accepted,0.8,0.8,0.0,False,"Project evidence was unavailable, so this component was excluded from the final-score denominator.",0.752759,High semantic alignment,0.352941,0.235294,0.176471,0.0,0.235294,0.088235,0.235294,0.141176,0.0,0.17712,0.641826,"Candidate R004 received 0.6418 for Database Administrator. The resume matches 1 of 4 required skills; it has 9.00 years of experience versus 2.00 years required (meets requirement). The degree is accepted and the course is accepted. Semantic similarity is 0.7528 (High semantic alignment); project similarity is 0.0000. The largest weighted contributions come from experience, semantic similarity."
R005,JOB009,DevOps Engineer,DevOps Engineer,Arjun Sharma,"[""Cloud Computing""]","[""AWS"", ""Automation"", ""Shell Scripting""]","[{""required_skill"": ""Cloud Computing"", ""resume_skill"": ""Cloud Computing""}]",4,1,0.25,8.0,2.0,6.0,Meets requirement,1.0,B.E.,Accepted,0.8,Information Technology,Accepted,0.8,0.8,0.0,False,"Project evidence was unavailable, so this component was excluded from the final-score denominator.",0.820462,High semantic alignment,0.352941,0.235294,0.176471,0.0,0.235294,0.088235,0.235294,0.141176,0.0,0.19305,0.657756,"Candidate R005 received 0.6578 for DevOps Engineer. The resume matches 1 of 4 required skills; it has 8.00 years of experience versus 2.00 years required (meets requirement). The degree is accepted and the course is accepted. Semantic similarity is 0.8205 (High semantic alignment); project similarity is 0.0000. The largest weighted contributions come from experience, semantic similarity."
R006,JOB019,Operations Manager,Operations Manager,Ananya Iyer,[],"[""Operations"", ""Documentation"", ""Excel""]",[],3,0,0.0,17.0,4.0,13.0,Meets requirement,1.0,B.Com,Not accepted,0.0,Management,Accepted,0.8,0.4,0.0,False,"Project evidence was unavailable, so this component was excluded from the final-score denominator.",0.697926,Moderate-to-high semantic alignment,0.352941,0.235294,0.176471,0.0,0.235294,0.0,0.235294,0.070588,0.0,0.164218,0.4701,"Candidate R006 received 0.4701 for Operations Manager. The resume matches 0 of 3 required skills; it has 17.00 years of experience versus 4.00 years required (meets requirement). The degree is not accepted and the course is accepted. Semantic similarity is 0.6979 (Moderate-to-high semantic alignment); project similarity is 0.0000. The largest weighted contributions come from experience, semantic similarity."
R007,JOB006,Civil Engineer,Civil Engineer,Aditya Verma,[],"[""AutoCAD"", ""Civil Engineering"", ""Construction"", ""Structural Design"", ""Site Supervision""]",[],5,0,0.0,2.7,1.0,1.7,Meets requirement,1.0,Diploma,Not accepted,0.0,Civil Engineering,Preferred,1.0,0.5,0.619857,True,Moderate-to-high project-to-role alignment,0.696478,Moderate-to-high semantic alignment,0.3,0.2,0.15,0.15,0.2,0.0,0.2,0.075,0.092979,0.139296,0.507274,"Candidate R007 received 0.5073 for Civil Engineer. The resume matches 0 of 5 required skills; it has 2.70 years of experience versus 1.00 years required (meets requirement). The degree is not accepted and the course is preferred. Semantic similarity is 0.6965 (Moderate-to-high semantic alignment); project similarity is 0.6199. The largest weighted contributions come from experience, semantic similarity."
R008,JOB011,ETL Developer,ETL Developer,Ananya Iyer,"[""ETL""]","[""Informatica"", ""SQL"", ""Databases""]","[{""required_skill"": ""ETL"", ""resume_skill"": ""ETL""}]",4,1,0.25,4.0,2.0,2.0,Meets requirement,1.0,B.Tech,Preferred,1.0,Computer Science,Accepted,0.8,0.9,0.54234,True,Moderate project-to-role alignment,0.76674,High semantic alignment,0.3,0.2,0.15,0.15,0.2,0.075,0.2,0.135,0.081351,0.153348,0.644699,"Candidate R008 received 0.6447 for ETL Developer. The resume matches 1 of 4 required skills; it has 4.00 years of experience versus 2.00 years required (meets requirement). The degree is preferred and the course is accepted. Semantic similarity is 0.7667 (High semantic alignment); project similarity is 0.5423. The largest weighted contributions come from experience, semantic similarity."
R009,JOB011,ETL Developer,ETL Developer,Arjun Sharma,"[""Informatica""]","[""ETL"", ""SQL"", ""Databases""]","[{""required_skill"": ""Informatica"", ""resume_skill"": ""informatica""}]",4,1,0.25,3.0,2.0,1.0,Meets requirement,1.0,B.E.,Accepted,0.8,Electronics and Telecommunication,Not accepted,0.0,0.4,0.0,False,"Project evidence was unavailable, so this component was excluded from the final-score denominator.",0.77162,High semantic alignment,0.352941,0.235294,0.176471,0.0,0.235294,0.088235,0.235294,0.070588,0.0,0.181558,0.575675,"Candidate R009 received 0.5757 for ETL Developer. The resume matches 1 of 4 required skills; it has 3.00 years of experience versus 2.00 years required (meets requirement). The degree is accepted and the course is not accepted. Semantic similarity is 0.7716 (High semantic alignment); project similarity is 0.0000. The largest weighted contributions come from experience, semantic similarity."
R010,JOB017,Mechanical Engineer,Mechanical Engineer,Neha Kapoor,[],"[""AutoCAD"", ""SolidWorks"", ""Mechanical Design"", ""Manufacturing"", ""CAD""]",[],5,0,0.0,1.0,1.0,0.0,Meets requirement,1.0,B.E.,Accepted,0.8,Mechanical Engineering,Preferred,1.0,0.9,0.0,False,"Project evidence was unavailable, so this component was excluded from the final-score denominator.",0.695926,Moderate-to-high semantic alignment,0.352941,0.235294,0.176471,0.0,0.235294,0.0,0.235294,0.158824,0.0,0.163747,0.557865,"Candidate R010 received 0.5579 for Mechanical Engineer. The resume matches 0 of 5 required skills; it has 1.00 years of experience versus 1.00 years required (meets requirement). The degree is accepted and the course is preferred. Semantic similarity is 0.6959 (Moderate-to-high semantic alignment); project similarity is 0.0000. The largest weighted contributions come from experience, semantic similarity."
R011,JOB006,Civil Engineer,Civil Engineer,Ananya Iyer,[],"[""AutoCAD"", ""Civil Engineering"", ""Construction"", ""Structural Design"", ""Site Supervision""]",[],5,0,0.0,5.3,1.0,4.3,Meets requirement,1.0,B.E.,Accepted,0.8,Civil Engineering,Preferred,1.0,0.9,0.0,False,"Project evidence was unavailable, so this component was excluded from the final-score denominator.",0.646691,Moderate-to-high semantic alignment,0.352941,0.235294,0.176471,0.0,0.235294,0.0,0.235294,0.158824,0.0,0.152163,0.54628,"Candidate R011 received 0.5463 for Civil Engineer. The resume matches 0 of 5 required skills; it has 5.30 years of experience versus 1.00 years required (meets requirement). The degree is accepted and the course is preferred. Semantic similarity is 0.6467 (Moderate-to-high semantic alignment); project similarity is 0.0000. The largest weighted contributions come from experience, education/course."
R012,JOB010,.NET Developer,DotNet Developer,Priya Nair,[],"["".NET"", ""C#"", ""ASP.NET"", ""SQL"", ""JavaScript""]",[],5,0,0.0,8.0,1.0,7.0,Meets requirement,1.0,B.Com,Not accepted,0.0,Commerce,Not accepted,0.0,0.0,0.0,False,"Project evidence was unavailable, so this component was excluded from the final-score denominator.",0.716132,Moderate-to-high semantic alignment,0.352941,0.235294,0.176471,0.0,0.235294,0.0,0.235294,0.0,0.0,0.168502,0.403796,"Candidate R012 received 0.4038 for .NET Developer. The resume matches 0 of 5 required skills; it has 8.00 years of experience versus 1.00 years required (meets requirement). The degree is not accepted and the course is not accepted. Semantic similarity is 0.7161 (Moderate-to-high semantic alignment); project similarity is 0.0000. The largest weighted contributions come from experience, semantic similarity."
R013,JOB014,Hadoop Developer,Hadoop,Neha Kapoor,[],"[""Hadoop"", ""Hive"", ""Spark"", ""Java"", ""SQL""]",[],5,0,0.0,6.0,2.0,4.0,Meets requirement,1.0,B.E.,Accepted,0.8,Electronics & Communication,Not accepted,0.0,0.4,0.0,False,"Project evidence was unavailable, so this component was excluded from the final-score denominator.",0.722338,Moderate-to-high semantic alignment,0.352941,0.235294,0.176471,0.0,0.235294,0.0,0.235294,0.070588,0.0,0.169962,0.475844,"Candidate R013 received 0.4758 for Hadoop Developer. The resume matches 0 of 5 required skills; it has 6.00 years of experience versus 2.00 years required (meets requirement). The degree is accepted and the course is not accepted. Semantic similarity is 0.7223 (Moderate-to-high semantic alignment); project similarity is 0.0000. The largest weighted contributions come from experience, semantic similarity."
R014,JOB016,Java Developer,Java Developer,Arjun Sharma,[],"[""Java"", ""SQL"", ""Spring"", ""Hibernate"", ""J2EE""]",[],5,0,0.0,8.0,1.0,7.0,Meets requirement,1.0,B.E.,Accepted,0.8,Information Technology,Accepted,0.8,0.8,0.588531,True,Moderate project-to-role alignment,0.84105,High semantic alignment,0.3,0.2,0.15,0.15,0.2,0.0,0.2,0.12,0.08828,0.16821,0.57649,"Candidate R014 received 0.5765 for Java Developer. The resume matches 0 of 5 required skills; it has 8.00 years of experience versus 1.00 years required (meets requirement). The degree is accepted and the course is accepted. Semantic similarity is 0.8410 (High semantic alignment); project similarity is 0.5885. The largest weighted contributions come from experience, semantic similarity."
R015,JOB004,Blockchain Developer,Blockchain,Karan Mehta,"[""Blockchain""]","[""Solidity"", ""Ethereum"", ""Smart Contracts"", ""JavaScript""]","[{""required_skill"": ""Blockchain"", ""resume_skill"": ""Blockchain""}]",5,1,0.2,4.0,1.0,3.0,Meets requirement,1.0,B.Tech,Preferred,1.0,Information Technology,Accepted,0.8,0.9,0.0,False,"Project evidence was unavailable, so this component was excluded from the final-score denominator.",0.791628,High semantic alignment,0.352941,0.235294,0.176471,0.0,0.235294,0.070588,0.235294,0.158824,0.0,0.186265,0.650971,"Candidate R015 received 0.6510 for Blockchain Developer. The resume matches 1 of 5 required skills; it has 4.00 years of experience versus 1.00 years required (meets requirement). The degree is preferred and the course is accepted. Semantic similarity is 0.7916 (High semantic alignment); project similarity is 0.0000. The largest weighted contributions come from experience, semantic similarity."
R016,JOB010,.NET Developer,DotNet Developer,Ishita Chopra,[],"["".NET"", ""C#"", ""ASP.NET"", ""SQL"", ""JavaScript""]",[],5,0,0.0,9.0,1.0,8.0,Meets requirement,1.0,B.Tech,Preferred,1.0,Not provided,Not provided,0.0,0.5,0.0,False,"Project evidence was unavailable, so this component was excluded from the final-score denominator.",0.80515,High semantic alignment,0.352941,0.235294,0.176471,0.0,0.235294,0.0,0.235294,0.088235,0.0,0.189447,0.512976,"Candidate R016 received 0.5130 for .NET Developer. The resume matches 0 of 5 required skills; it has 9.00 years of experience versus 1.00 years required (meets requirement). The degree is preferred and the course is not provided. Semantic similarity is 0.8052 (High semantic alignment); project similarity is 0.0000. The largest weighted contributions come from experience, semantic similarity."
R017,JOB015,Health and Fitness Professional,Health and fitness,Priya Nair,[],"[""Fitness Training"", ""Exercise"", ""Nutrition"", ""Health"", ""Wellness""]",[],5,0,0.0,11.0,1.0,10.0,Meets requirement,1.0,Diploma,Accepted,0.8,Hotel Management,Not accepted,0.0,0.4,0.0,False,"Project evidence was unavailable, so this component was excluded from the final-score denominator.",0.724032,Moderate-to-high semantic alignment,0.352941,0.235294,0.176471,0.0,0.235294,0.0,0.235294,0.070588,0.0,0.17036,0.476243,"Candidate R017 received 0.4762 for Health and Fitness Professional. The resume matches 0 of 5 required skills; it has 11.00 years of experience versus 1.00 years required (meets requirement). The degree is accepted and the course is not accepted. Semantic similarity is 0.7240 (Moderate-to-high semantic alignment); project similarity is 0.0000. The largest weighted contributions come from experience, semantic similarity."
R018,JOB008,Database Administrator,Database,Vikram Reddy,[],"[""SQL"", ""Oracle"", ""Databases"", ""MySQL""]",[],4,0,0.0,6.0,2.0,4.0,Meets requirement,1.0,B.Sc,Not accepted,0.0,Information Technology,Accepted,0.8,0.4,0.0,False,"Project evidence was unavailable, so this component was excluded from the final-score denominator.",0.769677,High semantic alignment,0.352941,0.235294,0.176471,0.0,0.235294,0.0,0.235294,0.070588,0.0,0.1811,0.486983,"Candidate R018 received 0.4870 for Database Administrator. The resume matches 0 of 4 required skills; it has 6.00 years of experience versus 2.00 years required (meets requirement). The degree is not accepted and the course is accepted. Semantic similarity is 0.7697 (High semantic alignment); project similarity is 0.0000. The largest weighted contributions come from experience, semantic similarity."
R019,JOB005,Business Analyst,Business Analyst,Priya Nair,"[""Excel""]","[""Documentation"", ""SQL"", ""Operations""]","[{""required_skill"": ""Excel"", ""resume_skill"": ""EXCEL""}]",4,1,0.25,4.0,2.0,2.0,Meets requirement,1.0,B.Sc,Not accepted,0.0,Management,Not accepted,0.0,0.0,0.0,False,"Project evidence was unavailable, so this component was excluded from the final-score denominator.",0.707676,Moderate-to-high semantic alignment,0.352941,0.235294,0.176471,0.0,0.235294,0.088235,0.235294,0.0,0.0,0.166512,0.490042,"Candidate R019 received 0.4900 for Business Analyst. The resume matches 1 of 4 required skills; it has 4.00 years of experience versus 2.00 years required (meets requirement). The degree is not accepted and the course is not accepted. Semantic similarity is 0.7077 (Moderate-to-high semantic alignment); project similarity is 0.0000. The largest weighted contributions come from experience, semantic similarity."
R020,JOB006,Civil Engineer,Civil Engineer,Divya Rao,"[""AutoCAD""]","[""Civil Engineering"", ""Construction"", ""Structural Design"", ""Site Supervision""]","[{""required_skill"": ""AutoCAD"", ""resume_skill"": ""AUTOCAD""}]",5,1,0.2,3.4,1.0,2.4,Meets requirement,1.0,B.E.,Accepted,0.8,Civil Engineering,Preferred,1.0,0.9,0.0,False,"Project evidence was unavailable, so this component was excluded from the final-score denominator.",0.798051,High semantic alignment,0.352941,0.235294,0.176471,0.0,0.235294,0.070588,0.235294,0.158824,0.0,0.187777,0.652483,"Candidate R020 received 0.6525 for Civil Engineer. The resume matches 1 of 5 required skills; it has 3.40 years of experience versus 1.00 years required (meets requirement). The degree is accepted and the course is preferred. Semantic similarity is 0.7981 (High semantic alignment); project similarity is 0.0000. The largest weighted contributions come from experience, semantic similarity."
R021,JOB021,Python Developer,Python Developer,Neha Kapoor,[],"[""Python"", ""SQL"", ""Django"", ""Flask"", ""REST API""]",[],5,0,0.0,8.0,1.0,7.0,Meets requirement,1.0,Not provided,Not provided,0.0,Not provided,Not provided,0.0,0.0,0.0,False,"Project evidence was unavailable, so this component was excluded from the final-score denominator.",0.774872,High semantic alignment,0.352941,0.235294,0.176471,0.0,0.235294,0.0,0.235294,0.0,0.0,0.182323,0.417617,"Candidate R021 received 0.4176 for Python Developer. The resume matches 0 of 5 required skills; it has 8.00 years of experience versus 1.00 years required (meets requirement). The degree is not provided and the course is not provided. Semantic similarity is 0.7749 (High semantic alignment); project similarity is 0.0000. The largest weighted contributions come from experience, semantic similarity."
R022,JOB001,Legal Professional / Advocate,Advocate,Vikram Reddy,[],"[""Legal Research"", ""Legal Writing"", ""Contract Law"", ""Litigation"", ""Documentation""]",[],5,0,0.0,18.0,1.0,17.0,Meets requirement,1.0,LLB,Not accepted,0.0,Law,Preferred,1.0,0.5,0.0,False,"Project evidence was unavailable, so this component was excluded from the final-score denominator.",0.682626,Moderate-to-high semantic alignment,0.352941,0.235294,0.176471,0.0,0.235294,0.0,0.235294,0.088235,0.0,0.160618,0.484147,"Candidate R022 received 0.4841 for Legal Professional / Advocate. The resume matches 0 of 5 required skills; it has 18.00 years of experience versus 1.00 years required (meets requirement). The degree is not accepted and the course is preferred. Semantic similarity is 0.6826 (Moderate-to-high semantic alignment); project similarity is 0.0000. The largest weighted contributions come from experience, semantic similarity."
R023,JOB020,PMO Analyst,PMO,Aditya Verma,[],"[""Project Management"", ""Documentation"", ""Excel"", ""Reporting"", ""Stakeholder Management""]",[],5,0,0.0,6.0,2.0,4.0,Meets requirement,1.0,BBA,Accepted,0.8,Business Administration,Accepted,0.8,0.8,0.0,False,"Project evidence was unavailable, so this component was excluded from the final-score denominator.",0.759731,High semantic alignment,0.352941,0.235294,0.176471,0.0,0.235294,0.0,0.235294,0.141176,0.0,0.17876,0.555231,"Candidate R023 received 0.5552 for PMO Analyst. The resume matches 0 of 5 required skills; it has 6.00 years of experience versus 2.00 years required (meets requirement). The degree is accepted and the course is accepted. Semantic similarity is 0.7597 (High semantic alignment); project similarity is 0.0000. The largest weighted contributions come from experience, semantic similarity."
R024,JOB022,SAP Developer,SAP Developer,Divya Rao,[],"[""SAP"", ""SAP HANA"", ""SAP BO"", ""SQL"", ""Business Intelligence""]",[],5,0,0.0,9.0,2.0,7.0,Meets requirement,1.0,B.Sc,Not accepted,0.0,Computer Science,Accepted,0.8,0.4,0.557153,True,Moderate project-to-role alignment,0.726756,Moderate-to-high semantic alignment,0.3,0.2,0.15,0.15,0.2,0.0,0.2,0.06,0.083573,0.145351,0.488924,"Candidate R024 received 0.4889 for SAP Developer. The resume matches 0 of 5 required skills; it has 9.00 years of experience versus 2.00 years required (meets requirement). The degree is not accepted and the course is accepted. Semantic similarity is 0.7268 (Moderate-to-high semantic alignment); project similarity is 0.5572. The largest weighted contributions come from experience, semantic similarity."
R025,JOB006,Civil Engineer,Civil Engineer,Aditya Verma,[],"[""AutoCAD"", ""Civil Engineering"", ""Construction"", ""Structural Design"", ""Site Supervision""]",[],5,0,0.0,8.0,1.0,7.0,Meets requirement,1.0,Not provided,Not provided,0.0,Civil Engineering,Preferred,1.0,0.5,0.650239,True,Moderate-to-high project-to-role alignment,0.713108,Moderate-to-high semantic alignment,0.3,0.2,0.15,0.15,0.2,0.0,0.2,0.075,0.097536,0.142622,0.515157,"Candidate R025 received 0.5152 for Civil Engineer. The resume matches 0 of 5 required skills; it has 8.00 years of experience versus 1.00 years required (meets requirement). The degree is not provided and the course is preferred. Semantic similarity is 0.7131 (Moderate-to-high semantic alignment); project similarity is 0.6502. The largest weighted contributions come from experience, semantic similarity."
R026,JOB015,Health and Fitness Professional,Health and fitness,Arjun Sharma,[],"[""Fitness Training"", ""Exercise"", ""Nutrition"", ""Health"", ""Wellness""]",[],5,0,0.0,11.0,1.0,10.0,Meets requirement,1.0,Not provided,Not provided,0.0,Not provided,Not provided,0.0,0.0,0.0,False,"Project evidence was unavailable, so this component was excluded from the final-score denominator.",0.789543,High semantic alignment,0.352941,0.235294,0.176471,0.0,0.235294,0.0,0.235294,0.0,0.0,0.185775,0.421069,"Candidate R026 received 0.4211 for Health and Fitness Professional. The resume matches 0 of 5 required skills; it has 11.00 years of experience versus 1.00 years required (meets requirement). The degree is not provided and the course is not provided. Semantic similarity is 0.7895 (High semantic alignment); project similarity is 0.0000. The largest weighted contributions come from experience, semantic similarity."
R027,JOB005,Business Analyst,Business Analyst,Neha Kapoor,[],"[""Documentation"", ""SQL"", ""Excel"", ""Operations""]",[],4,0,0.0,8.0,2.0,6.0,Meets requirement,1.0,B.E.,Accepted,0.8,Computer Science,Accepted,0.8,0.8,0.0,False,"Project evidence was unavailable, so this component was excluded from the final-score denominator.",0.683965,Moderate-to-high semantic alignment,0.352941,0.235294,0.176471,0.0,0.235294,0.0,0.235294,0.141176,0.0,0.160933,0.537404,"Candidate R027 received 0.5374 for Business Analyst. The resume matches 0 of 4 required skills; it has 8.00 years of experience versus 2.00 years required (meets requirement). The degree is accepted and the course is accepted. Semantic similarity is 0.6840 (Moderate-to-high semantic alignment); project similarity is 0.0000. The largest weighted contributions come from experience, semantic similarity."
R028,JOB006,Civil Engineer,Civil Engineer,Priya Nair,[],"[""AutoCAD"", ""Civil Engineering"", ""Construction"", ""Structural Design"", ""Site Supervision""]",[],5,0,0.0,5.3,1.0,4.3,Meets requirement,1.0,B.E.,Accepted,0.8,Civil Engineering,Preferred,1.0,0.9,0.0,False,"Project evidence was unavailable, so this component was excluded from the final-score denominator.",0.633497,Moderate-to-high semantic alignment,0.352941,0.235294,0.176471,0.0,0.235294,0.0,0.235294,0.158824,0.0,0.149058,0.543176,"Candidate R028 received 0.5432 for Civil Engineer. The resume matches 0 of 5 required skills; it has 5.30 years of experience versus 1.00 years required (meets requirement). The degree is accepted and the course is preferred. Semantic similarity is 0.6335 (Moderate-to-high semantic alignment); project similarity is 0.0000. The largest weighted contributions come from experience, education/course."
R029,JOB021,Python Developer,Python Developer,Ananya Iyer,[],"[""Python"", ""SQL"", ""Django"", ""Flask"", ""REST API""]",[],5,0,0.0,8.0,1.0,7.0,Meets requirement,1.0,B.E.,Accepted,0.8,Computer Science,Accepted,0.8,0.8,0.0,False,"Project evidence was unavailable, so this component was excluded from the final-score denominator.",0.806953,High semantic alignment,0.352941,0.235294,0.176471,0.0,0.235294,0.0,0.235294,0.141176,0.0,0.189871,0.566342,"Candidate R029 received 0.5663 for Python Developer. The resume matches 0 of 5 required skills; it has 8.00 years of experience versus 1.00 years required (meets requirement). The degree is accepted and the course is accepted. Semantic similarity is 0.8070 (High semantic alignment); project similarity is 0.0000. The largest weighted contributions come from experience, semantic similarity."
R030,JOB009,DevOps Engineer,DevOps Engineer,Divya Rao,"[""Cloud Computing""]","[""AWS"", ""Automation"", ""Shell Scripting""]","[{""required_skill"": ""Cloud Computing"", ""resume_skill"": ""Cloud Computing""}]",4,1,0.25,8.0,2.0,6.0,Meets requirement,1.0,B.E.,Accepted,0.8,Information Technology,Accepted,0.8,0.8,0.0,False,"Project evidence was unavailable, so this component was excluded from the final-score denominator.",0.819198,High semantic alignment,0.352941,0.235294,0.176471,0.0,0.235294,0.088235,0.235294,0.141176,0.0,0.192752,0.657458,"Candidate R030 received 0.6575 for DevOps Engineer. The resume matches 1 of 4 required skills; it has 8.00 years of experience versus 2.00 years required (meets requirement). The degree is accepted and the course is accepted. Semantic similarity is 0.8192 (High semantic alignment); project similarity is 0.0000. The largest weighted contributions come from experience, semantic similarity."
R031,JOB013,HR Analyst,HR,Rohan Gupta,[],"[""Excel"", ""Documentation"", ""HR Management""]",[],3,0,0.0,4.0,1.0,3.0,Meets requirement,1.0,B.A,Not accepted,0.0,Human Resources,Preferred,1.0,0.5,0.0,False,"Project evidence was unavailable, so this component was excluded from the final-score denominator.",0.672701,Moderate-to-high semantic alignment,0.352941,0.235294,0.176471,0.0,0.235294,0.0,0.235294,0.088235,0.0,0.158283,0.481812,"Candidate R031 received 0.4818 for HR Analyst. The resume matches 0 of 3 required skills; it has 4.00 years of experience versus 1.00 years required (meets requirement). The degree is not accepted and the course is preferred. Semantic similarity is 0.6727 (Moderate-to-high semantic alignment); project similarity is 0.0000. The largest weighted contributions come from experience, semantic similarity."
R032,JOB001,Legal Professional / Advocate,Advocate,Ishita Chopra,[],"[""Legal Research"", ""Legal Writing"", ""Contract Law"", ""Litigation"", ""Documentation""]",[],5,0,0.0,8.0,1.0,7.0,Meets requirement,1.0,Bachelor,Not accepted,0.0,Law,Preferred,1.0,0.5,0.0,False,"Project evidence was unavailable, so this component was excluded from the final-score denominator.",0.708216,Moderate-to-high semantic alignment,0.352941,0.235294,0.176471,0.0,0.235294,0.0,0.235294,0.088235,0.0,0.166639,0.490168,"Candidate R032 received 0.4902 for Legal Professional / Advocate. The resume matches 0 of 5 required skills; it has 8.00 years of experience versus 1.00 years required (meets requirement). The degree is not accepted and the course is preferred. Semantic similarity is 0.7082 (Moderate-to-high semantic alignment); project similarity is 0.0000. The largest weighted contributions come from experience, semantic similarity."
R033,JOB023,Sales Executive,Sales,Neha Kapoor,[],"[""Sales"", ""Communication"", ""Customer Relationship Management"", ""Negotiation"", ""Lead Generation""]",[],5,0,0.0,6.0,1.0,5.0,Meets requirement,1.0,MBA,Accepted,0.8,Operations Management,Not accepted,0.0,0.4,0.0,False,"Project evidence was unavailable, so this component was excluded from the final-score denominator.",0.766049,High semantic alignment,0.352941,0.235294,0.176471,0.0,0.235294,0.0,0.235294,0.070588,0.0,0.180247,0.486129,"Candidate R033 received 0.4861 for Sales Executive. The resume matches 0 of 5 required skills; it has 6.00 years of experience versus 1.00 years required (meets requirement). The degree is accepted and the course is not accepted. Semantic similarity is 0.7660 (High semantic alignment); project similarity is 0.0000. The largest weighted contributions come from experience, semantic similarity."
R034,JOB016,Java Developer,Java Developer,Aditya Verma,[],"[""Java"", ""SQL"", ""Spring"", ""Hibernate"", ""J2EE""]",[],5,0,0.0,8.0,1.0,7.0,Meets requirement,1.0,M.E.,Not accepted,0.0,Computer Science,Accepted,0.8,0.4,0.0,False,"Project evidence was unavailable, so this component was excluded from the final-score denominator.",0.739626,Moderate-to-high semantic alignment,0.352941,0.235294,0.176471,0.0,0.235294,0.0,0.235294,0.070588,0.0,0.17403,0.479912,"Candidate R034 received 0.4799 for Java Developer. The resume matches 0 of 5 required skills; it has 8.00 years of experience versus 1.00 years required (meets requirement). The degree is not accepted and the course is accepted. Semantic similarity is 0.7396 (Moderate-to-high semantic alignment); project similarity is 0.0000. The largest weighted contributions come from experience, semantic similarity."
R035,JOB020,PMO Analyst,PMO,Arjun Sharma,[],"[""Project Management"", ""Documentation"", ""Excel"", ""Reporting"", ""Stakeholder Management""]",[],5,0,0.0,10.4,2.0,8.4,Meets requirement,1.0,MBA,Preferred,1.0,Human Resources,Not accepted,0.0,0.5,0.0,False,"Project evidence was unavailable, so this component was excluded from the final-score denominator.",0.761812,High semantic alignment,0.352941,0.235294,0.176471,0.0,0.235294,0.0,0.235294,0.088235,0.0,0.17925,0.502779,"Candidate R035 received 0.5028 for PMO Analyst. The resume matches 0 of 5 required skills; it has 10.40 years of experience versus 2.00 years required (meets requirement). The degree is preferred and the course is not accepted. Semantic similarity is 0.7618 (High semantic alignment); project similarity is 0.0000. The largest weighted contributions come from experience, semantic similarity."
R036,JOB012,Electrical Engineer,Electrical Engineering,Rohan Gupta,[],"[""Electrical Engineering"", ""MATLAB"", ""AutoCAD"", ""Circuit Design"", ""Power Systems""]",[],5,0,0.0,1.2,1.0,0.2,Meets requirement,1.0,B.E.,Accepted,0.8,Electrical and Electronics Engineering,Accepted,0.8,0.8,0.580161,True,Moderate project-to-role alignment,0.713579,Moderate-to-high semantic alignment,0.3,0.2,0.15,0.15,0.2,0.0,0.2,0.12,0.087024,0.142716,0.54974,"Candidate R036 received 0.5497 for Electrical Engineer. The resume matches 0 of 5 required skills; it has 1.20 years of experience versus 1.00 years required (meets requirement). The degree is accepted and the course is accepted. Semantic similarity is 0.7136 (Moderate-to-high semantic alignment); project similarity is 0.5802. The largest weighted contributions come from experience, semantic similarity."
R037,JOB009,DevOps Engineer,DevOps Engineer,Karan Mehta,[],"[""AWS"", ""Automation"", ""Shell Scripting"", ""Cloud Computing""]",[],4,0,0.0,4.0,2.0,2.0,Meets requirement,1.0,B.E.,Accepted,0.8,Not provided,Not provided,0.0,0.4,0.0,False,"Project evidence was unavailable, so this component was excluded from the final-score denominator.",0.61086,Moderate-to-high semantic alignment,0.352941,0.235294,0.176471,0.0,0.235294,0.0,0.235294,0.070588,0.0,0.143732,0.449614,"Candidate R037 received 0.4496 for DevOps Engineer. The resume matches 0 of 4 required skills; it has 4.00 years of experience versus 2.00 years required (meets requirement). The degree is accepted and the course is not provided. Semantic similarity is 0.6109 (Moderate-to-high semantic alignment); project similarity is 0.0000. The largest weighted contributions come from experience, semantic similarity."
R038,JOB018,Cyber Security Engineer,Network Security Engineer,Aditya Verma,[],"[""CISCO"", ""Linux"", ""Python"", ""Networking""]",[],4,0,0.0,8.0,2.0,6.0,Meets requirement,1.0,Not provided,Not provided,0.0,Not provided,Not provided,0.0,0.0,0.0,False,"Project evidence was unavailable, so this component was excluded from the final-score denominator.",0.724669,Moderate-to-high semantic alignment,0.352941,0.235294,0.176471,0.0,0.235294,0.0,0.235294,0.0,0.0,0.17051,0.405805,"Candidate R038 received 0.4058 for Cyber Security Engineer. The resume matches 0 of 4 required skills; it has 8.00 years of experience versus 2.00 years required (meets requirement). The degree is not provided and the course is not provided. Semantic similarity is 0.7247 (Moderate-to-high semantic alignment); project similarity is 0.0000. The largest weighted contributions come from experience, semantic similarity."
R039,JOB014,Hadoop Developer,Hadoop,Priya Nair,[],"[""Hadoop"", ""Hive"", ""Spark"", ""Java"", ""SQL""]",[],5,0,0.0,6.0,2.0,4.0,Meets requirement,1.0,B.E.,Accepted,0.8,Electronics & Communication,Not accepted,0.0,0.4,0.0,False,"Project evidence was unavailable, so this component was excluded from the final-score denominator.",0.757223,High semantic alignment,0.352941,0.235294,0.176471,0.0,0.235294,0.0,0.235294,0.070588,0.0,0.17817,0.484053,"Candidate R039 received 0.4841 for Hadoop Developer. The resume matches 0 of 5 required skills; it has 6.00 years of experience versus 2.00 years required (meets requirement). The degree is accepted and the course is not accepted. Semantic similarity is 0.7572 (High semantic alignment); project similarity is 0.0000. The largest weighted contributions come from experience, semantic similarity."
R040,JOB016,Java Developer,Java Developer,Neha Kapoor,[],"[""Java"", ""SQL"", ""Spring"", ""Hibernate"", ""J2EE""]",[],5,0,0.0,4.2,1.0,3.2,Meets requirement,1.0,MCA,Accepted,0.8,Computer Science,Accepted,0.8,0.8,0.0,False,"Project evidence was unavailable, so this component was excluded from the final-score denominator.",0.82275,High semantic alignment,0.352941,0.235294,0.176471,0.0,0.235294,0.0,0.235294,0.141176,0.0,0.193588,0.570059,"Candidate R040 received 0.5701 for Java Developer. The resume matches 0 of 5 required skills; it has 4.20 years of experience versus 1.00 years required (meets requirement). The degree is accepted and the course is accepted. Semantic similarity is 0.8227 (High semantic alignment); project similarity is 0.0000. The largest weighted contributions come from experience, semantic similarity."
R041,JOB016,Java Developer,Java Developer,Karan Mehta,[],"[""Java"", ""SQL"", ""Spring"", ""Hibernate"", ""J2EE""]",[],5,0,0.0,5.0,1.0,4.0,Meets requirement,1.0,M.E.,Not accepted,0.0,Information Technology,Accepted,0.8,0.4,0.597278,True,Moderate project-to-role alignment,0.751822,High semantic alignment,0.3,0.2,0.15,0.15,0.2,0.0,0.2,0.06,0.089592,0.150364,0.499956,"Candidate R041 received 0.5000 for Java Developer. The resume matches 0 of 5 required skills; it has 5.00 years of experience versus 1.00 years required (meets requirement). The degree is not accepted and the course is accepted. Semantic similarity is 0.7518 (High semantic alignment); project similarity is 0.5973. The largest weighted contributions come from experience, semantic similarity."
R042,JOB024,Software Tester,Testing,Arjun Sharma,[],"[""Software Testing"", ""Manual Testing"", ""Test Cases"", ""SQL"", ""Selenium""]",[],5,0,0.0,5.0,1.0,4.0,Meets requirement,1.0,B.E.,Accepted,0.8,Not provided,Not provided,0.0,0.4,0.0,False,"Project evidence was unavailable, so this component was excluded from the final-score denominator.",0.692576,Moderate-to-high semantic alignment,0.352941,0.235294,0.176471,0.0,0.235294,0.0,0.235294,0.070588,0.0,0.162959,0.468841,"Candidate R042 received 0.4688 for Software Tester. The resume matches 0 of 5 required skills; it has 5.00 years of experience versus 1.00 years required (meets requirement). The degree is accepted and the course is not provided. Semantic similarity is 0.6926 (Moderate-to-high semantic alignment); project similarity is 0.0000. The largest weighted contributions come from experience, semantic similarity."
R043,JOB025,Web Designer,Web Designing,Aditya Verma,"[""Bootstrap""]","[""HTML"", ""CSS"", ""JavaScript"", ""Web Design""]","[{""required_skill"": ""Bootstrap"", ""resume_skill"": ""BOOTSTRAP""}]",5,1,0.2,2.0,1.0,1.0,Meets requirement,1.0,B.E.,Accepted,0.8,Information Technology,Accepted,0.8,0.8,0.0,False,"Project evidence was unavailable, so this component was excluded from the final-score denominator.",0.769773,High semantic alignment,0.352941,0.235294,0.176471,0.0,0.235294,0.070588,0.235294,0.141176,0.0,0.181123,0.628182,"Candidate R043 received 0.6282 for Web Designer. The resume matches 1 of 5 required skills; it has 2.00 years of experience versus 1.00 years required (meets requirement). The degree is accepted and the course is accepted. Semantic similarity is 0.7698 (High semantic alignment); project similarity is 0.0000. The largest weighted contributions come from experience, semantic similarity."
R044,JOB002,Arts / Creative Professional,Arts,Aditya Verma,[],"[""Drawing"", ""Creative Design"", ""Visual Communication"", ""Adobe Photoshop"", ""Illustration""]",[],5,0,0.0,0.8,1.0,-0.2,Below requirement,0.8,Not provided,Not provided,0.0,Not provided,Not provided,0.0,0.0,0.0,False,"Project evidence was unavailable, so this component was excluded from the final-score denominator.",0.652933,Moderate-to-high semantic alignment,0.352941,0.235294,0.176471,0.0,0.235294,0.0,0.188235,0.0,0.0,0.153631,0.341867,"Candidate R044 received 0.3419 for Arts / Creative Professional. The resume matches 0 of 5 required skills; it has 0.80 years of experience versus 1.00 years required (below requirement). The degree is not provided and the course is not provided. Semantic similarity is 0.6529 (Moderate-to-high semantic alignment); project similarity is 0.0000. The largest weighted contributions come from experience, semantic similarity."
R045,JOB021,Python Developer,Python Developer,Rohan Gupta,[],"[""Python"", ""SQL"", ""Django"", ""Flask"", ""REST API""]",[],5,0,0.0,2.0,1.0,1.0,Meets requirement,1.0,M.E.,Not accepted,0.0,Computer Engineering,Not accepted,0.0,0.0,0.0,False,"Project evidence was unavailable, so this component was excluded from the final-score denominator.",0.768619,High semantic alignment,0.352941,0.235294,0.176471,0.0,0.235294,0.0,0.235294,0.0,0.0,0.180852,0.416146,"Candidate R045 received 0.4161 for Python Developer. The resume matches 0 of 5 required skills; it has 2.00 years of experience versus 1.00 years required (meets requirement). The degree is not accepted and the course is not accepted. Semantic similarity is 0.7686 (High semantic alignment); project similarity is 0.0000. The largest weighted contributions come from experience, semantic similarity."
R046,JOB024,Software Tester,Testing,Aditya Verma,[],"[""Software Testing"", ""Manual Testing"", ""Test Cases"", ""SQL"", ""Selenium""]",[],5,0,0.0,5.0,1.0,4.0,Meets requirement,1.0,B.E.,Accepted,0.8,Not provided,Not provided,0.0,0.4,0.0,False,"Project evidence was unavailable, so this component was excluded from the final-score denominator.",0.690787,Moderate-to-high semantic alignment,0.352941,0.235294,0.176471,0.0,0.235294,0.0,0.235294,0.070588,0.0,0.162538,0.468421,"Candidate R046 received 0.4684 for Software Tester. The resume matches 0 of 5 required skills; it has 5.00 years of experience versus 1.00 years required (meets requirement). The degree is accepted and the course is not provided. Semantic similarity is 0.6908 (Moderate-to-high semantic alignment); project similarity is 0.0000. The largest weighted contributions come from experience, semantic similarity."
R047,JOB002,Arts / Creative Professional,Arts,Ishita Chopra,[],"[""Drawing"", ""Creative Design"", ""Visual Communication"", ""Adobe Photoshop"", ""Illustration""]",[],5,0,0.0,8.0,1.0,7.0,Meets requirement,1.0,Diploma,Accepted,0.8,Fine Arts / Painting,Accepted,0.8,0.8,0.0,False,"Project evidence was unavailable, so this component was excluded from the final-score denominator.",0.754476,High semantic alignment,0.352941,0.235294,0.176471,0.0,0.235294,0.0,0.235294,0.141176,0.0,0.177524,0.553994,"Candidate R047 received 0.5540 for Arts / Creative Professional. The resume matches 0 of 5 required skills; it has 8.00 years of experience versus 1.00 years required (meets requirement). The degree is accepted and the course is accepted. Semantic similarity is 0.7545 (High semantic alignment); project similarity is 0.0000. The largest weighted contributions come from experience, semantic similarity."
R048,JOB001,Legal Professional / Advocate,Advocate,Arjun Sharma,[],"[""Legal Research"", ""Legal Writing"", ""Contract Law"", ""Litigation"", ""Documentation""]",[],5,0,0.0,4.2,1.0,3.2,Meets requirement,1.0,LLB,Not accepted,0.0,Commerce and Law,Accepted,0.8,0.4,0.0,False,"Project evidence was unavailable, so this component was excluded from the final-score denominator.",0.670542,Moderate-to-high semantic alignment,0.352941,0.235294,0.176471,0.0,0.235294,0.0,0.235294,0.070588,0.0,0.157775,0.463657,"Candidate R048 received 0.4637 for Legal Professional / Advocate. The resume matches 0 of 5 required skills; it has 4.20 years of experience versus 1.00 years required (meets requirement). The degree is not accepted and the course is accepted. Semantic similarity is 0.6705 (Moderate-to-high semantic alignment); project similarity is 0.0000. The largest weighted contributions come from experience, semantic similarity."
R049,JOB018,Cyber Security Engineer,Network Security Engineer,Vikram Reddy,[],"[""CISCO"", ""Linux"", ""Python"", ""Networking""]",[],4,0,0.0,8.0,2.0,6.0,Meets requirement,1.0,Not provided,Not provided,0.0,Not provided,Not provided,0.0,0.0,0.0,False,"Project evidence was unavailable, so this component was excluded from the final-score denominator.",0.740189,Moderate-to-high semantic alignment,0.352941,0.235294,0.176471,0.0,0.235294,0.0,0.235294,0.0,0.0,0.174162,0.409456,"Candidate R049 received 0.4095 for Cyber Security Engineer. The resume matches 0 of 4 required skills; it has 8.00 years of experience versus 2.00 years required (meets requirement). The degree is not provided and the course is not provided. Semantic similarity is 0.7402 (Moderate-to-high semantic alignment); project similarity is 0.0000. The largest weighted contributions come from experience, semantic similarity."
R050,JOB005,Business Analyst,Business Analyst,Ananya Iyer,"[""Documentation""]","[""SQL"", ""Excel"", ""Operations""]","[{""required_skill"": ""Documentation"", ""resume_skill"": ""DOCUMENTATION""}]",4,1,0.25,4.0,2.0,2.0,Meets requirement,1.0,Diploma,Not accepted,0.0,Computer Engineering,Not accepted,0.0,0.0,0.0,False,"Project evidence was unavailable, so this component was excluded from the final-score denominator.",0.694749,Moderate-to-high semantic alignment,0.352941,0.235294,0.176471,0.0,0.235294,0.088235,0.235294,0.0,0.0,0.16347,0.487,"Candidate R050 received 0.4870 for Business Analyst. The resume matches 1 of 4 required skills; it has 4.00 years of experience versus 2.00 years required (meets requirement). The degree is not accepted and the course is not accepted. Semantic similarity is 0.6947 (Moderate-to-high semantic alignment); project similarity is 0.0000. The largest weighted contributions come from experience, semantic similarity."
R051,JOB019,Operations Manager,Operations Manager,Priya Nair,[],"[""Operations"", ""Documentation"", ""Excel""]",[],3,0,0.0,17.0,4.0,13.0,Meets requirement,1.0,B.E.,Accepted,0.8,Electronics,Not accepted,0.0,0.4,0.0,False,"Project evidence was unavailable, so this component was excluded from the final-score denominator.",0.675238,Moderate-to-high semantic alignment,0.352941,0.235294,0.176471,0.0,0.235294,0.0,0.235294,0.070588,0.0,0.15888,0.464762,"Candidate R051 received 0.4648 for Operations Manager. The resume matches 0 of 3 required skills; it has 17.00 years of experience versus 4.00 years required (meets requirement). The degree is accepted and the course is not accepted. Semantic similarity is 0.6752 (Moderate-to-high semantic alignment); project similarity is 0.0000. The largest weighted contributions come from experience, semantic similarity."
R052,JOB011,ETL Developer,ETL Developer,Aditya Verma,"[""Informatica""]","[""ETL"", ""SQL"", ""Databases""]","[{""required_skill"": ""Informatica"", ""resume_skill"": ""informatica""}]",4,1,0.25,3.0,2.0,1.0,Meets requirement,1.0,B.E.,Accepted,0.8,Electronics and Telecommunication,Not accepted,0.0,0.4,0.0,False,"Project evidence was unavailable, so this component was excluded from the final-score denominator.",0.783566,High semantic alignment,0.352941,0.235294,0.176471,0.0,0.235294,0.088235,0.235294,0.070588,0.0,0.184368,0.578486,"Candidate R052 received 0.5785 for ETL Developer. The resume matches 1 of 4 required skills; it has 3.00 years of experience versus 2.00 years required (meets requirement). The degree is accepted and the course is not accepted. Semantic similarity is 0.7836 (High semantic alignment); project similarity is 0.0000. The largest weighted contributions come from experience, semantic similarity."
R053,JOB007,Data Scientist,Data Science,Divya Rao,[],"[""Python"", ""SQL"", ""Machine Learning""]",[],3,0,0.0,3.0,2.0,1.0,Meets requirement,1.0,B.Tech,Preferred,1.0,Electrical and Electronics Engineering,Not accepted,0.0,0.5,0.0,False,"Project evidence was unavailable, so this component was excluded from the final-score denominator.",0.766156,High semantic alignment,0.352941,0.235294,0.176471,0.0,0.235294,0.0,0.235294,0.088235,0.0,0.180272,0.503801,"Candidate R053 received 0.5038 for Data Scientist. The resume matches 0 of 3 required skills; it has 3.00 years of experience versus 2.00 years required (meets requirement). The degree is preferred and the course is not accepted. Semantic similarity is 0.7662 (High semantic alignment); project similarity is 0.0000. The largest weighted contributions come from experience, semantic similarity."
R054,JOB021,Python Developer,Python Developer,Vikram Reddy,[],"[""Python"", ""SQL"", ""Django"", ""Flask"", ""REST API""]",[],5,0,0.0,8.0,1.0,7.0,Meets requirement,1.0,Not provided,Not provided,0.0,Not provided,Not provided,0.0,0.0,0.0,False,"Project evidence was unavailable, so this component was excluded from the final-score denominator.",0.800982,High semantic alignment,0.352941,0.235294,0.176471,0.0,0.235294,0.0,0.235294,0.0,0.0,0.188466,0.42376,"Candidate R054 received 0.4238 for Python Developer. The resume matches 0 of 5 required skills; it has 8.00 years of experience versus 1.00 years required (meets requirement). The degree is not provided and the course is not provided. Semantic similarity is 0.8010 (High semantic alignment); project similarity is 0.0000. The largest weighted contributions come from experience, semantic similarity."
R055,JOB019,Operations Manager,Operations Manager,Ananya Iyer,[],"[""Operations"", ""Documentation"", ""Excel""]",[],3,0,0.0,17.0,4.0,13.0,Meets requirement,1.0,BCA,Not accepted,0.0,Computer Applications,Not accepted,0.0,0.0,0.0,False,"Project evidence was unavailable, so this component was excluded from the final-score denominator.",0.672478,Moderate-to-high semantic alignment,0.352941,0.235294,0.176471,0.0,0.235294,0.0,0.235294,0.0,0.0,0.15823,0.393524,"Candidate R055 received 0.3935 for Operations Manager. The resume matches 0 of 3 required skills; it has 17.00 years of experience versus 4.00 years required (meets requirement). The degree is not accepted and the course is not accepted. Semantic similarity is 0.6725 (Moderate-to-high semantic alignment); project similarity is 0.0000. The largest weighted contributions come from experience, semantic similarity."
R056,JOB016,Java Developer,Java Developer,Vikram Reddy,[],"[""Java"", ""SQL"", ""Spring"", ""Hibernate"", ""J2EE""]",[],5,0,0.0,4.2,1.0,3.2,Meets requirement,1.0,B.E.,Accepted,0.8,Electronics & Communication,Not accepted,0.0,0.4,0.0,False,"Project evidence was unavailable, so this component was excluded from the final-score denominator.",0.770651,High semantic alignment,0.352941,0.235294,0.176471,0.0,0.235294,0.0,0.235294,0.070588,0.0,0.18133,0.487212,"Candidate R056 received 0.4872 for Java Developer. The resume matches 0 of 5 required skills; it has 4.20 years of experience versus 1.00 years required (meets requirement). The degree is accepted and the course is not accepted. Semantic similarity is 0.7707 (High semantic alignment); project similarity is 0.0000. The largest weighted contributions come from experience, semantic similarity."
R057,JOB018,Cyber Security Engineer,Network Security Engineer,Divya Rao,[],"[""CISCO"", ""Linux"", ""Python"", ""Networking""]",[],4,0,0.0,8.0,2.0,6.0,Meets requirement,1.0,Not provided,Not provided,0.0,Not provided,Not provided,0.0,0.0,0.0,False,"Project evidence was unavailable, so this component was excluded from the final-score denominator.",0.712202,Moderate-to-high semantic alignment,0.352941,0.235294,0.176471,0.0,0.235294,0.0,0.235294,0.0,0.0,0.167577,0.402871,"Candidate R057 received 0.4029 for Cyber Security Engineer. The resume matches 0 of 4 required skills; it has 8.00 years of experience versus 2.00 years required (meets requirement). The degree is not provided and the course is not provided. Semantic similarity is 0.7122 (Moderate-to-high semantic alignment); project similarity is 0.0000. The largest weighted contributions come from experience, semantic similarity."
R058,JOB003,Automation Test Engineer,Automation Testing,Priya Nair,[],"[""Automation Testing"", ""Selenium"", ""Java"", ""Python"", ""Test Automation""]",[],5,0,0.0,9.0,1.0,8.0,Meets requirement,1.0,B.Tech,Preferred,1.0,Information Technology,Accepted,0.8,0.9,0.0,False,"Project evidence was unavailable, so this component was excluded from the final-score denominator.",0.68983,Moderate-to-high semantic alignment,0.352941,0.235294,0.176471,0.0,0.235294,0.0,0.235294,0.158824,0.0,0.162313,0.556431,"Candidate R058 received 0.5564 for Automation Test Engineer. The resume matches 0 of 5 required skills; it has 9.00 years of experience versus 1.00 years required (meets requirement). The degree is preferred and the course is accepted. Semantic similarity is 0.6898 (Moderate-to-high semantic alignment); project similarity is 0.0000. The largest weighted contributions come from experience, semantic similarity."
R059,JOB011,ETL Developer,ETL Developer,Priya Nair,"[""ETL""]","[""Informatica"", ""SQL"", ""Databases""]","[{""required_skill"": ""ETL"", ""resume_skill"": ""ETL""}]",4,1,0.25,3.0,2.0,1.0,Meets requirement,1.0,Bachelor,Not accepted,0.0,Electronics and Telecommunication,Not accepted,0.0,0.0,0.0,False,"Project evidence was unavailable, so this component was excluded from the final-score denominator.",0.798147,High semantic alignment,0.352941,0.235294,0.176471,0.0,0.235294,0.088235,0.235294,0.0,0.0,0.187799,0.511329,"Candidate R059 received 0.5113 for ETL Developer. The resume matches 1 of 4 required skills; it has 3.00 years of experience versus 2.00 years required (meets requirement). The degree is not accepted and the course is not accepted. Semantic similarity is 0.7981 (High semantic alignment); project similarity is 0.0000. The largest weighted contributions come from experience, semantic similarity."
R060,JOB003,Automation Test Engineer,Automation Testing,Ishita Chopra,[],"[""Automation Testing"", ""Selenium"", ""Java"", ""Python"", ""Test Automation""]",[],5,0,0.0,2.0,1.0,1.0,Meets requirement,1.0,Not provided,Not provided,0.0,Not provided,Not provided,0.0,0.0,0.0,False,"Project evidence was unavailable, so this component was excluded from the final-score denominator.",0.794412,High semantic alignment,0.352941,0.235294,0.176471,0.0,0.235294,0.0,0.235294,0.0,0.0,0.18692,0.422215,"Candidate R060 received 0.4222 for Automation Test Engineer. The resume matches 0 of 5 required skills; it has 2.00 years of experience versus 1.00 years required (meets requirement). The degree is not provided and the course is not provided. Semantic similarity is 0.7944 (High semantic alignment); project similarity is 0.0000. The largest weighted contributions come from experience, semantic similarity."
R061,JOB011,ETL Developer,ETL Developer,Ishita Chopra,"[""ETL""]","[""Informatica"", ""SQL"", ""Databases""]","[{""required_skill"": ""ETL"", ""resume_skill"": ""ETL""}]",4,1,0.25,8.0,2.0,6.0,Meets requirement,1.0,BCA,Not accepted,0.0,Computer Applications,Accepted,0.8,0.4,0.0,False,"Project evidence was unavailable, so this component was excluded from the final-score denominator.",0.694791,Moderate-to-high semantic alignment,0.352941,0.235294,0.176471,0.0,0.235294,0.088235,0.235294,0.070588,0.0,0.16348,0.557598,"Candidate R061 received 0.5576 for ETL Developer. The resume matches 1 of 4 required skills; it has 8.00 years of experience versus 2.00 years required (meets requirement). The degree is not accepted and the course is accepted. Semantic similarity is 0.6948 (Moderate-to-high semantic alignment); project similarity is 0.0000. The largest weighted contributions come from experience, semantic similarity."
R062,JOB003,Automation Test Engineer,Automation Testing,Priya Nair,[],"[""Automation Testing"", ""Selenium"", ""Java"", ""Python"", ""Test Automation""]",[],5,0,0.0,9.1,1.0,8.1,Meets requirement,1.0,B.Sc,Not accepted,0.0,Computer Science,Accepted,0.8,0.4,0.0,False,"Project evidence was unavailable, so this component was excluded from the final-score denominator.",0.771229,High semantic alignment,0.352941,0.235294,0.176471,0.0,0.235294,0.0,0.235294,0.070588,0.0,0.181466,0.487348,"Candidate R062 received 0.4873 for Automation Test Engineer. The resume matches 0 of 5 required skills; it has 9.10 years of experience versus 1.00 years required (meets requirement). The degree is not accepted and the course is accepted. Semantic similarity is 0.7712 (High semantic alignment); project similarity is 0.0000. The largest weighted contributions come from experience, semantic similarity."
R063,JOB002,Arts / Creative Professional,Arts,Priya Nair,[],"[""Drawing"", ""Creative Design"", ""Visual Communication"", ""Adobe Photoshop"", ""Illustration""]",[],5,0,0.0,5.5,1.0,4.5,Meets requirement,1.0,MBA,Not accepted,0.0,Management,Not accepted,0.0,0.0,0.0,False,"Project evidence was unavailable, so this component was excluded from the final-score denominator.",0.659317,Moderate-to-high semantic alignment,0.352941,0.235294,0.176471,0.0,0.235294,0.0,0.235294,0.0,0.0,0.155133,0.390427,"Candidate R063 received 0.3904 for Arts / Creative Professional. The resume matches 0 of 5 required skills; it has 5.50 years of experience versus 1.00 years required (meets requirement). The degree is not accepted and the course is not accepted. Semantic similarity is 0.6593 (Moderate-to-high semantic alignment); project similarity is 0.0000. The largest weighted contributions come from experience, semantic similarity."
R064,JOB013,HR Analyst,HR,Priya Nair,"[""HR Management""]","[""Excel"", ""Documentation""]","[{""required_skill"": ""HR Management"", ""resume_skill"": ""Hr Management""}]",3,1,0.333333,4.0,1.0,3.0,Meets requirement,1.0,Diploma,Not accepted,0.0,Hospitality Management,Not accepted,0.0,0.0,0.0,False,"Project evidence was unavailable, so this component was excluded from the final-score denominator.",0.724265,Moderate-to-high semantic alignment,0.352941,0.235294,0.176471,0.0,0.235294,0.117647,0.235294,0.0,0.0,0.170415,0.523357,"Candidate R064 received 0.5234 for HR Analyst. The resume matches 1 of 3 required skills; it has 4.00 years of experience versus 1.00 years required (meets requirement). The degree is not accepted and the course is not accepted. Semantic similarity is 0.7243 (Moderate-to-high semantic alignment); project similarity is 0.0000. The largest weighted contributions come from experience, semantic similarity."
R065,JOB025,Web Designer,Web Designing,Vikram Reddy,"[""Web Design""]","[""HTML"", ""CSS"", ""JavaScript"", ""Bootstrap""]","[{""required_skill"": ""Web Design"", ""resume_skill"": ""Web design""}]",5,1,0.2,5.8,1.0,4.8,Meets requirement,1.0,B.Sc,Not accepted,0.0,Information Technology,Accepted,0.8,0.4,0.0,False,"Project evidence was unavailable, so this component was excluded from the final-score denominator.",0.722038,Moderate-to-high semantic alignment,0.352941,0.235294,0.176471,0.0,0.235294,0.070588,0.235294,0.070588,0.0,0.169891,0.546362,"Candidate R065 received 0.5464 for Web Designer. The resume matches 1 of 5 required skills; it has 5.80 years of experience versus 1.00 years required (meets requirement). The degree is not accepted and the course is accepted. Semantic similarity is 0.7220 (Moderate-to-high semantic alignment); project similarity is 0.0000. The largest weighted contributions come from experience, semantic similarity."
R066,JOB019,Operations Manager,Operations Manager,Aditya Verma,[],"[""Operations"", ""Documentation"", ""Excel""]",[],3,0,0.0,17.0,4.0,13.0,Meets requirement,1.0,B.E.,Accepted,0.8,Electronics,Not accepted,0.0,0.4,0.0,False,"Project evidence was unavailable, so this component was excluded from the final-score denominator.",0.669675,Moderate-to-high semantic alignment,0.352941,0.235294,0.176471,0.0,0.235294,0.0,0.235294,0.070588,0.0,0.157571,0.463453,"Candidate R066 received 0.4635 for Operations Manager. The resume matches 0 of 3 required skills; it has 17.00 years of experience versus 4.00 years required (meets requirement). The degree is accepted and the course is not accepted. Semantic similarity is 0.6697 (Moderate-to-high semantic alignment); project similarity is 0.0000. The largest weighted contributions come from experience, semantic similarity."
R067,JOB017,Mechanical Engineer,Mechanical Engineer,Ananya Iyer,[],"[""AutoCAD"", ""SolidWorks"", ""Mechanical Design"", ""Manufacturing"", ""CAD""]",[],5,0,0.0,10.0,1.0,9.0,Meets requirement,1.0,Diploma,Not accepted,0.0,Mechanical Engineering,Preferred,1.0,0.5,0.0,False,"Project evidence was unavailable, so this component was excluded from the final-score denominator.",0.777571,High semantic alignment,0.352941,0.235294,0.176471,0.0,0.235294,0.0,0.235294,0.088235,0.0,0.182958,0.506487,"Candidate R067 received 0.5065 for Mechanical Engineer. The resume matches 0 of 5 required skills; it has 10.00 years of experience versus 1.00 years required (meets requirement). The degree is not accepted and the course is preferred. Semantic similarity is 0.7776 (High semantic alignment); project similarity is 0.0000. The largest weighted contributions come from experience, semantic similarity."
R068,JOB004,Blockchain Developer,Blockchain,Ananya Iyer,[],"[""Blockchain"", ""Solidity"", ""Ethereum"", ""Smart Contracts"", ""JavaScript""]",[],5,0,0.0,4.0,1.0,3.0,Meets requirement,1.0,B.E.,Accepted,0.8,Computer Engineering,Not accepted,0.0,0.4,0.54006,True,Moderate project-to-role alignment,0.63083,Moderate-to-high semantic alignment,0.3,0.2,0.15,0.15,0.2,0.0,0.2,0.06,0.081009,0.126166,0.467175,"Candidate R068 received 0.4672 for Blockchain Developer. The resume matches 0 of 5 required skills; it has 4.00 years of experience versus 1.00 years required (meets requirement). The degree is accepted and the course is not accepted. Semantic similarity is 0.6308 (Moderate-to-high semantic alignment); project similarity is 0.5401. The largest weighted contributions come from experience, semantic similarity."
R069,JOB022,SAP Developer,SAP Developer,Karan Mehta,[],"[""SAP"", ""SAP HANA"", ""SAP BO"", ""SQL"", ""Business Intelligence""]",[],5,0,0.0,9.0,2.0,7.0,Meets requirement,1.0,B.E.,Accepted,0.8,Computer Engineering,Not accepted,0.0,0.4,0.0,False,"Project evidence was unavailable, so this component was excluded from the final-score denominator.",0.865915,High semantic alignment,0.352941,0.235294,0.176471,0.0,0.235294,0.0,0.235294,0.070588,0.0,0.203745,0.509627,"Candidate R069 received 0.5096 for SAP Developer. The resume matches 0 of 5 required skills; it has 9.00 years of experience versus 2.00 years required (meets requirement). The degree is accepted and the course is not accepted. Semantic similarity is 0.8659 (High semantic alignment); project similarity is 0.0000. The largest weighted contributions come from experience, semantic similarity."
R070,JOB018,Cyber Security Engineer,Network Security Engineer,Karan Mehta,[],"[""CISCO"", ""Linux"", ""Python"", ""Networking""]",[],4,0,0.0,8.1,2.0,6.1,Meets requirement,1.0,B.E.,Accepted,0.8,Information Technology,Accepted,0.8,0.8,0.0,False,"Project evidence was unavailable, so this component was excluded from the final-score denominator.",0.717448,Moderate-to-high semantic alignment,0.352941,0.235294,0.176471,0.0,0.235294,0.0,0.235294,0.141176,0.0,0.168811,0.545282,"Candidate R070 received 0.5453 for Cyber Security Engineer. The resume matches 0 of 4 required skills; it has 8.10 years of experience versus 2.00 years required (meets requirement). The degree is accepted and the course is accepted. Semantic similarity is 0.7174 (Moderate-to-high semantic alignment); project similarity is 0.0000. The largest weighted contributions come from experience, semantic similarity."
R071,JOB023,Sales Executive,Sales,Priya Nair,[],"[""Sales"", ""Communication"", ""Customer Relationship Management"", ""Negotiation"", ""Lead Generation""]",[],5,0,0.0,3.0,1.0,2.0,Meets requirement,1.0,Not provided,Not provided,0.0,Not provided,Not provided,0.0,0.0,0.0,False,"Project evidence was unavailable, so this component was excluded from the final-score denominator.",0.785129,High semantic alignment,0.352941,0.235294,0.176471,0.0,0.235294,0.0,0.235294,0.0,0.0,0.184736,0.42003,"Candidate R071 received 0.4200 for Sales Executive. The resume matches 0 of 5 required skills; it has 3.00 years of experience versus 1.00 years required (meets requirement). The degree is not provided and the course is not provided. Semantic similarity is 0.7851 (High semantic alignment); project similarity is 0.0000. The largest weighted contributions come from experience, semantic similarity."
R072,JOB021,Python Developer,Python Developer,Neha Kapoor,[],"[""Python"", ""SQL"", ""Django"", ""Flask"", ""REST API""]",[],5,0,0.0,8.0,1.0,7.0,Meets requirement,1.0,B.E.,Accepted,0.8,Computer Science,Accepted,0.8,0.8,0.0,False,"Project evidence was unavailable, so this component was excluded from the final-score denominator.",0.78077,High semantic alignment,0.352941,0.235294,0.176471,0.0,0.235294,0.0,0.235294,0.141176,0.0,0.183711,0.560181,"Candidate R072 received 0.5602 for Python Developer. The resume matches 0 of 5 required skills; it has 8.00 years of experience versus 1.00 years required (meets requirement). The degree is accepted and the course is accepted. Semantic similarity is 0.7808 (High semantic alignment); project similarity is 0.0000. The largest weighted contributions come from experience, semantic similarity."
R073,JOB014,Hadoop Developer,Hadoop,Ananya Iyer,[],"[""Hadoop"", ""Hive"", ""Spark"", ""Java"", ""SQL""]",[],5,0,0.0,4.1,2.0,2.1,Meets requirement,1.0,Not provided,Not provided,0.0,Not provided,Not provided,0.0,0.0,0.0,False,"Project evidence was unavailable, so this component was excluded from the final-score denominator.",0.821367,High semantic alignment,0.352941,0.235294,0.176471,0.0,0.235294,0.0,0.235294,0.0,0.0,0.193263,0.428557,"Candidate R073 received 0.4286 for Hadoop Developer. The resume matches 0 of 5 required skills; it has 4.10 years of experience versus 2.00 years required (meets requirement). The degree is not provided and the course is not provided. Semantic similarity is 0.8214 (High semantic alignment); project similarity is 0.0000. The largest weighted contributions come from experience, semantic similarity."
R074,JOB017,Mechanical Engineer,Mechanical Engineer,Rohan Gupta,[],"[""AutoCAD"", ""SolidWorks"", ""Mechanical Design"", ""Manufacturing"", ""CAD""]",[],5,0,0.0,0.8,1.0,-0.2,Below requirement,0.8,B.E.,Accepted,0.8,Mechanical Engineering,Preferred,1.0,0.9,0.0,False,"Project evidence was unavailable, so this component was excluded from the final-score denominator.",0.754912,High semantic alignment,0.352941,0.235294,0.176471,0.0,0.235294,0.0,0.188235,0.158824,0.0,0.177626,0.524685,"Candidate R074 received 0.5247 for Mechanical Engineer. The resume matches 0 of 5 required skills; it has 0.80 years of experience versus 1.00 years required (below requirement). The degree is accepted and the course is preferred. Semantic similarity is 0.7549 (High semantic alignment); project similarity is 0.0000. The largest weighted contributions come from experience, semantic similarity."
R075,JOB019,Operations Manager,Operations Manager,Vikram Reddy,[],"[""Operations"", ""Documentation"", ""Excel""]",[],3,0,0.0,17.0,4.0,13.0,Meets requirement,1.0,Not provided,Not provided,0.0,Not provided,Not provided,0.0,0.0,0.0,False,"Project evidence was unavailable, so this component was excluded from the final-score denominator.",0.70863,Moderate-to-high semantic alignment,0.352941,0.235294,0.176471,0.0,0.235294,0.0,0.235294,0.0,0.0,0.166736,0.402031,"Candidate R075 received 0.4020 for Operations Manager. The resume matches 0 of 3 required skills; it has 17.00 years of experience versus 4.00 years required (meets requirement). The degree is not provided and the course is not provided. Semantic similarity is 0.7086 (Moderate-to-high semantic alignment); project similarity is 0.0000. The largest weighted contributions come from experience, semantic similarity."
R076,JOB019,Operations Manager,Operations Manager,Priya Nair,[],"[""Operations"", ""Documentation"", ""Excel""]",[],3,0,0.0,17.0,4.0,13.0,Meets requirement,1.0,BCA,Not accepted,0.0,Computer Applications,Not accepted,0.0,0.0,0.0,False,"Project evidence was unavailable, so this component was excluded from the final-score denominator.",0.656143,Moderate-to-high semantic alignment,0.352941,0.235294,0.176471,0.0,0.235294,0.0,0.235294,0.0,0.0,0.154387,0.389681,"Candidate R076 received 0.3897 for Operations Manager. The resume matches 0 of 3 required skills; it has 17.00 years of experience versus 4.00 years required (meets requirement). The degree is not accepted and the course is not accepted. Semantic similarity is 0.6561 (Moderate-to-high semantic alignment); project similarity is 0.0000. The largest weighted contributions come from experience, semantic similarity."
R077,JOB002,Arts / Creative Professional,Arts,Arjun Sharma,[],"[""Drawing"", ""Creative Design"", ""Visual Communication"", ""Adobe Photoshop"", ""Illustration""]",[],5,0,0.0,10.0,1.0,9.0,Meets requirement,1.0,B.A,Accepted,0.8,Sociology,Not accepted,0.0,0.4,0.0,False,"Project evidence was unavailable, so this component was excluded from the final-score denominator.",0.725431,Moderate-to-high semantic alignment,0.352941,0.235294,0.176471,0.0,0.235294,0.0,0.235294,0.070588,0.0,0.17069,0.476572,"Candidate R077 received 0.4766 for Arts / Creative Professional. The resume matches 0 of 5 required skills; it has 10.00 years of experience versus 1.00 years required (meets requirement). The degree is accepted and the course is not accepted. Semantic similarity is 0.7254 (Moderate-to-high semantic alignment); project similarity is 0.0000. The largest weighted contributions come from experience, semantic similarity."
R078,JOB018,Cyber Security Engineer,Network Security Engineer,Priya Nair,[],"[""CISCO"", ""Linux"", ""Python"", ""Networking""]",[],4,0,0.0,8.1,2.0,6.1,Meets requirement,1.0,B.E.,Accepted,0.8,Information Technology,Accepted,0.8,0.8,0.0,False,"Project evidence was unavailable, so this component was excluded from the final-score denominator.",0.700721,Moderate-to-high semantic alignment,0.352941,0.235294,0.176471,0.0,0.235294,0.0,0.235294,0.141176,0.0,0.164876,0.541346,"Candidate R078 received 0.5413 for Cyber Security Engineer. The resume matches 0 of 4 required skills; it has 8.10 years of experience versus 2.00 years required (meets requirement). The degree is accepted and the course is accepted. Semantic similarity is 0.7007 (Moderate-to-high semantic alignment); project similarity is 0.0000. The largest weighted contributions come from experience, semantic similarity."
R079,JOB003,Automation Test Engineer,Automation Testing,Karan Mehta,[],"[""Automation Testing"", ""Selenium"", ""Java"", ""Python"", ""Test Automation""]",[],5,0,0.0,9.1,1.0,8.1,Meets requirement,1.0,B.Sc,Not accepted,0.0,Computer Science,Accepted,0.8,0.4,0.0,False,"Project evidence was unavailable, so this component was excluded from the final-score denominator.",0.76793,High semantic alignment,0.352941,0.235294,0.176471,0.0,0.235294,0.0,0.235294,0.070588,0.0,0.180689,0.486572,"Candidate R079 received 0.4866 for Automation Test Engineer. The resume matches 0 of 5 required skills; it has 9.10 years of experience versus 1.00 years required (meets requirement). The degree is not accepted and the course is accepted. Semantic similarity is 0.7679 (High semantic alignment); project similarity is 0.0000. The largest weighted contributions come from experience, semantic similarity."
R080,JOB012,Electrical Engineer,Electrical Engineering,Ananya Iyer,[],"[""Electrical Engineering"", ""MATLAB"", ""AutoCAD"", ""Circuit Design"", ""Power Systems""]",[],5,0,0.0,1.2,1.0,0.2,Meets requirement,1.0,B.E.,Accepted,0.8,Electrical Engineering,Preferred,1.0,0.9,0.0,False,"Project evidence was unavailable, so this component was excluded from the final-score denominator.",0.684245,Moderate-to-high semantic alignment,0.352941,0.235294,0.176471,0.0,0.235294,0.0,0.235294,0.158824,0.0,0.160999,0.555116,"Candidate R080 received 0.5551 for Electrical Engineer. The resume matches 0 of 5 required skills; it has 1.20 years of experience versus 1.00 years required (meets requirement). The degree is accepted and the course is preferred. Semantic similarity is 0.6842 (Moderate-to-high semantic alignment); project similarity is 0.0000. The largest weighted contributions come from experience, semantic similarity."
R081,JOB007,Data Scientist,Data Science,Rohan Gupta,[],"[""Python"", ""SQL"", ""Machine Learning""]",[],3,0,0.0,3.0,2.0,1.0,Meets requirement,1.0,B.Tech,Preferred,1.0,Data Science,Preferred,1.0,1.0,0.0,False,"Project evidence was unavailable, so this component was excluded from the final-score denominator.",0.757323,High semantic alignment,0.352941,0.235294,0.176471,0.0,0.235294,0.0,0.235294,0.176471,0.0,0.178194,0.589958,"Candidate R081 received 0.5900 for Data Scientist. The resume matches 0 of 3 required skills; it has 3.00 years of experience versus 2.00 years required (meets requirement). The degree is preferred and the course is preferred. Semantic similarity is 0.7573 (High semantic alignment); project similarity is 0.0000. The largest weighted contributions come from experience, semantic similarity."
R082,JOB016,Java Developer,Java Developer,Karan Mehta,[],"[""Java"", ""SQL"", ""Spring"", ""Hibernate"", ""J2EE""]",[],5,0,0.0,4.2,1.0,3.2,Meets requirement,1.0,B.E.,Accepted,0.8,Electronics & Communication,Not accepted,0.0,0.4,0.0,False,"Project evidence was unavailable, so this component was excluded from the final-score denominator.",0.761785,High semantic alignment,0.352941,0.235294,0.176471,0.0,0.235294,0.0,0.235294,0.070588,0.0,0.179244,0.485126,"Candidate R082 received 0.4851 for Java Developer. The resume matches 0 of 5 required skills; it has 4.20 years of experience versus 1.00 years required (meets requirement). The degree is accepted and the course is not accepted. Semantic similarity is 0.7618 (High semantic alignment); project similarity is 0.0000. The largest weighted contributions come from experience, semantic similarity."
R083,JOB017,Mechanical Engineer,Mechanical Engineer,Vikram Reddy,[],"[""AutoCAD"", ""SolidWorks"", ""Mechanical Design"", ""Manufacturing"", ""CAD""]",[],5,0,0.0,1.0,1.0,0.0,Meets requirement,1.0,B.E.,Accepted,0.8,Mechanical Engineering,Preferred,1.0,0.9,0.0,False,"Project evidence was unavailable, so this component was excluded from the final-score denominator.",0.703787,Moderate-to-high semantic alignment,0.352941,0.235294,0.176471,0.0,0.235294,0.0,0.235294,0.158824,0.0,0.165597,0.559715,"Candidate R083 received 0.5597 for Mechanical Engineer. The resume matches 0 of 5 required skills; it has 1.00 years of experience versus 1.00 years required (meets requirement). The degree is accepted and the course is preferred. Semantic similarity is 0.7038 (Moderate-to-high semantic alignment); project similarity is 0.0000. The largest weighted contributions come from experience, semantic similarity."
R084,JOB004,Blockchain Developer,Blockchain,Rohan Gupta,[],"[""Blockchain"", ""Solidity"", ""Ethereum"", ""Smart Contracts"", ""JavaScript""]",[],5,0,0.0,4.0,1.0,3.0,Meets requirement,1.0,M.Tech,Accepted,0.8,Computer Engineering,Not accepted,0.0,0.4,0.0,False,"Project evidence was unavailable, so this component was excluded from the final-score denominator.",0.744803,Moderate-to-high semantic alignment,0.352941,0.235294,0.176471,0.0,0.235294,0.0,0.235294,0.070588,0.0,0.175248,0.48113,"Candidate R084 received 0.4811 for Blockchain Developer. The resume matches 0 of 5 required skills; it has 4.00 years of experience versus 1.00 years required (meets requirement). The degree is accepted and the course is not accepted. Semantic similarity is 0.7448 (Moderate-to-high semantic alignment); project similarity is 0.0000. The largest weighted contributions come from experience, semantic similarity."
R085,JOB004,Blockchain Developer,Blockchain,Ananya Iyer,[],"[""Blockchain"", ""Solidity"", ""Ethereum"", ""Smart Contracts"", ""JavaScript""]",[],5,0,0.0,4.0,1.0,3.0,Meets requirement,1.0,B.E.,Accepted,0.8,Computer Engineering,Not accepted,0.0,0.4,0.54006,True,Moderate project-to-role alignment,0.626398,Moderate-to-high semantic alignment,0.3,0.2,0.15,0.15,0.2,0.0,0.2,0.06,0.081009,0.12528,0.466289,"Candidate R085 received 0.4663 for Blockchain Developer. The resume matches 0 of 5 required skills; it has 4.00 years of experience versus 1.00 years required (meets requirement). The degree is accepted and the course is not accepted. Semantic similarity is 0.6264 (Moderate-to-high semantic alignment); project similarity is 0.5401. The largest weighted contributions come from experience, semantic similarity."
R086,JOB005,Business Analyst,Business Analyst,Neha Kapoor,"[""Excel""]","[""Documentation"", ""SQL"", ""Operations""]","[{""required_skill"": ""Excel"", ""resume_skill"": ""EXCEL""}]",4,1,0.25,4.0,2.0,2.0,Meets requirement,1.0,B.Sc,Not accepted,0.0,Management,Not accepted,0.0,0.0,0.0,False,"Project evidence was unavailable, so this component was excluded from the final-score denominator.",0.718243,Moderate-to-high semantic alignment,0.352941,0.235294,0.176471,0.0,0.235294,0.088235,0.235294,0.0,0.0,0.168998,0.492528,"Candidate R086 received 0.4925 for Business Analyst. The resume matches 1 of 4 required skills; it has 4.00 years of experience versus 2.00 years required (meets requirement). The degree is not accepted and the course is not accepted. Semantic similarity is 0.7182 (Moderate-to-high semantic alignment); project similarity is 0.0000. The largest weighted contributions come from experience, semantic similarity."
R087,JOB014,Hadoop Developer,Hadoop,Ishita Chopra,"[""Hive"", ""SQL""]","[""Hadoop"", ""Spark"", ""Java""]","[{""required_skill"": ""Hive"", ""resume_skill"": ""Hive""}, {""required_skill"": ""SQL"", ""resume_skill"": ""SQL""}]",5,2,0.4,8.0,2.0,6.0,Meets requirement,1.0,Not provided,Not provided,0.0,Not provided,Not provided,0.0,0.0,0.0,False,"Project evidence was unavailable, so this component was excluded from the final-score denominator.",0.739492,Moderate-to-high semantic alignment,0.352941,0.235294,0.176471,0.0,0.235294,0.141176,0.235294,0.0,0.0,0.173998,0.550469,"Candidate R087 received 0.5505 for Hadoop Developer. The resume matches 2 of 5 required skills; it has 8.00 years of experience versus 2.00 years required (meets requirement). The degree is not provided and the course is not provided. Semantic similarity is 0.7395 (Moderate-to-high semantic alignment); project similarity is 0.0000. The largest weighted contributions come from experience, semantic similarity."
R088,JOB025,Web Designer,Web Designing,Arjun Sharma,[],"[""HTML"", ""CSS"", ""JavaScript"", ""Bootstrap"", ""Web Design""]",[],5,0,0.0,6.3,1.0,5.3,Meets requirement,1.0,B.E.,Accepted,0.8,Computer Science,Accepted,0.8,0.8,0.0,False,"Project evidence was unavailable, so this component was excluded from the final-score denominator.",0.648493,Moderate-to-high semantic alignment,0.352941,0.235294,0.176471,0.0,0.235294,0.0,0.235294,0.141176,0.0,0.152587,0.529057,"Candidate R088 received 0.5291 for Web Designer. The resume matches 0 of 5 required skills; it has 6.30 years of experience versus 1.00 years required (meets requirement). The degree is accepted and the course is accepted. Semantic similarity is 0.6485 (Moderate-to-high semantic alignment); project similarity is 0.0000. The largest weighted contributions come from experience, semantic similarity."
R089,JOB004,Blockchain Developer,Blockchain,Rohan Gupta,[],"[""Blockchain"", ""Solidity"", ""Ethereum"", ""Smart Contracts"", ""JavaScript""]",[],5,0,0.0,4.0,1.0,3.0,Meets requirement,1.0,B.E.,Accepted,0.8,Computer Engineering,Not accepted,0.0,0.4,0.54006,True,Moderate project-to-role alignment,0.638074,Moderate-to-high semantic alignment,0.3,0.2,0.15,0.15,0.2,0.0,0.2,0.06,0.081009,0.127615,0.468624,"Candidate R089 received 0.4686 for Blockchain Developer. The resume matches 0 of 5 required skills; it has 4.00 years of experience versus 1.00 years required (meets requirement). The degree is accepted and the course is not accepted. Semantic similarity is 0.6381 (Moderate-to-high semantic alignment); project similarity is 0.5401. The largest weighted contributions come from experience, semantic similarity."
R090,JOB015,Health and Fitness Professional,Health and fitness,Ananya Iyer,[],"[""Fitness Training"", ""Exercise"", ""Nutrition"", ""Health"", ""Wellness""]",[],5,0,0.0,11.0,1.0,10.0,Meets requirement,1.0,Diploma,Accepted,0.8,Hotel Management,Not accepted,0.0,0.4,0.0,False,"Project evidence was unavailable, so this component was excluded from the final-score denominator.",0.729087,Moderate-to-high semantic alignment,0.352941,0.235294,0.176471,0.0,0.235294,0.0,0.235294,0.070588,0.0,0.17155,0.477432,"Candidate R090 received 0.4774 for Health and Fitness Professional. The resume matches 0 of 5 required skills; it has 11.00 years of experience versus 1.00 years required (meets requirement). The degree is accepted and the course is not accepted. Semantic similarity is 0.7291 (Moderate-to-high semantic alignment); project similarity is 0.0000. The largest weighted contributions come from experience, semantic similarity."
R091,JOB001,Legal Professional / Advocate,Advocate,Ishita Chopra,[],"[""Legal Research"", ""Legal Writing"", ""Contract Law"", ""Litigation"", ""Documentation""]",[],5,0,0.0,4.2,1.0,3.2,Meets requirement,1.0,LLB,Not accepted,0.0,Commerce and Law,Accepted,0.8,0.4,0.0,False,"Project evidence was unavailable, so this component was excluded from the final-score denominator.",0.664773,Moderate-to-high semantic alignment,0.352941,0.235294,0.176471,0.0,0.235294,0.0,0.235294,0.070588,0.0,0.156417,0.462299,"Candidate R091 received 0.4623 for Legal Professional / Advocate. The resume matches 0 of 5 required skills; it has 4.20 years of experience versus 1.00 years required (meets requirement). The degree is not accepted and the course is accepted. Semantic similarity is 0.6648 (Moderate-to-high semantic alignment); project similarity is 0.0000. The largest weighted contributions come from experience, semantic similarity."
R092,JOB018,Cyber Security Engineer,Network Security Engineer,Ishita Chopra,"[""CISCO""]","[""Linux"", ""Python"", ""Networking""]","[{""required_skill"": ""CISCO"", ""resume_skill"": ""CISCO""}]",4,1,0.25,4.0,2.0,2.0,Meets requirement,1.0,M.Sc,Not accepted,0.0,Science,Accepted,0.8,0.4,0.0,False,"Project evidence was unavailable, so this component was excluded from the final-score denominator.",0.663883,Moderate-to-high semantic alignment,0.352941,0.235294,0.176471,0.0,0.235294,0.088235,0.235294,0.070588,0.0,0.156208,0.550325,"Candidate R092 received 0.5503 for Cyber Security Engineer. The resume matches 1 of 4 required skills; it has 4.00 years of experience versus 2.00 years required (meets requirement). The degree is not accepted and the course is accepted. Semantic similarity is 0.6639 (Moderate-to-high semantic alignment); project similarity is 0.0000. The largest weighted contributions come from experience, semantic similarity."
R093,JOB003,Automation Test Engineer,Automation Testing,Ishita Chopra,[],"[""Automation Testing"", ""Selenium"", ""Java"", ""Python"", ""Test Automation""]",[],5,0,0.0,9.1,1.0,8.1,Meets requirement,1.0,B.Sc,Not accepted,0.0,Computer Science,Accepted,0.8,0.4,0.0,False,"Project evidence was unavailable, so this component was excluded from the final-score denominator.",0.770172,High semantic alignment,0.352941,0.235294,0.176471,0.0,0.235294,0.0,0.235294,0.070588,0.0,0.181217,0.487099,"Candidate R093 received 0.4871 for Automation Test Engineer. The resume matches 0 of 5 required skills; it has 9.10 years of experience versus 1.00 years required (meets requirement). The degree is not accepted and the course is accepted. Semantic similarity is 0.7702 (High semantic alignment); project similarity is 0.0000. The largest weighted contributions come from experience, semantic similarity."
R094,JOB025,Web Designer,Web Designing,Vikram Reddy,[],"[""HTML"", ""CSS"", ""JavaScript"", ""Bootstrap"", ""Web Design""]",[],5,0,0.0,6.3,1.0,5.3,Meets requirement,1.0,B.E.,Accepted,0.8,Computer Science,Accepted,0.8,0.8,0.0,False,"Project evidence was unavailable, so this component was excluded from the final-score denominator.",0.659758,Moderate-to-high semantic alignment,0.352941,0.235294,0.176471,0.0,0.235294,0.0,0.235294,0.141176,0.0,0.155237,0.531708,"Candidate R094 received 0.5317 for Web Designer. The resume matches 0 of 5 required skills; it has 6.30 years of experience versus 1.00 years required (meets requirement). The degree is accepted and the course is accepted. Semantic similarity is 0.6598 (Moderate-to-high semantic alignment); project similarity is 0.0000. The largest weighted contributions come from experience, semantic similarity."
R095,JOB013,HR Analyst,HR,Ananya Iyer,[],"[""Excel"", ""Documentation"", ""HR Management""]",[],3,0,0.0,8.0,1.0,7.0,Meets requirement,1.0,B.A,Not accepted,0.0,Economics,Not accepted,0.0,0.0,0.0,False,"Project evidence was unavailable, so this component was excluded from the final-score denominator.",0.727095,Moderate-to-high semantic alignment,0.352941,0.235294,0.176471,0.0,0.235294,0.0,0.235294,0.0,0.0,0.171081,0.406375,"Candidate R095 received 0.4064 for HR Analyst. The resume matches 0 of 3 required skills; it has 8.00 years of experience versus 1.00 years required (meets requirement). The degree is not accepted and the course is not accepted. Semantic similarity is 0.7271 (Moderate-to-high semantic alignment); project similarity is 0.0000. The largest weighted contributions come from experience, semantic similarity."
R096,JOB024,Software Tester,Testing,Rohan Gupta,[],"[""Software Testing"", ""Manual Testing"", ""Test Cases"", ""SQL"", ""Selenium""]",[],5,0,0.0,8.0,1.0,7.0,Meets requirement,1.0,B.E.,Accepted,0.8,Electrical Engineering,Not accepted,0.0,0.4,0.0,False,"Project evidence was unavailable, so this component was excluded from the final-score denominator.",0.71737,Moderate-to-high semantic alignment,0.352941,0.235294,0.176471,0.0,0.235294,0.0,0.235294,0.070588,0.0,0.168793,0.474675,"Candidate R096 received 0.4747 for Software Tester. The resume matches 0 of 5 required skills; it has 8.00 years of experience versus 1.00 years required (meets requirement). The degree is accepted and the course is not accepted. Semantic similarity is 0.7174 (Moderate-to-high semantic alignment); project similarity is 0.0000. The largest weighted contributions come from experience, semantic similarity."
R097,JOB008,Database Administrator,Database,Neha Kapoor,[],"[""SQL"", ""Oracle"", ""Databases"", ""MySQL""]",[],4,0,0.0,5.2,2.0,3.2,Meets requirement,1.0,Not provided,Not provided,0.0,Not provided,Not provided,0.0,0.0,0.0,False,"Project evidence was unavailable, so this component was excluded from the final-score denominator.",0.769318,High semantic alignment,0.352941,0.235294,0.176471,0.0,0.235294,0.0,0.235294,0.0,0.0,0.181016,0.41631,"Candidate R097 received 0.4163 for Database Administrator. The resume matches 0 of 4 required skills; it has 5.20 years of experience versus 2.00 years required (meets requirement). The degree is not provided and the course is not provided. Semantic similarity is 0.7693 (High semantic alignment); project similarity is 0.0000. The largest weighted contributions come from experience, semantic similarity."
R098,JOB007,Data Scientist,Data Science,Divya Rao,[],"[""Python"", ""SQL"", ""Machine Learning""]",[],3,0,0.0,2.0,2.0,0.0,Meets requirement,1.0,B.Tech,Preferred,1.0,Biotechnology,Not accepted,0.0,0.5,0.0,False,"Project evidence was unavailable, so this component was excluded from the final-score denominator.",0.782104,High semantic alignment,0.352941,0.235294,0.176471,0.0,0.235294,0.0,0.235294,0.088235,0.0,0.184024,0.507554,"Candidate R098 received 0.5076 for Data Scientist. The resume matches 0 of 3 required skills; it has 2.00 years of experience versus 2.00 years required (meets requirement). The degree is preferred and the course is not accepted. Semantic similarity is 0.7821 (High semantic alignment); project similarity is 0.0000. The largest weighted contributions come from experience, semantic similarity."
R099,JOB002,Arts / Creative Professional,Arts,Priya Nair,[],"[""Drawing"", ""Creative Design"", ""Visual Communication"", ""Adobe Photoshop"", ""Illustration""]",[],5,0,0.0,5.5,1.0,4.5,Meets requirement,1.0,MBA,Not accepted,0.0,Management,Not accepted,0.0,0.0,0.0,False,"Project evidence was unavailable, so this component was excluded from the final-score denominator.",0.659597,Moderate-to-high semantic alignment,0.352941,0.235294,0.176471,0.0,0.235294,0.0,0.235294,0.0,0.0,0.155199,0.390493,"Candidate R099 received 0.3905 for Arts / Creative Professional. The resume matches 0 of 5 required skills; it has 5.50 years of experience versus 1.00 years required (meets requirement). The degree is not accepted and the course is not accepted. Semantic similarity is 0.6596 (Moderate-to-high semantic alignment); project similarity is 0.0000. The largest weighted contributions come from experience, semantic similarity."
R100,JOB021,Python Developer,Python Developer,Aditya Verma,[],"[""Python"", ""SQL"", ""Django"", ""Flask"", ""REST API""]",[],5,0,0.0,4.0,1.0,3.0,Meets requirement,1.0,B.E.,Accepted,0.8,Not provided,Not provided,0.0,0.4,0.498401,True,Moderate project-to-role alignment,0.798815,High semantic alignment,0.3,0.2,0.15,0.15,0.2,0.0,0.2,0.06,0.07476,0.159763,0.494523,"Candidate R100 received 0.4945 for Python Developer. The resume matches 0 of 5 required skills; it has 4.00 years of experience versus 1.00 years required (meets requirement). The degree is accepted and the course is not provided. Semantic similarity is 0.7988 (High semantic alignment); project similarity is 0.4984. The largest weighted contributions come from experience, semantic similarity."
R101,JOB007,Data Scientist,Data Science,Neha Kapoor,[],"[""Python"", ""SQL"", ""Machine Learning""]",[],3,0,0.0,1.4,2.0,-0.6,Below requirement,0.7,MCA,Not accepted,0.0,Data Science,Preferred,1.0,0.5,0.0,False,"Project evidence was unavailable, so this component was excluded from the final-score denominator.",0.736188,Moderate-to-high semantic alignment,0.352941,0.235294,0.176471,0.0,0.235294,0.0,0.164706,0.088235,0.0,0.173221,0.426162,"Candidate R101 received 0.4262 for Data Scientist. The resume matches 0 of 3 required skills; it has 1.40 years of experience versus 2.00 years required (below requirement). The degree is not accepted and the course is preferred. Semantic similarity is 0.7362 (Moderate-to-high semantic alignment); project similarity is 0.0000. The largest weighted contributions come from semantic similarity, experience."
R102,JOB025,Web Designer,Web Designing,Neha Kapoor,"[""Bootstrap""]","[""HTML"", ""CSS"", ""JavaScript"", ""Web Design""]","[{""required_skill"": ""Bootstrap"", ""resume_skill"": ""BOOTSTRAP""}]",5,1,0.2,2.0,1.0,1.0,Meets requirement,1.0,B.E.,Accepted,0.8,Information Technology,Accepted,0.8,0.8,0.0,False,"Project evidence was unavailable, so this component was excluded from the final-score denominator.",0.770598,High semantic alignment,0.352941,0.235294,0.176471,0.0,0.235294,0.070588,0.235294,0.141176,0.0,0.181317,0.628376,"Candidate R102 received 0.6284 for Web Designer. The resume matches 1 of 5 required skills; it has 2.00 years of experience versus 1.00 years required (meets requirement). The degree is accepted and the course is accepted. Semantic similarity is 0.7706 (High semantic alignment); project similarity is 0.0000. The largest weighted contributions come from experience, semantic similarity."
R103,JOB018,Cyber Security Engineer,Network Security Engineer,Divya Rao,[],"[""CISCO"", ""Linux"", ""Python"", ""Networking""]",[],4,0,0.0,8.1,2.0,6.1,Meets requirement,1.0,B.E.,Accepted,0.8,Information Technology,Accepted,0.8,0.8,0.0,False,"Project evidence was unavailable, so this component was excluded from the final-score denominator.",0.709054,Moderate-to-high semantic alignment,0.352941,0.235294,0.176471,0.0,0.235294,0.0,0.235294,0.141176,0.0,0.166836,0.543307,"Candidate R103 received 0.5433 for Cyber Security Engineer. The resume matches 0 of 4 required skills; it has 8.10 years of experience versus 2.00 years required (meets requirement). The degree is accepted and the course is accepted. Semantic similarity is 0.7091 (Moderate-to-high semantic alignment); project similarity is 0.0000. The largest weighted contributions come from experience, semantic similarity."
R104,JOB020,PMO Analyst,PMO,Ishita Chopra,[],"[""Project Management"", ""Documentation"", ""Excel"", ""Reporting"", ""Stakeholder Management""]",[],5,0,0.0,8.0,2.0,6.0,Meets requirement,1.0,Not provided,Not provided,0.0,Not provided,Not provided,0.0,0.0,0.0,False,"Project evidence was unavailable, so this component was excluded from the final-score denominator.",0.757725,High semantic alignment,0.352941,0.235294,0.176471,0.0,0.235294,0.0,0.235294,0.0,0.0,0.178288,0.413582,"Candidate R104 received 0.4136 for PMO Analyst. The resume matches 0 of 5 required skills; it has 8.00 years of experience versus 2.00 years required (meets requirement). The degree is not provided and the course is not provided. Semantic similarity is 0.7577 (High semantic alignment); project similarity is 0.0000. The largest weighted contributions come from experience, semantic similarity."
R105,JOB012,Electrical Engineer,Electrical Engineering,Aditya Verma,[],"[""Electrical Engineering"", ""MATLAB"", ""AutoCAD"", ""Circuit Design"", ""Power Systems""]",[],5,0,0.0,1.2,1.0,0.2,Meets requirement,1.0,B.E.,Accepted,0.8,Electrical Engineering,Preferred,1.0,0.9,0.0,False,"Project evidence was unavailable, so this component was excluded from the final-score denominator.",0.686038,Moderate-to-high semantic alignment,0.352941,0.235294,0.176471,0.0,0.235294,0.0,0.235294,0.158824,0.0,0.161421,0.555538,"Candidate R105 received 0.5555 for Electrical Engineer. The resume matches 0 of 5 required skills; it has 1.20 years of experience versus 1.00 years required (meets requirement). The degree is accepted and the course is preferred. Semantic similarity is 0.6860 (Moderate-to-high semantic alignment); project similarity is 0.0000. The largest weighted contributions come from experience, semantic similarity."
R106,JOB020,PMO Analyst,PMO,Rohan Gupta,[],"[""Project Management"", ""Documentation"", ""Excel"", ""Reporting"", ""Stakeholder Management""]",[],5,0,0.0,8.0,2.0,6.0,Meets requirement,1.0,Not provided,Not provided,0.0,Not provided,Not provided,0.0,0.0,0.0,False,"Project evidence was unavailable, so this component was excluded from the final-score denominator.",0.738306,Moderate-to-high semantic alignment,0.352941,0.235294,0.176471,0.0,0.235294,0.0,0.235294,0.0,0.0,0.173719,0.409013,"Candidate R106 received 0.4090 for PMO Analyst. The resume matches 0 of 5 required skills; it has 8.00 years of experience versus 2.00 years required (meets requirement). The degree is not provided and the course is not provided. Semantic similarity is 0.7383 (Moderate-to-high semantic alignment); project similarity is 0.0000. The largest weighted contributions come from experience, semantic similarity."
R107,JOB013,HR Analyst,HR,Priya Nair,[],"[""Excel"", ""Documentation"", ""HR Management""]",[],3,0,0.0,8.0,1.0,7.0,Meets requirement,1.0,B.A,Not accepted,0.0,Economics,Not accepted,0.0,0.0,0.0,False,"Project evidence was unavailable, so this component was excluded from the final-score denominator.",0.715779,Moderate-to-high semantic alignment,0.352941,0.235294,0.176471,0.0,0.235294,0.0,0.235294,0.0,0.0,0.168419,0.403713,"Candidate R107 received 0.4037 for HR Analyst. The resume matches 0 of 3 required skills; it has 8.00 years of experience versus 1.00 years required (meets requirement). The degree is not accepted and the course is not accepted. Semantic similarity is 0.7158 (Moderate-to-high semantic alignment); project similarity is 0.0000. The largest weighted contributions come from experience, semantic similarity."
R108,JOB015,Health and Fitness Professional,Health and fitness,Vikram Reddy,[],"[""Fitness Training"", ""Exercise"", ""Nutrition"", ""Health"", ""Wellness""]",[],5,0,0.0,9.0,1.0,8.0,Meets requirement,1.0,M.Sc,Not accepted,0.0,Commerce,Not accepted,0.0,0.0,0.0,False,"Project evidence was unavailable, so this component was excluded from the final-score denominator.",0.799329,High semantic alignment,0.352941,0.235294,0.176471,0.0,0.235294,0.0,0.235294,0.0,0.0,0.188077,0.423372,"Candidate R108 received 0.4234 for Health and Fitness Professional. The resume matches 0 of 5 required skills; it has 9.00 years of experience versus 1.00 years required (meets requirement). The degree is not accepted and the course is not accepted. Semantic similarity is 0.7993 (High semantic alignment); project similarity is 0.0000. The largest weighted contributions come from experience, semantic similarity."
R109,JOB019,Operations Manager,Operations Manager,Neha Kapoor,[],"[""Operations"", ""Documentation"", ""Excel""]",[],3,0,0.0,17.0,4.0,13.0,Meets requirement,1.0,B.E.,Accepted,0.8,Electronics,Not accepted,0.0,0.4,0.0,False,"Project evidence was unavailable, so this component was excluded from the final-score denominator.",0.68253,Moderate-to-high semantic alignment,0.352941,0.235294,0.176471,0.0,0.235294,0.0,0.235294,0.070588,0.0,0.160595,0.466478,"Candidate R109 received 0.4665 for Operations Manager. The resume matches 0 of 3 required skills; it has 17.00 years of experience versus 4.00 years required (meets requirement). The degree is accepted and the course is not accepted. Semantic similarity is 0.6825 (Moderate-to-high semantic alignment); project similarity is 0.0000. The largest weighted contributions come from experience, semantic similarity."
R110,JOB020,PMO Analyst,PMO,Aditya Verma,[],"[""Project Management"", ""Documentation"", ""Excel"", ""Reporting"", ""Stakeholder Management""]",[],5,0,0.0,6.0,2.0,4.0,Meets requirement,1.0,BBA,Accepted,0.8,Business Administration,Accepted,0.8,0.8,0.0,False,"Project evidence was unavailable, so this component was excluded from the final-score denominator.",0.747632,Moderate-to-high semantic alignment,0.352941,0.235294,0.176471,0.0,0.235294,0.0,0.235294,0.141176,0.0,0.175913,0.552384,"Candidate R110 received 0.5524 for PMO Analyst. The resume matches 0 of 5 required skills; it has 6.00 years of experience versus 2.00 years required (meets requirement). The degree is accepted and the course is accepted. Semantic similarity is 0.7476 (Moderate-to-high semantic alignment); project similarity is 0.0000. The largest weighted contributions come from experience, semantic similarity."
R111,JOB014,Hadoop Developer,Hadoop,Arjun Sharma,[],"[""Hadoop"", ""Hive"", ""Spark"", ""Java"", ""SQL""]",[],5,0,0.0,4.0,2.0,2.0,Meets requirement,1.0,B.E.,Accepted,0.8,Not provided,Not provided,0.0,0.4,0.787668,True,High project-to-role alignment,0.858722,High semantic alignment,0.3,0.2,0.15,0.15,0.2,0.0,0.2,0.06,0.11815,0.171744,0.549895,"Candidate R111 received 0.5499 for Hadoop Developer. The resume matches 0 of 5 required skills; it has 4.00 years of experience versus 2.00 years required (meets requirement). The degree is accepted and the course is not provided. Semantic similarity is 0.8587 (High semantic alignment); project similarity is 0.7877. The largest weighted contributions come from experience, semantic similarity."
R112,JOB007,Data Scientist,Data Science,Vikram Reddy,[],"[""Python"", ""SQL"", ""Machine Learning""]",[],3,0,0.0,3.0,2.0,1.0,Meets requirement,1.0,B.E.,Not accepted,0.0,Electronics & Communication,Not accepted,0.0,0.0,0.0,False,"Project evidence was unavailable, so this component was excluded from the final-score denominator.",0.781476,High semantic alignment,0.352941,0.235294,0.176471,0.0,0.235294,0.0,0.235294,0.0,0.0,0.183877,0.419171,"Candidate R112 received 0.4192 for Data Scientist. The resume matches 0 of 3 required skills; it has 3.00 years of experience versus 2.00 years required (meets requirement). The degree is not accepted and the course is not accepted. Semantic similarity is 0.7815 (High semantic alignment); project similarity is 0.0000. The largest weighted contributions come from experience, semantic similarity."
R113,JOB024,Software Tester,Testing,Neha Kapoor,[],"[""Software Testing"", ""Manual Testing"", ""Test Cases"", ""SQL"", ""Selenium""]",[],5,0,0.0,4.0,1.0,3.0,Meets requirement,1.0,B.E.,Accepted,0.8,Electronics,Not accepted,0.0,0.4,0.0,False,"Project evidence was unavailable, so this component was excluded from the final-score denominator.",0.714147,Moderate-to-high semantic alignment,0.352941,0.235294,0.176471,0.0,0.235294,0.0,0.235294,0.070588,0.0,0.168035,0.473917,"Candidate R113 received 0.4739 for Software Tester. The resume matches 0 of 5 required skills; it has 4.00 years of experience versus 1.00 years required (meets requirement). The degree is accepted and the course is not accepted. Semantic similarity is 0.7141 (Moderate-to-high semantic alignment); project similarity is 0.0000. The largest weighted contributions come from experience, semantic similarity."
R114,JOB008,Database Administrator,Database,Rohan Gupta,[],"[""SQL"", ""Oracle"", ""Databases"", ""MySQL""]",[],4,0,0.0,5.0,2.0,3.0,Meets requirement,1.0,B.Sc,Not accepted,0.0,Not provided,Not provided,0.0,0.0,0.0,False,"Project evidence was unavailable, so this component was excluded from the final-score denominator.",0.776039,High semantic alignment,0.352941,0.235294,0.176471,0.0,0.235294,0.0,0.235294,0.0,0.0,0.182597,0.417891,"Candidate R114 received 0.4179 for Database Administrator. The resume matches 0 of 4 required skills; it has 5.00 years of experience versus 2.00 years required (meets requirement). The degree is not accepted and the course is not provided. Semantic similarity is 0.7760 (High semantic alignment); project similarity is 0.0000. The largest weighted contributions come from experience, semantic similarity."
R115,JOB006,Civil Engineer,Civil Engineer,Aditya Verma,[],"[""AutoCAD"", ""Civil Engineering"", ""Construction"", ""Structural Design"", ""Site Supervision""]",[],5,0,0.0,5.2,1.0,4.2,Meets requirement,1.0,M.E.,Not accepted,0.0,Civil Engineering,Preferred,1.0,0.5,0.0,False,"Project evidence was unavailable, so this component was excluded from the final-score denominator.",0.730212,Moderate-to-high semantic alignment,0.352941,0.235294,0.176471,0.0,0.235294,0.0,0.235294,0.088235,0.0,0.171815,0.495344,"Candidate R115 received 0.4953 for Civil Engineer. The resume matches 0 of 5 required skills; it has 5.20 years of experience versus 1.00 years required (meets requirement). The degree is not accepted and the course is preferred. Semantic similarity is 0.7302 (Moderate-to-high semantic alignment); project similarity is 0.0000. The largest weighted contributions come from experience, semantic similarity."
R116,JOB021,Python Developer,Python Developer,Priya Nair,[],"[""Python"", ""SQL"", ""Django"", ""Flask"", ""REST API""]",[],5,0,0.0,8.0,1.0,7.0,Meets requirement,1.0,B.E.,Accepted,0.8,Computer Science,Accepted,0.8,0.8,0.0,False,"Project evidence was unavailable, so this component was excluded from the final-score denominator.",0.777803,High semantic alignment,0.352941,0.235294,0.176471,0.0,0.235294,0.0,0.235294,0.141176,0.0,0.183012,0.559483,"Candidate R116 received 0.5595 for Python Developer. The resume matches 0 of 5 required skills; it has 8.00 years of experience versus 1.00 years required (meets requirement). The degree is accepted and the course is accepted. Semantic similarity is 0.7778 (High semantic alignment); project similarity is 0.0000. The largest weighted contributions come from experience, semantic similarity."
R117,JOB006,Civil Engineer,Civil Engineer,Neha Kapoor,"[""AutoCAD""]","[""Civil Engineering"", ""Construction"", ""Structural Design"", ""Site Supervision""]","[{""required_skill"": ""AutoCAD"", ""resume_skill"": ""Autocad""}]",5,1,0.2,4.8,1.0,3.8,Meets requirement,1.0,Not provided,Not provided,0.0,Civil Engineering,Preferred,1.0,0.5,0.0,False,"Project evidence was unavailable, so this component was excluded from the final-score denominator.",0.764826,High semantic alignment,0.352941,0.235294,0.176471,0.0,0.235294,0.070588,0.235294,0.088235,0.0,0.179959,0.574077,"Candidate R117 received 0.5741 for Civil Engineer. The resume matches 1 of 5 required skills; it has 4.80 years of experience versus 1.00 years required (meets requirement). The degree is not provided and the course is preferred. Semantic similarity is 0.7648 (High semantic alignment); project similarity is 0.0000. The largest weighted contributions come from experience, semantic similarity."
R118,JOB017,Mechanical Engineer,Mechanical Engineer,Karan Mehta,[],"[""AutoCAD"", ""SolidWorks"", ""Mechanical Design"", ""Manufacturing"", ""CAD""]",[],5,0,0.0,1.0,1.0,0.0,Meets requirement,1.0,B.E.,Accepted,0.8,Mechanical Engineering,Preferred,1.0,0.9,0.618175,True,Moderate-to-high project-to-role alignment,0.738767,Moderate-to-high semantic alignment,0.3,0.2,0.15,0.15,0.2,0.0,0.2,0.135,0.092726,0.147753,0.57548,"Candidate R118 received 0.5755 for Mechanical Engineer. The resume matches 0 of 5 required skills; it has 1.00 years of experience versus 1.00 years required (meets requirement). The degree is accepted and the course is preferred. Semantic similarity is 0.7388 (Moderate-to-high semantic alignment); project similarity is 0.6182. The largest weighted contributions come from experience, semantic similarity."
R119,JOB014,Hadoop Developer,Hadoop,Vikram Reddy,[],"[""Hadoop"", ""Hive"", ""Spark"", ""Java"", ""SQL""]",[],5,0,0.0,4.0,2.0,2.0,Meets requirement,1.0,B.E.,Accepted,0.8,Not provided,Not provided,0.0,0.4,0.787668,True,High project-to-role alignment,0.856509,High semantic alignment,0.3,0.2,0.15,0.15,0.2,0.0,0.2,0.06,0.11815,0.171302,0.549452,"Candidate R119 received 0.5495 for Hadoop Developer. The resume matches 0 of 5 required skills; it has 4.00 years of experience versus 2.00 years required (meets requirement). The degree is accepted and the course is not provided. Semantic similarity is 0.8565 (High semantic alignment); project similarity is 0.7877. The largest weighted contributions come from experience, semantic similarity."
R120,JOB002,Arts / Creative Professional,Arts,Neha Kapoor,[],"[""Drawing"", ""Creative Design"", ""Visual Communication"", ""Adobe Photoshop"", ""Illustration""]",[],5,0,0.0,5.5,1.0,4.5,Meets requirement,1.0,Not provided,Not provided,0.0,Not provided,Not provided,0.0,0.0,0.0,False,"Project evidence was unavailable, so this component was excluded from the final-score denominator.",0.618244,Moderate-to-high semantic alignment,0.352941,0.235294,0.176471,0.0,0.235294,0.0,0.235294,0.0,0.0,0.145469,0.380763,"Candidate R120 received 0.3808 for Arts / Creative Professional. The resume matches 0 of 5 required skills; it has 5.50 years of experience versus 1.00 years required (meets requirement). The degree is not provided and the course is not provided. Semantic similarity is 0.6182 (Moderate-to-high semantic alignment); project similarity is 0.0000. The largest weighted contributions come from experience, semantic similarity."
R121,JOB017,Mechanical Engineer,Mechanical Engineer,Priya Nair,[],"[""AutoCAD"", ""SolidWorks"", ""Mechanical Design"", ""Manufacturing"", ""CAD""]",[],5,0,0.0,1.0,1.0,0.0,Meets requirement,1.0,B.E.,Accepted,0.8,Mechanical Engineering,Preferred,1.0,0.9,0.618175,True,Moderate-to-high project-to-role alignment,0.739232,Moderate-to-high semantic alignment,0.3,0.2,0.15,0.15,0.2,0.0,0.2,0.135,0.092726,0.147846,0.575573,"Candidate R121 received 0.5756 for Mechanical Engineer. The resume matches 0 of 5 required skills; it has 1.00 years of experience versus 1.00 years required (meets requirement). The degree is accepted and the course is preferred. Semantic similarity is 0.7392 (Moderate-to-high semantic alignment); project similarity is 0.6182. The largest weighted contributions come from experience, semantic similarity."
R122,JOB012,Electrical Engineer,Electrical Engineering,Ishita Chopra,[],"[""Electrical Engineering"", ""MATLAB"", ""AutoCAD"", ""Circuit Design"", ""Power Systems""]",[],5,0,0.0,0.9,1.0,-0.1,Below requirement,0.9,B.E.,Accepted,0.8,Electrical and Electronics Engineering,Accepted,0.8,0.8,0.0,False,"Project evidence was unavailable, so this component was excluded from the final-score denominator.",0.744033,Moderate-to-high semantic alignment,0.352941,0.235294,0.176471,0.0,0.235294,0.0,0.211765,0.141176,0.0,0.175067,0.528008,"Candidate R122 received 0.5280 for Electrical Engineer. The resume matches 0 of 5 required skills; it has 0.90 years of experience versus 1.00 years required (below requirement). The degree is accepted and the course is accepted. Semantic similarity is 0.7440 (Moderate-to-high semantic alignment); project similarity is 0.0000. The largest weighted contributions come from experience, semantic similarity."
R123,JOB008,Database Administrator,Database,Rohan Gupta,"[""Databases""]","[""SQL"", ""Oracle"", ""MySQL""]","[{""required_skill"": ""Databases"", ""resume_skill"": ""DATABASES""}]",4,1,0.25,9.0,2.0,7.0,Meets requirement,1.0,Not provided,Not provided,0.0,Not provided,Not provided,0.0,0.0,0.0,False,"Project evidence was unavailable, so this component was excluded from the final-score denominator.",0.772583,High semantic alignment,0.352941,0.235294,0.176471,0.0,0.235294,0.088235,0.235294,0.0,0.0,0.181784,0.505314,"Candidate R123 received 0.5053 for Database Administrator. The resume matches 1 of 4 required skills; it has 9.00 years of experience versus 2.00 years required (meets requirement). The degree is not provided and the course is not provided. Semantic similarity is 0.7726 (High semantic alignment); project similarity is 0.0000. The largest weighted contributions come from experience, semantic similarity."
R124,JOB008,Database Administrator,Database,Arjun Sharma,"[""Databases""]","[""SQL"", ""Oracle"", ""MySQL""]","[{""required_skill"": ""Databases"", ""resume_skill"": ""DATABASES""}]",4,1,0.25,9.0,2.0,7.0,Meets requirement,1.0,B.E.,Accepted,0.8,Information Technology,Accepted,0.8,0.8,0.0,False,"Project evidence was unavailable, so this component was excluded from the final-score denominator.",0.763204,High semantic alignment,0.352941,0.235294,0.176471,0.0,0.235294,0.088235,0.235294,0.141176,0.0,0.179577,0.644283,"Candidate R124 received 0.6443 for Database Administrator. The resume matches 1 of 4 required skills; it has 9.00 years of experience versus 2.00 years required (meets requirement). The degree is accepted and the course is accepted. Semantic similarity is 0.7632 (High semantic alignment); project similarity is 0.0000. The largest weighted contributions come from experience, semantic similarity."
R125,JOB002,Arts / Creative Professional,Arts,Karan Mehta,[],"[""Drawing"", ""Creative Design"", ""Visual Communication"", ""Adobe Photoshop"", ""Illustration""]",[],5,0,0.0,8.0,1.0,7.0,Meets requirement,1.0,Diploma,Accepted,0.8,Fine Arts / Painting,Accepted,0.8,0.8,0.0,False,"Project evidence was unavailable, so this component was excluded from the final-score denominator.",0.760687,High semantic alignment,0.352941,0.235294,0.176471,0.0,0.235294,0.0,0.235294,0.141176,0.0,0.178985,0.555456,"Candidate R125 received 0.5555 for Arts / Creative Professional. The resume matches 0 of 5 required skills; it has 8.00 years of experience versus 1.00 years required (meets requirement). The degree is accepted and the course is accepted. Semantic similarity is 0.7607 (High semantic alignment); project similarity is 0.0000. The largest weighted contributions come from experience, semantic similarity."
R126,JOB001,Legal Professional / Advocate,Advocate,Rohan Gupta,[],"[""Legal Research"", ""Legal Writing"", ""Contract Law"", ""Litigation"", ""Documentation""]",[],5,0,0.0,4.2,1.0,3.2,Meets requirement,1.0,B.A. LL.B.,Accepted,0.8,Law,Preferred,1.0,0.9,0.0,False,"Project evidence was unavailable, so this component was excluded from the final-score denominator.",0.80168,High semantic alignment,0.352941,0.235294,0.176471,0.0,0.235294,0.0,0.235294,0.158824,0.0,0.188631,0.582748,"Candidate R126 received 0.5827 for Legal Professional / Advocate. The resume matches 0 of 5 required skills; it has 4.20 years of experience versus 1.00 years required (meets requirement). The degree is accepted and the course is preferred. Semantic similarity is 0.8017 (High semantic alignment); project similarity is 0.0000. The largest weighted contributions come from experience, semantic similarity."
R127,JOB004,Blockchain Developer,Blockchain,Arjun Sharma,[],"[""Blockchain"", ""Solidity"", ""Ethereum"", ""Smart Contracts"", ""JavaScript""]",[],5,0,0.0,4.0,1.0,3.0,Meets requirement,1.0,B.E.,Accepted,0.8,Computer Science,Accepted,0.8,0.8,0.0,False,"Project evidence was unavailable, so this component was excluded from the final-score denominator.",0.775793,High semantic alignment,0.352941,0.235294,0.176471,0.0,0.235294,0.0,0.235294,0.141176,0.0,0.18254,0.55901,"Candidate R127 received 0.5590 for Blockchain Developer. The resume matches 0 of 5 required skills; it has 4.00 years of experience versus 1.00 years required (meets requirement). The degree is accepted and the course is accepted. Semantic similarity is 0.7758 (High semantic alignment); project similarity is 0.0000. The largest weighted contributions come from experience, semantic similarity."
R128,JOB020,PMO Analyst,PMO,Ananya Iyer,[],"[""Project Management"", ""Documentation"", ""Excel"", ""Reporting"", ""Stakeholder Management""]",[],5,0,0.0,6.0,2.0,4.0,Meets requirement,1.0,BBA,Accepted,0.8,Business Administration,Accepted,0.8,0.8,0.0,False,"Project evidence was unavailable, so this component was excluded from the final-score denominator.",0.751773,High semantic alignment,0.352941,0.235294,0.176471,0.0,0.235294,0.0,0.235294,0.141176,0.0,0.176888,0.553358,"Candidate R128 received 0.5534 for PMO Analyst. The resume matches 0 of 5 required skills; it has 6.00 years of experience versus 2.00 years required (meets requirement). The degree is accepted and the course is accepted. Semantic similarity is 0.7518 (High semantic alignment); project similarity is 0.0000. The largest weighted contributions come from experience, semantic similarity."
R129,JOB005,Business Analyst,Business Analyst,Vikram Reddy,"[""Documentation""]","[""SQL"", ""Excel"", ""Operations""]","[{""required_skill"": ""Documentation"", ""resume_skill"": ""DOCUMENTATION""}]",4,1,0.25,4.0,2.0,2.0,Meets requirement,1.0,Diploma,Not accepted,0.0,Computer Engineering,Not accepted,0.0,0.0,0.0,False,"Project evidence was unavailable, so this component was excluded from the final-score denominator.",0.697107,Moderate-to-high semantic alignment,0.352941,0.235294,0.176471,0.0,0.235294,0.088235,0.235294,0.0,0.0,0.164025,0.487555,"Candidate R129 received 0.4876 for Business Analyst. The resume matches 1 of 4 required skills; it has 4.00 years of experience versus 2.00 years required (meets requirement). The degree is not accepted and the course is not accepted. Semantic similarity is 0.6971 (Moderate-to-high semantic alignment); project similarity is 0.0000. The largest weighted contributions come from experience, semantic similarity."
R130,JOB025,Web Designer,Web Designing,Arjun Sharma,[],"[""HTML"", ""CSS"", ""JavaScript"", ""Bootstrap"", ""Web Design""]",[],5,0,0.0,6.3,1.0,5.3,Meets requirement,1.0,B.E.,Accepted,0.8,Computer Science,Accepted,0.8,0.8,0.0,False,"Project evidence was unavailable, so this component was excluded from the final-score denominator.",0.657763,Moderate-to-high semantic alignment,0.352941,0.235294,0.176471,0.0,0.235294,0.0,0.235294,0.141176,0.0,0.154768,0.531238,"Candidate R130 received 0.5312 for Web Designer. The resume matches 0 of 5 required skills; it has 6.30 years of experience versus 1.00 years required (meets requirement). The degree is accepted and the course is accepted. Semantic similarity is 0.6578 (Moderate-to-high semantic alignment); project similarity is 0.0000. The largest weighted contributions come from experience, semantic similarity."
R131,JOB011,ETL Developer,ETL Developer,Neha Kapoor,"[""ETL""]","[""Informatica"", ""SQL"", ""Databases""]","[{""required_skill"": ""ETL"", ""resume_skill"": ""ETL""}]",4,1,0.25,3.0,2.0,1.0,Meets requirement,1.0,Bachelor,Not accepted,0.0,Electronics and Telecommunication,Not accepted,0.0,0.0,0.0,False,"Project evidence was unavailable, so this component was excluded from the final-score denominator.",0.785472,High semantic alignment,0.352941,0.235294,0.176471,0.0,0.235294,0.088235,0.235294,0.0,0.0,0.184817,0.508346,"Candidate R131 received 0.5083 for ETL Developer. The resume matches 1 of 4 required skills; it has 3.00 years of experience versus 2.00 years required (meets requirement). The degree is not accepted and the course is not accepted. Semantic similarity is 0.7855 (High semantic alignment); project similarity is 0.0000. The largest weighted contributions come from experience, semantic similarity."
R132,JOB017,Mechanical Engineer,Mechanical Engineer,Vikram Reddy,[],"[""AutoCAD"", ""SolidWorks"", ""Mechanical Design"", ""Manufacturing"", ""CAD""]",[],5,0,0.0,1.0,1.0,0.0,Meets requirement,1.0,B.E.,Accepted,0.8,Mechanical Engineering,Preferred,1.0,0.9,0.0,False,"Project evidence was unavailable, so this component was excluded from the final-score denominator.",0.703376,Moderate-to-high semantic alignment,0.352941,0.235294,0.176471,0.0,0.235294,0.0,0.235294,0.158824,0.0,0.1655,0.559618,"Candidate R132 received 0.5596 for Mechanical Engineer. The resume matches 0 of 5 required skills; it has 1.00 years of experience versus 1.00 years required (meets requirement). The degree is accepted and the course is preferred. Semantic similarity is 0.7034 (Moderate-to-high semantic alignment); project similarity is 0.0000. The largest weighted contributions come from experience, semantic similarity."
R133,JOB022,SAP Developer,SAP Developer,Aditya Verma,[],"[""SAP"", ""SAP HANA"", ""SAP BO"", ""SQL"", ""Business Intelligence""]",[],5,0,0.0,9.0,2.0,7.0,Meets requirement,1.0,Not provided,Not provided,0.0,Not provided,Not provided,0.0,0.0,0.0,False,"Project evidence was unavailable, so this component was excluded from the final-score denominator.",0.753899,High semantic alignment,0.352941,0.235294,0.176471,0.0,0.235294,0.0,0.235294,0.0,0.0,0.177388,0.412682,"Candidate R133 received 0.4127 for SAP Developer. The resume matches 0 of 5 required skills; it has 9.00 years of experience versus 2.00 years required (meets requirement). The degree is not provided and the course is not provided. Semantic similarity is 0.7539 (High semantic alignment); project similarity is 0.0000. The largest weighted contributions come from experience, semantic similarity."
R134,JOB008,Database Administrator,Database,Priya Nair,[],"[""SQL"", ""Oracle"", ""Databases"", ""MySQL""]",[],4,0,0.0,5.0,2.0,3.0,Meets requirement,1.0,B.Sc,Not accepted,0.0,Not provided,Not provided,0.0,0.0,0.0,False,"Project evidence was unavailable, so this component was excluded from the final-score denominator.",0.780179,High semantic alignment,0.352941,0.235294,0.176471,0.0,0.235294,0.0,0.235294,0.0,0.0,0.183572,0.418866,"Candidate R134 received 0.4189 for Database Administrator. The resume matches 0 of 4 required skills; it has 5.00 years of experience versus 2.00 years required (meets requirement). The degree is not accepted and the course is not provided. Semantic similarity is 0.7802 (High semantic alignment); project similarity is 0.0000. The largest weighted contributions come from experience, semantic similarity."
R135,JOB017,Mechanical Engineer,Mechanical Engineer,Ishita Chopra,[],"[""AutoCAD"", ""SolidWorks"", ""Mechanical Design"", ""Manufacturing"", ""CAD""]",[],5,0,0.0,0.8,1.0,-0.2,Below requirement,0.8,B.E.,Accepted,0.8,Mechanical Engineering,Preferred,1.0,0.9,0.0,False,"Project evidence was unavailable, so this component was excluded from the final-score denominator.",0.756221,High semantic alignment,0.352941,0.235294,0.176471,0.0,0.235294,0.0,0.188235,0.158824,0.0,0.177934,0.524993,"Candidate R135 received 0.5250 for Mechanical Engineer. The resume matches 0 of 5 required skills; it has 0.80 years of experience versus 1.00 years required (below requirement). The degree is accepted and the course is preferred. Semantic similarity is 0.7562 (High semantic alignment); project similarity is 0.0000. The largest weighted contributions come from experience, semantic similarity."
R136,JOB018,Cyber Security Engineer,Network Security Engineer,Priya Nair,[],"[""CISCO"", ""Linux"", ""Python"", ""Networking""]",[],4,0,0.0,8.0,2.0,6.0,Meets requirement,1.0,B.E.,Accepted,0.8,Electronics,Not accepted,0.0,0.4,0.0,False,"Project evidence was unavailable, so this component was excluded from the final-score denominator.",0.734007,Moderate-to-high semantic alignment,0.352941,0.235294,0.176471,0.0,0.235294,0.0,0.235294,0.070588,0.0,0.172708,0.47859,"Candidate R136 received 0.4786 for Cyber Security Engineer. The resume matches 0 of 4 required skills; it has 8.00 years of experience versus 2.00 years required (meets requirement). The degree is accepted and the course is not accepted. Semantic similarity is 0.7340 (Moderate-to-high semantic alignment); project similarity is 0.0000. The largest weighted contributions come from experience, semantic similarity."
R137,JOB007,Data Scientist,Data Science,Neha Kapoor,"[""Machine Learning""]","[""Python"", ""SQL""]","[{""required_skill"": ""Machine Learning"", ""resume_skill"": ""MACHINE LEARNING""}]",3,1,0.333333,2.0,2.0,0.0,Meets requirement,1.0,B.Tech,Preferred,1.0,Computer Science,Accepted,0.8,0.9,0.0,False,"Project evidence was unavailable, so this component was excluded from the final-score denominator.",0.792418,High semantic alignment,0.352941,0.235294,0.176471,0.0,0.235294,0.117647,0.235294,0.158824,0.0,0.186451,0.698216,"Candidate R137 received 0.6982 for Data Scientist. The resume matches 1 of 3 required skills; it has 2.00 years of experience versus 2.00 years required (meets requirement). The degree is preferred and the course is accepted. Semantic similarity is 0.7924 (High semantic alignment); project similarity is 0.0000. The largest weighted contributions come from experience, semantic similarity."
R138,JOB012,Electrical Engineer,Electrical Engineering,Ishita Chopra,[],"[""Electrical Engineering"", ""MATLAB"", ""AutoCAD"", ""Circuit Design"", ""Power Systems""]",[],5,0,0.0,1.2,1.0,0.2,Meets requirement,1.0,B.E.,Accepted,0.8,Electrical Engineering,Preferred,1.0,0.9,0.686656,True,Moderate-to-high project-to-role alignment,0.765502,High semantic alignment,0.3,0.2,0.15,0.15,0.2,0.0,0.2,0.135,0.102998,0.1531,0.591099,"Candidate R138 received 0.5911 for Electrical Engineer. The resume matches 0 of 5 required skills; it has 1.20 years of experience versus 1.00 years required (meets requirement). The degree is accepted and the course is preferred. Semantic similarity is 0.7655 (High semantic alignment); project similarity is 0.6867. The largest weighted contributions come from experience, semantic similarity."
R139,JOB023,Sales Executive,Sales,Karan Mehta,[],"[""Sales"", ""Communication"", ""Customer Relationship Management"", ""Negotiation"", ""Lead Generation""]",[],5,0,0.0,6.0,1.0,5.0,Meets requirement,1.0,MBA,Accepted,0.8,Operations Management,Not accepted,0.0,0.4,0.0,False,"Project evidence was unavailable, so this component was excluded from the final-score denominator.",0.766314,High semantic alignment,0.352941,0.235294,0.176471,0.0,0.235294,0.0,0.235294,0.070588,0.0,0.180309,0.486192,"Candidate R139 received 0.4862 for Sales Executive. The resume matches 0 of 5 required skills; it has 6.00 years of experience versus 1.00 years required (meets requirement). The degree is accepted and the course is not accepted. Semantic similarity is 0.7663 (High semantic alignment); project similarity is 0.0000. The largest weighted contributions come from experience, semantic similarity."
R140,JOB009,DevOps Engineer,DevOps Engineer,Vikram Reddy,"[""Cloud Computing""]","[""AWS"", ""Automation"", ""Shell Scripting""]","[{""required_skill"": ""Cloud Computing"", ""resume_skill"": ""Cloud Computing""}]",4,1,0.25,8.0,2.0,6.0,Meets requirement,1.0,B.E.,Accepted,0.8,Information Technology,Accepted,0.8,0.8,0.0,False,"Project evidence was unavailable, so this component was excluded from the final-score denominator.",0.819487,High semantic alignment,0.352941,0.235294,0.176471,0.0,0.235294,0.088235,0.235294,0.141176,0.0,0.19282,0.657526,"Candidate R140 received 0.6575 for DevOps Engineer. The resume matches 1 of 4 required skills; it has 8.00 years of experience versus 2.00 years required (meets requirement). The degree is accepted and the course is accepted. Semantic similarity is 0.8195 (High semantic alignment); project similarity is 0.0000. The largest weighted contributions come from experience, semantic similarity."
R141,JOB010,.NET Developer,DotNet Developer,Arjun Sharma,[],"["".NET"", ""C#"", ""ASP.NET"", ""SQL"", ""JavaScript""]",[],5,0,0.0,5.0,1.0,4.0,Meets requirement,1.0,B.E.,Accepted,0.8,Not provided,Not provided,0.0,0.4,0.0,False,"Project evidence was unavailable, so this component was excluded from the final-score denominator.",0.817093,High semantic alignment,0.352941,0.235294,0.176471,0.0,0.235294,0.0,0.235294,0.070588,0.0,0.192257,0.49814,"Candidate R141 received 0.4981 for .NET Developer. The resume matches 0 of 5 required skills; it has 5.00 years of experience versus 1.00 years required (meets requirement). The degree is accepted and the course is not provided. Semantic similarity is 0.8171 (High semantic alignment); project similarity is 0.0000. The largest weighted contributions come from experience, semantic similarity."
R142,JOB010,.NET Developer,DotNet Developer,Neha Kapoor,[],"["".NET"", ""C#"", ""ASP.NET"", ""SQL"", ""JavaScript""]",[],5,0,0.0,4.2,1.0,3.2,Meets requirement,1.0,M.Sc,Not accepted,0.0,Computer Science,Accepted,0.8,0.4,0.0,False,"Project evidence was unavailable, so this component was excluded from the final-score denominator.",0.720917,Moderate-to-high semantic alignment,0.352941,0.235294,0.176471,0.0,0.235294,0.0,0.235294,0.070588,0.0,0.169628,0.47551,"Candidate R142 received 0.4755 for .NET Developer. The resume matches 0 of 5 required skills; it has 4.20 years of experience versus 1.00 years required (meets requirement). The degree is not accepted and the course is accepted. Semantic similarity is 0.7209 (Moderate-to-high semantic alignment); project similarity is 0.0000. The largest weighted contributions come from experience, semantic similarity."
R143,JOB004,Blockchain Developer,Blockchain,Neha Kapoor,[],"[""Blockchain"", ""Solidity"", ""Ethereum"", ""Smart Contracts"", ""JavaScript""]",[],5,0,0.0,4.0,1.0,3.0,Meets requirement,1.0,M.Tech,Accepted,0.8,Computer Engineering,Not accepted,0.0,0.4,0.0,False,"Project evidence was unavailable, so this component was excluded from the final-score denominator.",0.745699,Moderate-to-high semantic alignment,0.352941,0.235294,0.176471,0.0,0.235294,0.0,0.235294,0.070588,0.0,0.175459,0.481341,"Candidate R143 received 0.4813 for Blockchain Developer. The resume matches 0 of 5 required skills; it has 4.00 years of experience versus 1.00 years required (meets requirement). The degree is accepted and the course is not accepted. Semantic similarity is 0.7457 (Moderate-to-high semantic alignment); project similarity is 0.0000. The largest weighted contributions come from experience, semantic similarity."
R144,JOB023,Sales Executive,Sales,Priya Nair,[],"[""Sales"", ""Communication"", ""Customer Relationship Management"", ""Negotiation"", ""Lead Generation""]",[],5,0,0.0,3.0,1.0,2.0,Meets requirement,1.0,Not provided,Not provided,0.0,Not provided,Not provided,0.0,0.0,0.0,False,"Project evidence was unavailable, so this component was excluded from the final-score denominator.",0.78088,High semantic alignment,0.352941,0.235294,0.176471,0.0,0.235294,0.0,0.235294,0.0,0.0,0.183736,0.41903,"Candidate R144 received 0.4190 for Sales Executive. The resume matches 0 of 5 required skills; it has 3.00 years of experience versus 1.00 years required (meets requirement). The degree is not provided and the course is not provided. Semantic similarity is 0.7809 (High semantic alignment); project similarity is 0.0000. The largest weighted contributions come from experience, semantic similarity."
R145,JOB005,Business Analyst,Business Analyst,Karan Mehta,[],"[""Documentation"", ""SQL"", ""Excel"", ""Operations""]",[],4,0,0.0,8.0,2.0,6.0,Meets requirement,1.0,B.Com,Not accepted,0.0,Commerce,Not accepted,0.0,0.0,0.0,False,"Project evidence was unavailable, so this component was excluded from the final-score denominator.",0.737829,Moderate-to-high semantic alignment,0.352941,0.235294,0.176471,0.0,0.235294,0.0,0.235294,0.0,0.0,0.173607,0.408901,"Candidate R145 received 0.4089 for Business Analyst. The resume matches 0 of 4 required skills; it has 8.00 years of experience versus 2.00 years required (meets requirement). The degree is not accepted and the course is not accepted. Semantic similarity is 0.7378 (Moderate-to-high semantic alignment); project similarity is 0.0000. The largest weighted contributions come from experience, semantic similarity."
R146,JOB025,Web Designer,Web Designing,Vikram Reddy,"[""CSS"", ""Bootstrap""]","[""HTML"", ""JavaScript"", ""Web Design""]","[{""required_skill"": ""CSS"", ""resume_skill"": ""CSS3""}, {""required_skill"": ""Bootstrap"", ""resume_skill"": ""Bootstrap""}]",5,2,0.4,9.0,1.0,8.0,Meets requirement,1.0,Bachelor,Not accepted,0.0,Computer Applications,Accepted,0.8,0.4,0.651483,True,Moderate-to-high project-to-role alignment,0.711902,Moderate-to-high semantic alignment,0.3,0.2,0.15,0.15,0.2,0.12,0.2,0.06,0.097722,0.14238,0.620103,"Candidate R146 received 0.6201 for Web Designer. The resume matches 2 of 5 required skills; it has 9.00 years of experience versus 1.00 years required (meets requirement). The degree is not accepted and the course is accepted. Semantic similarity is 0.7119 (Moderate-to-high semantic alignment); project similarity is 0.6515. The largest weighted contributions come from experience, semantic similarity."
R147,JOB007,Data Scientist,Data Science,Ananya Iyer,[],"[""Python"", ""SQL"", ""Machine Learning""]",[],3,0,0.0,2.0,2.0,0.0,Meets requirement,1.0,B.Tech,Preferred,1.0,Biotechnology,Not accepted,0.0,0.5,0.0,False,"Project evidence was unavailable, so this component was excluded from the final-score denominator.",0.784126,High semantic alignment,0.352941,0.235294,0.176471,0.0,0.235294,0.0,0.235294,0.088235,0.0,0.1845,0.50803,"Candidate R147 received 0.5080 for Data Scientist. The resume matches 0 of 3 required skills; it has 2.00 years of experience versus 2.00 years required (meets requirement). The degree is preferred and the course is not accepted. Semantic similarity is 0.7841 (High semantic alignment); project similarity is 0.0000. The largest weighted contributions come from experience, semantic similarity."
R148,JOB012,Electrical Engineer,Electrical Engineering,Rohan Gupta,[],"[""Electrical Engineering"", ""MATLAB"", ""AutoCAD"", ""Circuit Design"", ""Power Systems""]",[],5,0,0.0,0.9,1.0,-0.1,Below requirement,0.9,B.E.,Accepted,0.8,Electrical and Electronics Engineering,Accepted,0.8,0.8,0.0,False,"Project evidence was unavailable, so this component was excluded from the final-score denominator.",0.734367,Moderate-to-high semantic alignment,0.352941,0.235294,0.176471,0.0,0.235294,0.0,0.211765,0.141176,0.0,0.172792,0.525733,"Candidate R148 received 0.5257 for Electrical Engineer. The resume matches 0 of 5 required skills; it has 0.90 years of experience versus 1.00 years required (below requirement). The degree is accepted and the course is accepted. Semantic similarity is 0.7344 (Moderate-to-high semantic alignment); project similarity is 0.0000. The largest weighted contributions come from experience, semantic similarity."
R149,JOB022,SAP Developer,SAP Developer,Karan Mehta,[],"[""SAP"", ""SAP HANA"", ""SAP BO"", ""SQL"", ""Business Intelligence""]",[],5,0,0.0,9.0,2.0,7.0,Meets requirement,1.0,B.E.,Accepted,0.8,Computer Engineering,Not accepted,0.0,0.4,0.0,False,"Project evidence was unavailable, so this component was excluded from the final-score denominator.",0.858279,High semantic alignment,0.352941,0.235294,0.176471,0.0,0.235294,0.0,0.235294,0.070588,0.0,0.201948,0.50783,"Candidate R149 received 0.5078 for SAP Developer. The resume matches 0 of 5 required skills; it has 9.00 years of experience versus 2.00 years required (meets requirement). The degree is accepted and the course is not accepted. Semantic similarity is 0.8583 (High semantic alignment); project similarity is 0.0000. The largest weighted contributions come from experience, semantic similarity."
R150,JOB005,Business Analyst,Business Analyst,Vikram Reddy,"[""Documentation""]","[""SQL"", ""Excel"", ""Operations""]","[{""required_skill"": ""Documentation"", ""resume_skill"": ""DOCUMENTATION""}]",4,1,0.25,4.0,2.0,2.0,Meets requirement,1.0,Diploma,Not accepted,0.0,Computer Engineering,Not accepted,0.0,0.0,0.0,False,"Project evidence was unavailable, so this component was excluded from the final-score denominator.",0.700669,Moderate-to-high semantic alignment,0.352941,0.235294,0.176471,0.0,0.235294,0.088235,0.235294,0.0,0.0,0.164863,0.488393,"Candidate R150 received 0.4884 for Business Analyst. The resume matches 1 of 4 required skills; it has 4.00 years of experience versus 2.00 years required (meets requirement). The degree is not accepted and the course is not accepted. Semantic similarity is 0.7007 (Moderate-to-high semantic alignment); project similarity is 0.0000. The largest weighted contributions come from experience, semantic similarity."
R151,JOB010,.NET Developer,DotNet Developer,Karan Mehta,"[""JavaScript""]","["".NET"", ""C#"", ""ASP.NET"", ""SQL""]","[{""required_skill"": ""JavaScript"", ""resume_skill"": ""JavaScript""}]",5,1,0.2,8.0,1.0,7.0,Meets requirement,1.0,Not provided,Not provided,0.0,Not provided,Not provided,0.0,0.0,0.0,False,"Project evidence was unavailable, so this component was excluded from the final-score denominator.",0.693481,Moderate-to-high semantic alignment,0.352941,0.235294,0.176471,0.0,0.235294,0.070588,0.235294,0.0,0.0,0.163172,0.469054,"Candidate R151 received 0.4691 for .NET Developer. The resume matches 1 of 5 required skills; it has 8.00 years of experience versus 1.00 years required (meets requirement). The degree is not provided and the course is not provided. Semantic similarity is 0.6935 (Moderate-to-high semantic alignment); project similarity is 0.0000. The largest weighted contributions come from experience, semantic similarity."
R152,JOB010,.NET Developer,DotNet Developer,Divya Rao,"[""C#""]","["".NET"", ""ASP.NET"", ""SQL"", ""JavaScript""]","[{""required_skill"": ""C#"", ""resume_skill"": ""C#""}]",5,1,0.2,8.0,1.0,7.0,Meets requirement,1.0,Not provided,Not provided,0.0,Not provided,Not provided,0.0,0.0,0.0,False,"Project evidence was unavailable, so this component was excluded from the final-score denominator.",0.705717,Moderate-to-high semantic alignment,0.352941,0.235294,0.176471,0.0,0.235294,0.070588,0.235294,0.0,0.0,0.166051,0.471933,"Candidate R152 received 0.4719 for .NET Developer. The resume matches 1 of 5 required skills; it has 8.00 years of experience versus 1.00 years required (meets requirement). The degree is not provided and the course is not provided. Semantic similarity is 0.7057 (Moderate-to-high semantic alignment); project similarity is 0.0000. The largest weighted contributions come from experience, semantic similarity."
R153,JOB022,SAP Developer,SAP Developer,Ananya Iyer,[],"[""SAP"", ""SAP HANA"", ""SAP BO"", ""SQL"", ""Business Intelligence""]",[],5,0,0.0,9.0,2.0,7.0,Meets requirement,1.0,B.E.,Accepted,0.8,Computer Engineering,Not accepted,0.0,0.4,0.0,False,"Project evidence was unavailable, so this component was excluded from the final-score denominator.",0.892506,High semantic alignment,0.352941,0.235294,0.176471,0.0,0.235294,0.0,0.235294,0.070588,0.0,0.210001,0.515884,"Candidate R153 received 0.5159 for SAP Developer. The resume matches 0 of 5 required skills; it has 9.00 years of experience versus 2.00 years required (meets requirement). The degree is accepted and the course is not accepted. Semantic similarity is 0.8925 (High semantic alignment); project similarity is 0.0000. The largest weighted contributions come from experience, semantic similarity."
R154,JOB013,HR Analyst,HR,Rohan Gupta,[],"[""Excel"", ""Documentation"", ""HR Management""]",[],3,0,0.0,8.0,1.0,7.0,Meets requirement,1.0,B.A,Not accepted,0.0,Economics,Not accepted,0.0,0.0,0.0,False,"Project evidence was unavailable, so this component was excluded from the final-score denominator.",0.720216,Moderate-to-high semantic alignment,0.352941,0.235294,0.176471,0.0,0.235294,0.0,0.235294,0.0,0.0,0.169463,0.404757,"Candidate R154 received 0.4048 for HR Analyst. The resume matches 0 of 3 required skills; it has 8.00 years of experience versus 1.00 years required (meets requirement). The degree is not accepted and the course is not accepted. Semantic similarity is 0.7202 (Moderate-to-high semantic alignment); project similarity is 0.0000. The largest weighted contributions come from experience, semantic similarity."
R155,JOB013,HR Analyst,HR,Aditya Verma,[],"[""Excel"", ""Documentation"", ""HR Management""]",[],3,0,0.0,4.0,1.0,3.0,Meets requirement,1.0,MBA,Preferred,1.0,Finance,Not accepted,0.0,0.5,0.0,False,"Project evidence was unavailable, so this component was excluded from the final-score denominator.",0.713544,Moderate-to-high semantic alignment,0.352941,0.235294,0.176471,0.0,0.235294,0.0,0.235294,0.088235,0.0,0.167893,0.491422,"Candidate R155 received 0.4914 for HR Analyst. The resume matches 0 of 3 required skills; it has 4.00 years of experience versus 1.00 years required (meets requirement). The degree is preferred and the course is not accepted. Semantic similarity is 0.7135 (Moderate-to-high semantic alignment); project similarity is 0.0000. The largest weighted contributions come from experience, semantic similarity."
R156,JOB015,Health and Fitness Professional,Health and fitness,Priya Nair,[],"[""Fitness Training"", ""Exercise"", ""Nutrition"", ""Health"", ""Wellness""]",[],5,0,0.0,11.0,1.0,10.0,Meets requirement,1.0,B.Sc,Accepted,0.8,Management,Not accepted,0.0,0.4,0.0,False,"Project evidence was unavailable, so this component was excluded from the final-score denominator.",0.711816,Moderate-to-high semantic alignment,0.352941,0.235294,0.176471,0.0,0.235294,0.0,0.235294,0.070588,0.0,0.167486,0.473368,"Candidate R156 received 0.4734 for Health and Fitness Professional. The resume matches 0 of 5 required skills; it has 11.00 years of experience versus 1.00 years required (meets requirement). The degree is accepted and the course is not accepted. Semantic similarity is 0.7118 (Moderate-to-high semantic alignment); project similarity is 0.0000. The largest weighted contributions come from experience, semantic similarity."
R157,JOB011,ETL Developer,ETL Developer,Ananya Iyer,"[""ETL""]","[""Informatica"", ""SQL"", ""Databases""]","[{""required_skill"": ""ETL"", ""resume_skill"": ""ETL""}]",4,1,0.25,8.0,2.0,6.0,Meets requirement,1.0,BCA,Not accepted,0.0,Computer Applications,Accepted,0.8,0.4,0.0,False,"Project evidence was unavailable, so this component was excluded from the final-score denominator.",0.706629,Moderate-to-high semantic alignment,0.352941,0.235294,0.176471,0.0,0.235294,0.088235,0.235294,0.070588,0.0,0.166266,0.560383,"Candidate R157 received 0.5604 for ETL Developer. The resume matches 1 of 4 required skills; it has 8.00 years of experience versus 2.00 years required (meets requirement). The degree is not accepted and the course is accepted. Semantic similarity is 0.7066 (Moderate-to-high semantic alignment); project similarity is 0.0000. The largest weighted contributions come from experience, semantic similarity."
R158,JOB009,DevOps Engineer,DevOps Engineer,Arjun Sharma,"[""Cloud Computing""]","[""AWS"", ""Automation"", ""Shell Scripting""]","[{""required_skill"": ""Cloud Computing"", ""resume_skill"": ""Cloud Computing""}]",4,1,0.25,8.0,2.0,6.0,Meets requirement,1.0,B.E.,Accepted,0.8,Information Technology,Accepted,0.8,0.8,0.0,False,"Project evidence was unavailable, so this component was excluded from the final-score denominator.",0.820726,High semantic alignment,0.352941,0.235294,0.176471,0.0,0.235294,0.088235,0.235294,0.141176,0.0,0.193112,0.657818,"Candidate R158 received 0.6578 for DevOps Engineer. The resume matches 1 of 4 required skills; it has 8.00 years of experience versus 2.00 years required (meets requirement). The degree is accepted and the course is accepted. Semantic similarity is 0.8207 (High semantic alignment); project similarity is 0.0000. The largest weighted contributions come from experience, semantic similarity."
R159,JOB001,Legal Professional / Advocate,Advocate,Divya Rao,"[""Legal Writing""]","[""Legal Research"", ""Contract Law"", ""Litigation"", ""Documentation""]","[{""required_skill"": ""Legal Writing"", ""resume_skill"": ""LEGAL WRITING""}]",5,1,0.2,4.2,1.0,3.2,Meets requirement,1.0,LLM,Not accepted,0.0,Criminology,Not accepted,0.0,0.0,0.0,False,"Project evidence was unavailable, so this component was excluded from the final-score denominator.",0.687167,Moderate-to-high semantic alignment,0.352941,0.235294,0.176471,0.0,0.235294,0.070588,0.235294,0.0,0.0,0.161686,0.467569,"Candidate R159 received 0.4676 for Legal Professional / Advocate. The resume matches 1 of 5 required skills; it has 4.20 years of experience versus 1.00 years required (meets requirement). The degree is not accepted and the course is not accepted. Semantic similarity is 0.6872 (Moderate-to-high semantic alignment); project similarity is 0.0000. The largest weighted contributions come from experience, semantic similarity."
R160,JOB016,Java Developer,Java Developer,Divya Rao,"[""Java""]","[""SQL"", ""Spring"", ""Hibernate"", ""J2EE""]","[{""required_skill"": ""Java"", ""resume_skill"": ""JAVA""}]",5,1,0.2,4.8,1.0,3.8,Meets requirement,1.0,B.E.,Accepted,0.8,Information Technology,Accepted,0.8,0.8,0.0,False,"Project evidence was unavailable, so this component was excluded from the final-score denominator.",0.745913,Moderate-to-high semantic alignment,0.352941,0.235294,0.176471,0.0,0.235294,0.070588,0.235294,0.141176,0.0,0.175509,0.622568,"Candidate R160 received 0.6226 for Java Developer. The resume matches 1 of 5 required skills; it has 4.80 years of experience versus 1.00 years required (meets requirement). The degree is accepted and the course is accepted. Semantic similarity is 0.7459 (Moderate-to-high semantic alignment); project similarity is 0.0000. The largest weighted contributions come from experience, semantic similarity."
R161,JOB011,ETL Developer,ETL Developer,Karan Mehta,"[""Informatica""]","[""ETL"", ""SQL"", ""Databases""]","[{""required_skill"": ""Informatica"", ""resume_skill"": ""informatica""}]",4,1,0.25,3.0,2.0,1.0,Meets requirement,1.0,B.E.,Accepted,0.8,Electronics and Telecommunication,Not accepted,0.0,0.4,0.0,False,"Project evidence was unavailable, so this component was excluded from the final-score denominator.",0.766957,High semantic alignment,0.352941,0.235294,0.176471,0.0,0.235294,0.088235,0.235294,0.070588,0.0,0.18046,0.574578,"Candidate R161 received 0.5746 for ETL Developer. The resume matches 1 of 4 required skills; it has 3.00 years of experience versus 2.00 years required (meets requirement). The degree is accepted and the course is not accepted. Semantic similarity is 0.7670 (High semantic alignment); project similarity is 0.0000. The largest weighted contributions come from experience, semantic similarity."
R162,JOB009,DevOps Engineer,DevOps Engineer,Ananya Iyer,[],"[""AWS"", ""Automation"", ""Shell Scripting"", ""Cloud Computing""]",[],4,0,0.0,4.0,2.0,2.0,Meets requirement,1.0,B.E.,Accepted,0.8,Not provided,Not provided,0.0,0.4,0.0,False,"Project evidence was unavailable, so this component was excluded from the final-score denominator.",0.605953,Moderate-to-high semantic alignment,0.352941,0.235294,0.176471,0.0,0.235294,0.0,0.235294,0.070588,0.0,0.142577,0.44846,"Candidate R162 received 0.4485 for DevOps Engineer. The resume matches 0 of 4 required skills; it has 4.00 years of experience versus 2.00 years required (meets requirement). The degree is accepted and the course is not provided. Semantic similarity is 0.6060 (Moderate-to-high semantic alignment); project similarity is 0.0000. The largest weighted contributions come from experience, semantic similarity."
R163,JOB014,Hadoop Developer,Hadoop,Priya Nair,[],"[""Hadoop"", ""Hive"", ""Spark"", ""Java"", ""SQL""]",[],5,0,0.0,4.1,2.0,2.1,Meets requirement,1.0,Not provided,Not provided,0.0,Not provided,Not provided,0.0,0.0,0.0,False,"Project evidence was unavailable, so this component was excluded from the final-score denominator.",0.826753,High semantic alignment,0.352941,0.235294,0.176471,0.0,0.235294,0.0,0.235294,0.0,0.0,0.19453,0.429824,"Candidate R163 received 0.4298 for Hadoop Developer. The resume matches 0 of 5 required skills; it has 4.10 years of experience versus 2.00 years required (meets requirement). The degree is not provided and the course is not provided. Semantic similarity is 0.8268 (High semantic alignment); project similarity is 0.0000. The largest weighted contributions come from experience, semantic similarity."
R164,JOB010,.NET Developer,DotNet Developer,Rohan Gupta,[],"["".NET"", ""C#"", ""ASP.NET"", ""SQL"", ""JavaScript""]",[],5,0,0.0,4.2,1.0,3.2,Meets requirement,1.0,M.Sc,Not accepted,0.0,Computer Science,Accepted,0.8,0.4,0.0,False,"Project evidence was unavailable, so this component was excluded from the final-score denominator.",0.707547,Moderate-to-high semantic alignment,0.352941,0.235294,0.176471,0.0,0.235294,0.0,0.235294,0.070588,0.0,0.166482,0.472364,"Candidate R164 received 0.4724 for .NET Developer. The resume matches 0 of 5 required skills; it has 4.20 years of experience versus 1.00 years required (meets requirement). The degree is not accepted and the course is accepted. Semantic similarity is 0.7075 (Moderate-to-high semantic alignment); project similarity is 0.0000. The largest weighted contributions come from experience, semantic similarity."
R165,JOB015,Health and Fitness Professional,Health and fitness,Arjun Sharma,[],"[""Fitness Training"", ""Exercise"", ""Nutrition"", ""Health"", ""Wellness""]",[],5,0,0.0,11.0,1.0,10.0,Meets requirement,1.0,Not provided,Not provided,0.0,Science,Accepted,0.8,0.4,0.0,False,"Project evidence was unavailable, so this component was excluded from the final-score denominator.",0.743509,Moderate-to-high semantic alignment,0.352941,0.235294,0.176471,0.0,0.235294,0.0,0.235294,0.070588,0.0,0.174943,0.480826,"Candidate R165 received 0.4808 for Health and Fitness Professional. The resume matches 0 of 5 required skills; it has 11.00 years of experience versus 1.00 years required (meets requirement). The degree is not provided and the course is accepted. Semantic similarity is 0.7435 (Moderate-to-high semantic alignment); project similarity is 0.0000. The largest weighted contributions come from experience, semantic similarity."
R166,JOB023,Sales Executive,Sales,Priya Nair,[],"[""Sales"", ""Communication"", ""Customer Relationship Management"", ""Negotiation"", ""Lead Generation""]",[],5,0,0.0,6.0,1.0,5.0,Meets requirement,1.0,MBA,Accepted,0.8,Operations Management,Not accepted,0.0,0.4,0.0,False,"Project evidence was unavailable, so this component was excluded from the final-score denominator.",0.769494,High semantic alignment,0.352941,0.235294,0.176471,0.0,0.235294,0.0,0.235294,0.070588,0.0,0.181057,0.48694,"Candidate R166 received 0.4869 for Sales Executive. The resume matches 0 of 5 required skills; it has 6.00 years of experience versus 1.00 years required (meets requirement). The degree is accepted and the course is not accepted. Semantic similarity is 0.7695 (High semantic alignment); project similarity is 0.0000. The largest weighted contributions come from experience, semantic similarity."
R167,JOB012,Electrical Engineer,Electrical Engineering,Divya Rao,[],"[""Electrical Engineering"", ""MATLAB"", ""AutoCAD"", ""Circuit Design"", ""Power Systems""]",[],5,0,0.0,1.2,1.0,0.2,Meets requirement,1.0,B.E.,Accepted,0.8,Electrical and Electronics Engineering,Accepted,0.8,0.8,0.580161,True,Moderate project-to-role alignment,0.685037,Moderate-to-high semantic alignment,0.3,0.2,0.15,0.15,0.2,0.0,0.2,0.12,0.087024,0.137007,0.544032,"Candidate R167 received 0.5440 for Electrical Engineer. The resume matches 0 of 5 required skills; it has 1.20 years of experience versus 1.00 years required (meets requirement). The degree is accepted and the course is accepted. Semantic similarity is 0.6850 (Moderate-to-high semantic alignment); project similarity is 0.5802. The largest weighted contributions come from experience, semantic similarity."
R168,JOB023,Sales Executive,Sales,Divya Rao,[],"[""Sales"", ""Communication"", ""Customer Relationship Management"", ""Negotiation"", ""Lead Generation""]",[],5,0,0.0,10.0,1.0,9.0,Meets requirement,1.0,Bachelor,Accepted,0.8,Commerce,Accepted,0.8,0.8,0.0,False,"Project evidence was unavailable, so this component was excluded from the final-score denominator.",0.696418,Moderate-to-high semantic alignment,0.352941,0.235294,0.176471,0.0,0.235294,0.0,0.235294,0.141176,0.0,0.163863,0.540334,"Candidate R168 received 0.5403 for Sales Executive. The resume matches 0 of 5 required skills; it has 10.00 years of experience versus 1.00 years required (meets requirement). The degree is accepted and the course is accepted. Semantic similarity is 0.6964 (Moderate-to-high semantic alignment); project similarity is 0.0000. The largest weighted contributions come from experience, semantic similarity."
R169,JOB024,Software Tester,Testing,Aditya Verma,[],"[""Software Testing"", ""Manual Testing"", ""Test Cases"", ""SQL"", ""Selenium""]",[],5,0,0.0,4.0,1.0,3.0,Meets requirement,1.0,B.E.,Accepted,0.8,Not provided,Not provided,0.0,0.4,0.508285,True,Moderate project-to-role alignment,0.740947,Moderate-to-high semantic alignment,0.3,0.2,0.15,0.15,0.2,0.0,0.2,0.06,0.076243,0.148189,0.484432,"Candidate R169 received 0.4844 for Software Tester. The resume matches 0 of 5 required skills; it has 4.00 years of experience versus 1.00 years required (meets requirement). The degree is accepted and the course is not provided. Semantic similarity is 0.7409 (Moderate-to-high semantic alignment); project similarity is 0.5083. The largest weighted contributions come from experience, semantic similarity."
R170,JOB015,Health and Fitness Professional,Health and fitness,Divya Rao,[],"[""Fitness Training"", ""Exercise"", ""Nutrition"", ""Health"", ""Wellness""]",[],5,0,0.0,11.0,1.0,10.0,Meets requirement,1.0,B.Sc,Accepted,0.8,Management,Not accepted,0.0,0.4,0.0,False,"Project evidence was unavailable, so this component was excluded from the final-score denominator.",0.709359,Moderate-to-high semantic alignment,0.352941,0.235294,0.176471,0.0,0.235294,0.0,0.235294,0.070588,0.0,0.166908,0.47279,"Candidate R170 received 0.4728 for Health and Fitness Professional. The resume matches 0 of 5 required skills; it has 11.00 years of experience versus 1.00 years required (meets requirement). The degree is accepted and the course is not accepted. Semantic similarity is 0.7094 (Moderate-to-high semantic alignment); project similarity is 0.0000. The largest weighted contributions come from experience, semantic similarity."
R171,JOB023,Sales Executive,Sales,Ananya Iyer,[],"[""Sales"", ""Communication"", ""Customer Relationship Management"", ""Negotiation"", ""Lead Generation""]",[],5,0,0.0,6.0,1.0,5.0,Meets requirement,1.0,MBA,Accepted,0.8,Hotel Management,Not accepted,0.0,0.4,0.0,False,"Project evidence was unavailable, so this component was excluded from the final-score denominator.",0.752203,High semantic alignment,0.352941,0.235294,0.176471,0.0,0.235294,0.0,0.235294,0.070588,0.0,0.176989,0.482871,"Candidate R171 received 0.4829 for Sales Executive. The resume matches 0 of 5 required skills; it has 6.00 years of experience versus 1.00 years required (meets requirement). The degree is accepted and the course is not accepted. Semantic similarity is 0.7522 (High semantic alignment); project similarity is 0.0000. The largest weighted contributions come from experience, semantic similarity."
R172,JOB022,SAP Developer,SAP Developer,Ananya Iyer,"[""SAP HANA""]","[""SAP"", ""SAP BO"", ""SQL"", ""Business Intelligence""]","[{""required_skill"": ""SAP HANA"", ""resume_skill"": ""SAP HANA""}]",5,1,0.2,9.0,2.0,7.0,Meets requirement,1.0,B.E.,Accepted,0.8,Computer Science,Accepted,0.8,0.8,0.0,False,"Project evidence was unavailable, so this component was excluded from the final-score denominator.",0.774303,High semantic alignment,0.352941,0.235294,0.176471,0.0,0.235294,0.070588,0.235294,0.141176,0.0,0.182189,0.629248,"Candidate R172 received 0.6292 for SAP Developer. The resume matches 1 of 5 required skills; it has 9.00 years of experience versus 2.00 years required (meets requirement). The degree is accepted and the course is accepted. Semantic similarity is 0.7743 (High semantic alignment); project similarity is 0.0000. The largest weighted contributions come from experience, semantic similarity."
R173,JOB001,Legal Professional / Advocate,Advocate,Priya Nair,[],"[""Legal Research"", ""Legal Writing"", ""Contract Law"", ""Litigation"", ""Documentation""]",[],5,0,0.0,8.0,1.0,7.0,Meets requirement,1.0,Bachelor,Not accepted,0.0,Law,Preferred,1.0,0.5,0.0,False,"Project evidence was unavailable, so this component was excluded from the final-score denominator.",0.708359,Moderate-to-high semantic alignment,0.352941,0.235294,0.176471,0.0,0.235294,0.0,0.235294,0.088235,0.0,0.166673,0.490202,"Candidate R173 received 0.4902 for Legal Professional / Advocate. The resume matches 0 of 5 required skills; it has 8.00 years of experience versus 1.00 years required (meets requirement). The degree is not accepted and the course is preferred. Semantic similarity is 0.7084 (Moderate-to-high semantic alignment); project similarity is 0.0000. The largest weighted contributions come from experience, semantic similarity."
R174,JOB015,Health and Fitness Professional,Health and fitness,Vikram Reddy,[],"[""Fitness Training"", ""Exercise"", ""Nutrition"", ""Health"", ""Wellness""]",[],5,0,0.0,11.0,1.0,10.0,Meets requirement,1.0,Diploma,Accepted,0.8,Hotel Management,Not accepted,0.0,0.4,0.0,False,"Project evidence was unavailable, so this component was excluded from the final-score denominator.",0.725002,Moderate-to-high semantic alignment,0.352941,0.235294,0.176471,0.0,0.235294,0.0,0.235294,0.070588,0.0,0.170589,0.476471,"Candidate R174 received 0.4765 for Health and Fitness Professional. The resume matches 0 of 5 required skills; it has 11.00 years of experience versus 1.00 years required (meets requirement). The degree is accepted and the course is not accepted. Semantic similarity is 0.7250 (Moderate-to-high semantic alignment); project similarity is 0.0000. The largest weighted contributions come from experience, semantic similarity."
R175,JOB014,Hadoop Developer,Hadoop,Aditya Verma,[],"[""Hadoop"", ""Hive"", ""Spark"", ""Java"", ""SQL""]",[],5,0,0.0,6.0,2.0,4.0,Meets requirement,1.0,B.E.,Accepted,0.8,Electronics & Communication,Not accepted,0.0,0.4,0.0,False,"Project evidence was unavailable, so this component was excluded from the final-score denominator.",0.739788,Moderate-to-high semantic alignment,0.352941,0.235294,0.176471,0.0,0.235294,0.0,0.235294,0.070588,0.0,0.174068,0.47995,"Candidate R175 received 0.4799 for Hadoop Developer. The resume matches 0 of 5 required skills; it has 6.00 years of experience versus 2.00 years required (meets requirement). The degree is accepted and the course is not accepted. Semantic similarity is 0.7398 (Moderate-to-high semantic alignment); project similarity is 0.0000. The largest weighted contributions come from experience, semantic similarity."
R176,JOB024,Software Tester,Testing,Rohan Gupta,[],"[""Software Testing"", ""Manual Testing"", ""Test Cases"", ""SQL"", ""Selenium""]",[],5,0,0.0,8.0,1.0,7.0,Meets requirement,1.0,Not provided,Not provided,0.0,Not provided,Not provided,0.0,0.0,0.0,False,"Project evidence was unavailable, so this component was excluded from the final-score denominator.",0.625824,Moderate-to-high semantic alignment,0.352941,0.235294,0.176471,0.0,0.235294,0.0,0.235294,0.0,0.0,0.147253,0.382547,"Candidate R176 received 0.3825 for Software Tester. The resume matches 0 of 5 required skills; it has 8.00 years of experience versus 1.00 years required (meets requirement). The degree is not provided and the course is not provided. Semantic similarity is 0.6258 (Moderate-to-high semantic alignment); project similarity is 0.0000. The largest weighted contributions come from experience, semantic similarity."
R177,JOB009,DevOps Engineer,DevOps Engineer,Rohan Gupta,[],"[""AWS"", ""Automation"", ""Shell Scripting"", ""Cloud Computing""]",[],4,0,0.0,10.0,2.0,8.0,Meets requirement,1.0,B.Sc,Not accepted,0.0,Management,Not accepted,0.0,0.0,0.0,False,"Project evidence was unavailable, so this component was excluded from the final-score denominator.",0.724598,Moderate-to-high semantic alignment,0.352941,0.235294,0.176471,0.0,0.235294,0.0,0.235294,0.0,0.0,0.170494,0.405788,"Candidate R177 received 0.4058 for DevOps Engineer. The resume matches 0 of 4 required skills; it has 10.00 years of experience versus 2.00 years required (meets requirement). The degree is not accepted and the course is not accepted. Semantic similarity is 0.7246 (Moderate-to-high semantic alignment); project similarity is 0.0000. The largest weighted contributions come from experience, semantic similarity."
R178,JOB025,Web Designer,Web Designing,Karan Mehta,"[""CSS"", ""Bootstrap""]","[""HTML"", ""JavaScript"", ""Web Design""]","[{""required_skill"": ""CSS"", ""resume_skill"": ""CSS3""}, {""required_skill"": ""Bootstrap"", ""resume_skill"": ""Bootstrap""}]",5,2,0.4,9.0,1.0,8.0,Meets requirement,1.0,Bachelor,Not accepted,0.0,Computer Applications,Accepted,0.8,0.4,0.651483,True,Moderate-to-high project-to-role alignment,0.712653,Moderate-to-high semantic alignment,0.3,0.2,0.15,0.15,0.2,0.12,0.2,0.06,0.097722,0.142531,0.620253,"Candidate R178 received 0.6203 for Web Designer. The resume matches 2 of 5 required skills; it has 9.00 years of experience versus 1.00 years required (meets requirement). The degree is not accepted and the course is accepted. Semantic similarity is 0.7127 (Moderate-to-high semantic alignment); project similarity is 0.6515. The largest weighted contributions come from experience, semantic similarity."
R179,JOB008,Database Administrator,Database,Aditya Verma,[],"[""SQL"", ""Oracle"", ""Databases"", ""MySQL""]",[],4,0,0.0,6.0,2.0,4.0,Meets requirement,1.0,B.Sc,Not accepted,0.0,Information Technology,Accepted,0.8,0.4,0.0,False,"Project evidence was unavailable, so this component was excluded from the final-score denominator.",0.757872,High semantic alignment,0.352941,0.235294,0.176471,0.0,0.235294,0.0,0.235294,0.070588,0.0,0.178323,0.484205,"Candidate R179 received 0.4842 for Database Administrator. The resume matches 0 of 4 required skills; it has 6.00 years of experience versus 2.00 years required (meets requirement). The degree is not accepted and the course is accepted. Semantic similarity is 0.7579 (High semantic alignment); project similarity is 0.0000. The largest weighted contributions come from experience, semantic similarity."
R180,JOB024,Software Tester,Testing,Arjun Sharma,[],"[""Software Testing"", ""Manual Testing"", ""Test Cases"", ""SQL"", ""Selenium""]",[],5,0,0.0,8.0,1.0,7.0,Meets requirement,1.0,B.E.,Accepted,0.8,Electrical Engineering,Not accepted,0.0,0.4,0.0,False,"Project evidence was unavailable, so this component was excluded from the final-score denominator.",0.723854,Moderate-to-high semantic alignment,0.352941,0.235294,0.176471,0.0,0.235294,0.0,0.235294,0.070588,0.0,0.170319,0.476201,"Candidate R180 received 0.4762 for Software Tester. The resume matches 0 of 5 required skills; it has 8.00 years of experience versus 1.00 years required (meets requirement). The degree is accepted and the course is not accepted. Semantic similarity is 0.7239 (Moderate-to-high semantic alignment); project similarity is 0.0000. The largest weighted contributions come from experience, semantic similarity."
R181,JOB007,Data Scientist,Data Science,Karan Mehta,"[""Machine Learning""]","[""Python"", ""SQL""]","[{""required_skill"": ""Machine Learning"", ""resume_skill"": ""MACHINE LEARNING""}]",3,1,0.333333,2.0,2.0,0.0,Meets requirement,1.0,B.Tech,Preferred,1.0,Computer Science,Accepted,0.8,0.9,0.0,False,"Project evidence was unavailable, so this component was excluded from the final-score denominator.",0.807782,High semantic alignment,0.352941,0.235294,0.176471,0.0,0.235294,0.117647,0.235294,0.158824,0.0,0.190066,0.701831,"Candidate R181 received 0.7018 for Data Scientist. The resume matches 1 of 3 required skills; it has 2.00 years of experience versus 2.00 years required (meets requirement). The degree is preferred and the course is accepted. Semantic similarity is 0.8078 (High semantic alignment); project similarity is 0.0000. The largest weighted contributions come from experience, semantic similarity."
R182,JOB023,Sales Executive,Sales,Ishita Chopra,[],"[""Sales"", ""Communication"", ""Customer Relationship Management"", ""Negotiation"", ""Lead Generation""]",[],5,0,0.0,6.0,1.0,5.0,Meets requirement,1.0,MBA,Accepted,0.8,Hotel Management,Not accepted,0.0,0.4,0.0,False,"Project evidence was unavailable, so this component was excluded from the final-score denominator.",0.751355,High semantic alignment,0.352941,0.235294,0.176471,0.0,0.235294,0.0,0.235294,0.070588,0.0,0.176789,0.482672,"Candidate R182 received 0.4827 for Sales Executive. The resume matches 0 of 5 required skills; it has 6.00 years of experience versus 1.00 years required (meets requirement). The degree is accepted and the course is not accepted. Semantic similarity is 0.7514 (High semantic alignment); project similarity is 0.0000. The largest weighted contributions come from experience, semantic similarity."
R183,JOB020,PMO Analyst,PMO,Arjun Sharma,[],"[""Project Management"", ""Documentation"", ""Excel"", ""Reporting"", ""Stakeholder Management""]",[],5,0,0.0,8.0,2.0,6.0,Meets requirement,1.0,Not provided,Not provided,0.0,Not provided,Not provided,0.0,0.0,0.0,False,"Project evidence was unavailable, so this component was excluded from the final-score denominator.",0.746725,Moderate-to-high semantic alignment,0.352941,0.235294,0.176471,0.0,0.235294,0.0,0.235294,0.0,0.0,0.1757,0.410994,"Candidate R183 received 0.4110 for PMO Analyst. The resume matches 0 of 5 required skills; it has 8.00 years of experience versus 2.00 years required (meets requirement). The degree is not provided and the course is not provided. Semantic similarity is 0.7467 (Moderate-to-high semantic alignment); project similarity is 0.0000. The largest weighted contributions come from experience, semantic similarity."
R184,JOB009,DevOps Engineer,DevOps Engineer,Karan Mehta,[],"[""AWS"", ""Automation"", ""Shell Scripting"", ""Cloud Computing""]",[],4,0,0.0,4.0,2.0,2.0,Meets requirement,1.0,B.E.,Accepted,0.8,Not provided,Not provided,0.0,0.4,0.0,False,"Project evidence was unavailable, so this component was excluded from the final-score denominator.",0.611142,Moderate-to-high semantic alignment,0.352941,0.235294,0.176471,0.0,0.235294,0.0,0.235294,0.070588,0.0,0.143798,0.449681,"Candidate R184 received 0.4497 for DevOps Engineer. The resume matches 0 of 4 required skills; it has 4.00 years of experience versus 2.00 years required (meets requirement). The degree is accepted and the course is not provided. Semantic similarity is 0.6111 (Moderate-to-high semantic alignment); project similarity is 0.0000. The largest weighted contributions come from experience, semantic similarity."
R185,JOB020,PMO Analyst,PMO,Divya Rao,[],"[""Project Management"", ""Documentation"", ""Excel"", ""Reporting"", ""Stakeholder Management""]",[],5,0,0.0,8.0,2.0,6.0,Meets requirement,1.0,Not provided,Not provided,0.0,Not provided,Not provided,0.0,0.0,0.0,False,"Project evidence was unavailable, so this component was excluded from the final-score denominator.",0.745285,Moderate-to-high semantic alignment,0.352941,0.235294,0.176471,0.0,0.235294,0.0,0.235294,0.0,0.0,0.175361,0.410655,"Candidate R185 received 0.4107 for PMO Analyst. The resume matches 0 of 5 required skills; it has 8.00 years of experience versus 2.00 years required (meets requirement). The degree is not provided and the course is not provided. Semantic similarity is 0.7453 (Moderate-to-high semantic alignment); project similarity is 0.0000. The largest weighted contributions come from experience, semantic similarity."
R186,JOB003,Automation Test Engineer,Automation Testing,Karan Mehta,[],"[""Automation Testing"", ""Selenium"", ""Java"", ""Python"", ""Test Automation""]",[],5,0,0.0,9.0,1.0,8.0,Meets requirement,1.0,Bachelor,Not accepted,0.0,Electrical Engineering,Not accepted,0.0,0.0,0.0,False,"Project evidence was unavailable, so this component was excluded from the final-score denominator.",0.705222,Moderate-to-high semantic alignment,0.352941,0.235294,0.176471,0.0,0.235294,0.0,0.235294,0.0,0.0,0.165935,0.401229,"Candidate R186 received 0.4012 for Automation Test Engineer. The resume matches 0 of 5 required skills; it has 9.00 years of experience versus 1.00 years required (meets requirement). The degree is not accepted and the course is not accepted. Semantic similarity is 0.7052 (Moderate-to-high semantic alignment); project similarity is 0.0000. The largest weighted contributions come from experience, semantic similarity."
R187,JOB003,Automation Test Engineer,Automation Testing,Karan Mehta,[],"[""Automation Testing"", ""Selenium"", ""Java"", ""Python"", ""Test Automation""]",[],5,0,0.0,9.1,1.0,8.1,Meets requirement,1.0,B.Sc,Not accepted,0.0,Computer Science,Accepted,0.8,0.4,0.0,False,"Project evidence was unavailable, so this component was excluded from the final-score denominator.",0.768926,High semantic alignment,0.352941,0.235294,0.176471,0.0,0.235294,0.0,0.235294,0.070588,0.0,0.180924,0.486806,"Candidate R187 received 0.4868 for Automation Test Engineer. The resume matches 0 of 5 required skills; it has 9.10 years of experience versus 1.00 years required (meets requirement). The degree is not accepted and the course is accepted. Semantic similarity is 0.7689 (High semantic alignment); project similarity is 0.0000. The largest weighted contributions come from experience, semantic similarity."
R188,JOB019,Operations Manager,Operations Manager,Rohan Gupta,[],"[""Operations"", ""Documentation"", ""Excel""]",[],3,0,0.0,17.0,4.0,13.0,Meets requirement,1.0,BCA,Not accepted,0.0,Computer Applications,Not accepted,0.0,0.0,0.0,False,"Project evidence was unavailable, so this component was excluded from the final-score denominator.",0.662082,Moderate-to-high semantic alignment,0.352941,0.235294,0.176471,0.0,0.235294,0.0,0.235294,0.0,0.0,0.155784,0.391078,"Candidate R188 received 0.3911 for Operations Manager. The resume matches 0 of 3 required skills; it has 17.00 years of experience versus 4.00 years required (meets requirement). The degree is not accepted and the course is not accepted. Semantic similarity is 0.6621 (Moderate-to-high semantic alignment); project similarity is 0.0000. The largest weighted contributions come from experience, semantic similarity."
R189,JOB005,Business Analyst,Business Analyst,Ishita Chopra,"[""Excel""]","[""Documentation"", ""SQL"", ""Operations""]","[{""required_skill"": ""Excel"", ""resume_skill"": ""EXCEL""}]",4,1,0.25,4.0,2.0,2.0,Meets requirement,1.0,B.Sc,Not accepted,0.0,Management,Not accepted,0.0,0.0,0.0,False,"Project evidence was unavailable, so this component was excluded from the final-score denominator.",0.706535,Moderate-to-high semantic alignment,0.352941,0.235294,0.176471,0.0,0.235294,0.088235,0.235294,0.0,0.0,0.166244,0.489773,"Candidate R189 received 0.4898 for Business Analyst. The resume matches 1 of 4 required skills; it has 4.00 years of experience versus 2.00 years required (meets requirement). The degree is not accepted and the course is not accepted. Semantic similarity is 0.7065 (Moderate-to-high semantic alignment); project similarity is 0.0000. The largest weighted contributions come from experience, semantic similarity."
R190,JOB016,Java Developer,Java Developer,Karan Mehta,"[""SQL""]","[""Java"", ""Spring"", ""Hibernate"", ""J2EE""]","[{""required_skill"": ""SQL"", ""resume_skill"": ""SQL""}]",5,1,0.2,9.0,1.0,8.0,Meets requirement,1.0,B.E.,Accepted,0.8,Computer Technology,Not accepted,0.0,0.4,0.0,False,"Project evidence was unavailable, so this component was excluded from the final-score denominator.",0.790066,High semantic alignment,0.352941,0.235294,0.176471,0.0,0.235294,0.070588,0.235294,0.070588,0.0,0.185898,0.562368,"Candidate R190 received 0.5624 for Java Developer. The resume matches 1 of 5 required skills; it has 9.00 years of experience versus 1.00 years required (meets requirement). The degree is accepted and the course is not accepted. Semantic similarity is 0.7901 (High semantic alignment); project similarity is 0.0000. The largest weighted contributions come from experience, semantic similarity."
R191,JOB021,Python Developer,Python Developer,Priya Nair,[],"[""Python"", ""SQL"", ""Django"", ""Flask"", ""REST API""]",[],5,0,0.0,8.0,1.0,7.0,Meets requirement,1.0,Not provided,Not provided,0.0,Not provided,Not provided,0.0,0.0,0.0,False,"Project evidence was unavailable, so this component was excluded from the final-score denominator.",0.611553,Moderate-to-high semantic alignment,0.352941,0.235294,0.176471,0.0,0.235294,0.0,0.235294,0.0,0.0,0.143895,0.379189,"Candidate R191 received 0.3792 for Python Developer. The resume matches 0 of 5 required skills; it has 8.00 years of experience versus 1.00 years required (meets requirement). The degree is not provided and the course is not provided. Semantic similarity is 0.6116 (Moderate-to-high semantic alignment); project similarity is 0.0000. The largest weighted contributions come from experience, semantic similarity."
R192,JOB024,Software Tester,Testing,Divya Rao,[],"[""Software Testing"", ""Manual Testing"", ""Test Cases"", ""SQL"", ""Selenium""]",[],5,0,0.0,4.0,1.0,3.0,Meets requirement,1.0,B.E.,Accepted,0.8,Not provided,Not provided,0.0,0.4,0.508285,True,Moderate project-to-role alignment,0.752906,High semantic alignment,0.3,0.2,0.15,0.15,0.2,0.0,0.2,0.06,0.076243,0.150581,0.486824,"Candidate R192 received 0.4868 for Software Tester. The resume matches 0 of 5 required skills; it has 4.00 years of experience versus 1.00 years required (meets requirement). The degree is accepted and the course is not provided. Semantic similarity is 0.7529 (High semantic alignment); project similarity is 0.5083. The largest weighted contributions come from experience, semantic similarity."
R193,JOB001,Legal Professional / Advocate,Advocate,Vikram Reddy,[],"[""Legal Research"", ""Legal Writing"", ""Contract Law"", ""Litigation"", ""Documentation""]",[],5,0,0.0,4.2,1.0,3.2,Meets requirement,1.0,B.A. LL.B.,Accepted,0.8,Law,Preferred,1.0,0.9,0.0,False,"Project evidence was unavailable, so this component was excluded from the final-score denominator.",0.734415,Moderate-to-high semantic alignment,0.352941,0.235294,0.176471,0.0,0.235294,0.0,0.235294,0.158824,0.0,0.172804,0.566921,"Candidate R193 received 0.5669 for Legal Professional / Advocate. The resume matches 0 of 5 required skills; it has 4.20 years of experience versus 1.00 years required (meets requirement). The degree is accepted and the course is preferred. Semantic similarity is 0.7344 (Moderate-to-high semantic alignment); project similarity is 0.0000. The largest weighted contributions come from experience, semantic similarity."
R194,JOB004,Blockchain Developer,Blockchain,Ananya Iyer,[],"[""Blockchain"", ""Solidity"", ""Ethereum"", ""Smart Contracts"", ""JavaScript""]",[],5,0,0.0,4.0,1.0,3.0,Meets requirement,1.0,B.E.,Accepted,0.8,Computer Science,Accepted,0.8,0.8,0.0,False,"Project evidence was unavailable, so this component was excluded from the final-score denominator.",0.777575,High semantic alignment,0.352941,0.235294,0.176471,0.0,0.235294,0.0,0.235294,0.141176,0.0,0.182959,0.559429,"Candidate R194 received 0.5594 for Blockchain Developer. The resume matches 0 of 5 required skills; it has 4.00 years of experience versus 1.00 years required (meets requirement). The degree is accepted and the course is accepted. Semantic similarity is 0.7776 (High semantic alignment); project similarity is 0.0000. The largest weighted contributions come from experience, semantic similarity."
R195,JOB006,Civil Engineer,Civil Engineer,Neha Kapoor,[],"[""AutoCAD"", ""Civil Engineering"", ""Construction"", ""Structural Design"", ""Site Supervision""]",[],5,0,0.0,5.2,1.0,4.2,Meets requirement,1.0,M.E.,Not accepted,0.0,Civil Engineering,Preferred,1.0,0.5,0.0,False,"Project evidence was unavailable, so this component was excluded from the final-score denominator.",0.735377,Moderate-to-high semantic alignment,0.352941,0.235294,0.176471,0.0,0.235294,0.0,0.235294,0.088235,0.0,0.17303,0.496559,"Candidate R195 received 0.4966 for Civil Engineer. The resume matches 0 of 5 required skills; it has 5.20 years of experience versus 1.00 years required (meets requirement). The degree is not accepted and the course is preferred. Semantic similarity is 0.7354 (Moderate-to-high semantic alignment); project similarity is 0.0000. The largest weighted contributions come from experience, semantic similarity."
R196,JOB012,Electrical Engineer,Electrical Engineering,Karan Mehta,[],"[""Electrical Engineering"", ""MATLAB"", ""AutoCAD"", ""Circuit Design"", ""Power Systems""]",[],5,0,0.0,0.9,1.0,-0.1,Below requirement,0.9,B.E.,Accepted,0.8,Electrical and Electronics Engineering,Accepted,0.8,0.8,0.0,False,"Project evidence was unavailable, so this component was excluded from the final-score denominator.",0.750414,High semantic alignment,0.352941,0.235294,0.176471,0.0,0.235294,0.0,0.211765,0.141176,0.0,0.176568,0.529509,"Candidate R196 received 0.5295 for Electrical Engineer. The resume matches 0 of 5 required skills; it has 0.90 years of experience versus 1.00 years required (below requirement). The degree is accepted and the course is accepted. Semantic similarity is 0.7504 (High semantic alignment); project similarity is 0.0000. The largest weighted contributions come from experience, semantic similarity."
R197,JOB013,HR Analyst,HR,Divya Rao,[],"[""Excel"", ""Documentation"", ""HR Management""]",[],3,0,0.0,8.0,1.0,7.0,Meets requirement,1.0,B.A,Not accepted,0.0,Economics,Not accepted,0.0,0.0,0.0,False,"Project evidence was unavailable, so this component was excluded from the final-score denominator.",0.705225,Moderate-to-high semantic alignment,0.352941,0.235294,0.176471,0.0,0.235294,0.0,0.235294,0.0,0.0,0.165935,0.401229,"Candidate R197 received 0.4012 for HR Analyst. The resume matches 0 of 3 required skills; it has 8.00 years of experience versus 1.00 years required (meets requirement). The degree is not accepted and the course is not accepted. Semantic similarity is 0.7052 (Moderate-to-high semantic alignment); project similarity is 0.0000. The largest weighted contributions come from experience, semantic similarity."
R198,JOB022,SAP Developer,SAP Developer,Neha Kapoor,[],"[""SAP"", ""SAP HANA"", ""SAP BO"", ""SQL"", ""Business Intelligence""]",[],5,0,0.0,13.0,2.0,11.0,Meets requirement,1.0,Not provided,Not provided,0.0,Not provided,Not provided,0.0,0.0,0.0,False,"Project evidence was unavailable, so this component was excluded from the final-score denominator.",0.857375,High semantic alignment,0.352941,0.235294,0.176471,0.0,0.235294,0.0,0.235294,0.0,0.0,0.201735,0.437029,"Candidate R198 received 0.4370 for SAP Developer. The resume matches 0 of 5 required skills; it has 13.00 years of experience versus 2.00 years required (meets requirement). The degree is not provided and the course is not provided. Semantic similarity is 0.8574 (High semantic alignment); project similarity is 0.0000. The largest weighted contributions come from experience, semantic similarity."
R199,JOB010,.NET Developer,DotNet Developer,Arjun Sharma,[],"["".NET"", ""C#"", ""ASP.NET"", ""SQL"", ""JavaScript""]",[],5,0,0.0,5.0,1.0,4.0,Meets requirement,1.0,B.E.,Accepted,0.8,Not provided,Not provided,0.0,0.4,0.0,False,"Project evidence was unavailable, so this component was excluded from the final-score denominator.",0.823078,High semantic alignment,0.352941,0.235294,0.176471,0.0,0.235294,0.0,0.235294,0.070588,0.0,0.193665,0.499548,"Candidate R199 received 0.4995 for .NET Developer. The resume matches 0 of 5 required skills; it has 5.00 years of experience versus 1.00 years required (meets requirement). The degree is accepted and the course is not provided. Semantic similarity is 0.8231 (High semantic alignment); project similarity is 0.0000. The largest weighted contributions come from experience, semantic similarity."
R200,JOB003,Automation Test Engineer,Automation Testing,Ananya Iyer,[],"[""Automation Testing"", ""Selenium"", ""Java"", ""Python"", ""Test Automation""]",[],5,0,0.0,9.0,1.0,8.0,Meets requirement,1.0,B.Tech,Preferred,1.0,Information Technology,Accepted,0.8,0.9,0.0,False,"Project evidence was unavailable, so this component was excluded from the final-score denominator.",0.688228,Moderate-to-high semantic alignment,0.352941,0.235294,0.176471,0.0,0.235294,0.0,0.235294,0.158824,0.0,0.161936,0.556054,"Candidate R200 received 0.5561 for Automation Test Engineer. The resume matches 0 of 5 required skills; it has 9.00 years of experience versus 1.00 years required (meets requirement). The degree is preferred and the course is accepted. Semantic similarity is 0.6882 (Moderate-to-high semantic alignment); project similarity is 0.0000. The largest weighted contributions come from experience, semantic similarity."
