resume_id,name,college,college_tier,city,city_tier,employment_gap_months,source_category,resume_text,education_raw,education_status,skills_raw,experience_raw
R001,Priya Nair,Indian Institute of Technology Bombay,1,Kolkata,1,0,SAP Developer,"Name: Priya Nair
College: Indian Institute of Technology Bombay
City: Kolkata
Employment Gap: None

Competencies: SAP Business Intelligence Version SAP BO 4.2 BO Tools Design Studio, IDT, Webi, UDT, CMC activities Backend DB HANA, BW, Bex Queries, SQLEducation Details SAP BO Developer and SAP HANA Developer SAP BO Developer - Credit Suisse Skill Details Sap Bi- Exprience - 72 months CMC- Exprience - 72 months HANA- Exprience - 36 months BUSINESS INTELLIGENCE- Exprience - 72 months SQL- Exprience - 72 months SAP BO- Exprience - 72 monthsCompany Details company - Accenture description - Company Accenture, Pune Environment SAP BO 4.2, IDT, HANA views Role SAP BO Developer and HANA developer Description: This Project aims to provide reporting solution for Swiss business users.The universe supports analyzing customer funds purchase order patterns and order lifecycle reporting. The purpose of reports is to provide an end-to-end view of the entire sales order transaction, and to track the investment orders in various funds, including the status of orders, order types along with the gross value and net value to be generated from these orders. Roles & Responsibilities: â¢ Analyzed user requirements and sorted the best possible ways of optimizing performance of universe. â¢ CV and",SAP BO Developer and SAP HANA Developer SAP BO Developer - Credit Suisse,found,Sap Bi- Exprience - 72 months CMC- Exprience - 72 months HANA- Exprience - 36 months BUSINESS INTELLIGENCE- Exprience - 72 months SQL- Exprience - 72 months SAP BO- Exprience - 72 months,"company - Accenture description - Company Accenture, Pune Environment SAP BO 4.2, IDT, HANA views Role SAP BO Developer and HANA developer Description: This Project aims to provide reporting solution for Swiss business users.The universe supports analyzing customer funds purchase order patterns and order lifecycle reporting. The purpose of reports is to provide an end-to-end view of the entire sales order transaction, and to track the investment orders in various funds, including the status of orders, order types along with the gross value and net value to be generated from these orders. Roles & Responsibilities: â¢ Analyzed user requirements and sorted the best possible ways of optimizing performance of universe. â¢ CV and"
R002,Ananya Iyer,Indian Institute of Technology Kanpur,1,Bangalore,1,0,HR,"Name: Ananya Iyer
College: Indian Institute of Technology Kanpur
City: Bangalore
Employment Gap: None

I.T. Skills â¢ Windows XP, Ms Office (Word, Excel: Look-ups; Pivot table; other basic functions ; Power Point) â¢ Saral Payment Package- payroll software â¢ Internet ApplicationsEducation Details January 2006 Bachelor in Hospitality Management International Hospitality Management Queen Margaret University Edinburg January 2006 diploma Hotel Management International Institute of Hotel Management HR Skill Details Hr Management- Exprience - Less than 1 year monthsCompany Details company - Atri Developers description - â¢ HR Payroll Statutory Compliance Performance Management company - description - Employee Relations and Administration: Creating industry specific Policies, Procedure, Forms, Formats, Letters, Checklists etc Payroll Management: Salary restructuring to process payroll of 600 employees. â¢ Validation of all input (Attendance, Leaves, and Salaries) before starting salary process. â¢ Processing accurate & error free salary of employees. â¢ Responsible for compensation and benefits administration. â¢ Coordinate with Accounts team for salary processing. â¢ Attendance & Leave record management â¢ Assuring prompt and satisfactory resolution of payroll related queries",January 2006 Bachelor in Hospitality Management International Hospitality Management Queen Margaret University Edinburg January 2006 diploma Hotel Management International Institute of Hotel Management HR,found,Hr Management- Exprience - Less than 1 year months,"company - Atri Developers description - â¢ HR Payroll Statutory Compliance Performance Management company - description - Employee Relations and Administration: Creating industry specific Policies, Procedure, Forms, Formats, Letters, Checklists etc Payroll Management: Salary restructuring to process payroll of 600 employees. â¢ Validation of all input (Attendance, Leaves, and Salaries) before starting salary process. â¢ Processing accurate & error free salary of employees. â¢ Responsible for compensation and benefits administration. â¢ Coordinate with Accounts team for salary processing. â¢ Attendance & Leave record management â¢ Assuring prompt and satisfactory resolution of payroll related queries"
R003,Priya Nair,BITS Pilani,1,Delhi,1,0,Arts,"Name: Priya Nair
College: BITS Pilani
City: Delhi
Employment Gap: None

Education Details January 2017 Rachana Sansad School of Interior Deign January 2013 Holy Family High School Master of Commerce Marketing Mumbai, Maharashtra University of Mumbai Drawing & Arts & Craft Teacher Drawing & Arts & Craft Teacher - Ghatkopar YMCA Skill Details Company Details company - Ghatkopar YMCA description - for 3 Years. â Worked in Jungle Cubs Gym as a Co-ordinator for 1 Year.","January 2017 Rachana Sansad School of Interior Deign January 2013 Holy Family High School Master of Commerce Marketing Mumbai, Maharashtra University of Mumbai Drawing & Arts & Craft Teacher Drawing & Arts & Craft Teacher - Ghatkopar YMCA",found,,company - Ghatkopar YMCA description - for 3 Years. â Worked in Jungle Cubs Gym as a Co-ordinator for 1 Year.
R004,Ishita Chopra,Indian Institute of Technology Roorkee,1,Mumbai,1,0,Database,"Name: Ishita Chopra
College: Indian Institute of Technology Roorkee
City: Mumbai
Employment Gap: None

Areas of Expertise â¢ Oracle Databases 12c, 11g, 10g â¢ Weblogic 12c, 11g â¢ Grid Infrastructure â¢ RMAN â¢ ASM â¢ Middleware: OIM, OAM, SOA â¢ Shell Scripts â¢ DataGuard â¢ Web servers - OHS, Apache â¢ Architecture Designs â¢ Proof of Concepts â¢ DevOpsEducation Details January 2007 Bachelor of Engineering Information Technology Sangli, Maharashtra Walchand College January 2004 Diploma Computer Engineering Jalgaon, Maharashtra Govt. Polytechnic Lead Database Administrator Lead Database Administrator - Tieto Software Skill Details DATABASES- Exprience - 108 months MIDDLEWARE- Exprience - 96 months RMAN- Exprience - 84 months SHELL SCRIPTS- Exprience - 48 monthsCompany Details company - Tieto Software description - As a part of AO (Application Operations) team, scope in project is quite wide than typical database administration. Range of accomplishments are extended right from Data Tier to Middle Tier & Application Tier: - Maximized availability of applications from 99.3% to 99.8% - Raised business by presenting Proof of Concepts for 10+ cases - Delivered upgrades of various applications time to time to keep it on supported platform - Saved SLAs as per contract by means","January 2007 Bachelor of Engineering Information Technology Sangli, Maharashtra Walchand College January 2004 Diploma Computer Engineering Jalgaon, Maharashtra Govt. Polytechnic Lead Database Administrator Lead Database Administrator - Tieto Software",found,DATABASES- Exprience - 108 months MIDDLEWARE- Exprience - 96 months RMAN- Exprience - 84 months SHELL SCRIPTS- Exprience - 48 months,"company - Tieto Software description - As a part of AO (Application Operations) team, scope in project is quite wide than typical database administration. Range of accomplishments are extended right from Data Tier to Middle Tier & Application Tier: - Maximized availability of applications from 99.3% to 99.8% - Raised business by presenting Proof of Concepts for 10+ cases - Delivered upgrades of various applications time to time to keep it on supported platform - Saved SLAs as per contract by means"
R005,Arjun Sharma,Indian Institute of Technology Delhi,1,Chennai,1,0,DevOps Engineer,"Name: Arjun Sharma
College: Indian Institute of Technology Delhi
City: Chennai
Employment Gap: None

Skills VISA B1-VISA (USA) Onsite Visits to Sweden & US (Seattle) Education Details January 2013 Post Graduate Diploma Information Technology Pune, Maharashtra Symbiosis Institute January 2007 Bachelor of Engineering Electronics and Telecommunications Pune, Maharashtra Pune University Cloud Operations Architect (DevOps) Cloud Operations Architect (DevOps) - DevOps Skill Details Cloud Computing- Exprience - 48 months Shell Scripting- Exprience - 96 months Python- Exprience - 6 months Automation- Exprience - 72 months Solution Architect- Exprience - Less than 1 year months Azure- Exprience - Less than 1 year months AWS- Exprience - Less than 1 year monthsCompany Details company - DevOps description - Type: DevOps Engineer. Platform: AWS Cloud, Azure Cloud. Services: AWS EC2, RDS, CloudFormation Template, Lambda, Dynamo DB, Cloud Watch, Auto-scaling, Elastic Bean stalk, Appdynamics. Here I manage Tibco Spotfire enterprise & Cloud Product support. Being the only Ops member in India I got a chance to recruit & build entire team of 15 members. I also worked on 4 different Projects / products simultaneously and added the hired members into these products. My responsibilities in this","January 2013 Post Graduate Diploma Information Technology Pune, Maharashtra Symbiosis Institute January 2007 Bachelor of Engineering Electronics and Telecommunications Pune, Maharashtra Pune University Cloud Operations Architect (DevOps) Cloud Operations Architect (DevOps) - DevOps",found,Cloud Computing- Exprience - 48 months Shell Scripting- Exprience - 96 months Python- Exprience - 6 months Automation- Exprience - 72 months Solution Architect- Exprience - Less than 1 year months Azure- Exprience - Less than 1 year months AWS- Exprience - Less than 1 year months,"company - DevOps description - Type: DevOps Engineer. Platform: AWS Cloud, Azure Cloud. Services: AWS EC2, RDS, CloudFormation Template, Lambda, Dynamo DB, Cloud Watch, Auto-scaling, Elastic Bean stalk, Appdynamics. Here I manage Tibco Spotfire enterprise & Cloud Product support. Being the only Ops member in India I got a chance to recruit & build entire team of 15 members. I also worked on 4 different Projects / products simultaneously and added the hired members into these products. My responsibilities in this"
R006,Ananya Iyer,BITS Pilani,1,Mumbai,1,0,Operations Manager,"Name: Ananya Iyer
College: BITS Pilani
City: Mumbai
Employment Gap: None

IT SKILLS â¢ Well versed with MS Office and Internet Applications and various ERP systems implemented in the company ie.SAGE, Flotilla, LM ERP, Tally 9, WMS, Exceed 4000 etc PERSONAL DOSSIER Permanent Address: Bandra West, Mumbai 400 050Education Details B.Com commerce Mumbai, Maharashtra Bombay University Mumbai, Maharashtra St. Andrews College DIM Business Management IGNOU Operations Manager Operations Manager - Landmark Insurance Brokers Pvt Ltd Skill Details EMPLOYEE RESOURCE GROUP- Exprience - 6 months ENTERPRISE RESOURCE PLANNING- Exprience - 6 months ERP- Exprience - 6 months MS OFFICE- Exprience - 6 months Tally- Exprience - 6 monthsCompany Details company - Landmark Insurance Brokers Pvt Ltd description - Jan 2019 till Date About the Company One of India Largest Insurance Brokerage firms with offices across 24 states PAN India and a part of the LandmarkGroup with an annual turnover of 2200 cr Position: Operations Manager Leading and overseeing a team of 12 people to ensure that the correct work processes and TAT are followed with regards to complete insurance handling from cheque submission right upto policy issuance and support to all offices PAN India for Motor and","B.Com commerce Mumbai, Maharashtra Bombay University Mumbai, Maharashtra St. Andrews College DIM Business Management IGNOU Operations Manager Operations Manager - Landmark Insurance Brokers Pvt Ltd",found,EMPLOYEE RESOURCE GROUP- Exprience - 6 months ENTERPRISE RESOURCE PLANNING- Exprience - 6 months ERP- Exprience - 6 months MS OFFICE- Exprience - 6 months Tally- Exprience - 6 months,company - Landmark Insurance Brokers Pvt Ltd description - Jan 2019 till Date About the Company One of India Largest Insurance Brokerage firms with offices across 24 states PAN India and a part of the LandmarkGroup with an annual turnover of 2200 cr Position: Operations Manager Leading and overseeing a team of 12 people to ensure that the correct work processes and TAT are followed with regards to complete insurance handling from cheque submission right upto policy issuance and support to all offices PAN India for Motor and
R007,Aditya Verma,Indian Institute of Technology Kanpur,1,Pune,1,0,Civil Engineer,"Name: Aditya Verma
College: Indian Institute of Technology Kanpur
City: Pune
Employment Gap: None

Computer Skills â¢ Holder of valid KSA license â¢ Basic Computer â¢ MS Office â¢ Autocad 2006Education Details January 2005 Diploma Bengaluru, Karnataka Oxford polytechnic Banglore Civil Engineer Civil Engineer - Utility powertech Ltd Skill Details Company Details company - Utility powertech Ltd description - 1. Project Name Nabinagar thermal power Project Aurangabad Bihar Client NTPC/BRBCL Position Civil Engineer company - DAMMAM KSA description - October 2008 to June 2011 AL NAFJAN & AL ABAD CO. DAMMAM KSA Position Civil Engineer Project Undertaken: 1. Project Name: STC & QATIF S/L project no 2065864 Client: Department of civil aviation Main Contractor: Al Nafjan & Al Abad co. Consultant: Arif & Kinfolk 2. Project Name: King Fahad International Airport Client: Department of civil aviation Main Contractor: Al Nafjan & Al Abad co. Consultant: Dar-Al-Hadassah Project Description: DPF have Eleven Buildings. They are building 1 to building 11 all buildings are typical but it has three type. They are type 1, type 2 and type 3. Basically these building are for the senior staff for Saudi Arabian police force & army accommodation of Saudi Arabia. Job Responsibility â¢ Planning of","January 2005 Diploma Bengaluru, Karnataka Oxford polytechnic Banglore Civil Engineer Civil Engineer - Utility powertech Ltd",found,,"company - Utility powertech Ltd description - 1. Project Name Nabinagar thermal power Project Aurangabad Bihar Client NTPC/BRBCL Position Civil Engineer company - DAMMAM KSA description - October 2008 to June 2011 AL NAFJAN & AL ABAD CO. DAMMAM KSA Position Civil Engineer Project Undertaken: 1. Project Name: STC & QATIF S/L project no 2065864 Client: Department of civil aviation Main Contractor: Al Nafjan & Al Abad co. Consultant: Arif & Kinfolk 2. Project Name: King Fahad International Airport Client: Department of civil aviation Main Contractor: Al Nafjan & Al Abad co. Consultant: Dar-Al-Hadassah Project Description: DPF have Eleven Buildings. They are building 1 to building 11 all buildings are typical but it has three type. They are type 1, type 2 and type 3. Basically these building are for the senior staff for Saudi Arabian police force & army accommodation of Saudi Arabia. Job Responsibility â¢ Planning of"
R008,Ananya Iyer,Indian Institute of Technology Guwahati,1,Kolkata,1,0,ETL Developer,"Name: Ananya Iyer
College: Indian Institute of Technology Guwahati
City: Kolkata
Employment Gap: None

Technical Summary â¢ Knowledge of Informatica Power Center (ver. 9.1 and 10) ETL Tool: Mapping designing, usage of multiple transformations. Integration of various data source like SQL Server tables, Flat Files, etc. into target data warehouse. â¢ SQL/PLSQL working knowledge on Microsoft SQL server 2010. â¢ Unix Work Description: shell scripting, error debugging. â¢ Job scheduling using Autosys, Incident management and Change Requests through Service Now, JIRA, Agile Central â¢ Basic knowledge of Intellimatch (Reconciliation tool) Education Details January 2010 to January 2014 BTech CSE Sangli, Maharashtra Walchand College of Engineering October 2009 H.S.C Sangli, Maharashtra Willingdon College August 2007 S.S.C Achievements Sangli, Maharashtra Martin's English School ETL Developer IT Analyst Skill Details ETL- Exprience - 48 months EXTRACT, TRANSFORM, AND LOAD- Exprience - 48 months INFORMATICA- Exprience - 48 months MS SQL SERVER- Exprience - 48 months RECONCILIATION- Exprience - 48 months Jira- Exprience - 36 monthsCompany Details company - Tata Consultancy Services description - Project Details Client/Project: Barclays UK London/HEXAD Environment: Informatica (Power","January 2010 to January 2014 BTech CSE Sangli, Maharashtra Walchand College of Engineering October 2009 H.S.C Sangli, Maharashtra Willingdon College August 2007 S.S.C Achievements Sangli, Maharashtra Martin's English School ETL Developer IT Analyst",found,"ETL- Exprience - 48 months EXTRACT, TRANSFORM, AND LOAD- Exprience - 48 months INFORMATICA- Exprience - 48 months MS SQL SERVER- Exprience - 48 months RECONCILIATION- Exprience - 48 months Jira- Exprience - 36 months",company - Tata Consultancy Services description - Project Details Client/Project: Barclays UK London/HEXAD Environment: Informatica (Power
R009,Arjun Sharma,Indian Institute of Technology Madras,1,Pune,1,0,ETL Developer,"Name: Arjun Sharma
College: Indian Institute of Technology Madras
City: Pune
Employment Gap: None

Education Details January 2015 Bachelor of Engineering EXTC Mumbai, Maharashtra Mumbai University January 2012 Diploma Industrial Electronics Vashi, MAHARASHTRA, IN Fr. Agnel Polytechnic ETL Developer ETL Developer Skill Details informatica- Exprience - 36 monthsCompany Details company - Blue Shield of California description - Duration: (Mar 2016 - Sept 2017) Description: Blue Shield of California (BSC) is health plan provider. The intent of this project is to process feeds coming in and going out of BSC system related to eligibility, enrollment, and claims subject areas. All these feeds comes in different formats and are processed using Informatica 9.6.1, Oracle 11g, Facets 5.0 &Tidal. Technical environment: ETL tool (Informatica power Center 9.6.1), Oracle 11g (SQL, PL-SQL), UNIX, Facets, Tidal, JIRA, Putty. Role: ETL Developer Responsibilities: â¢ Responsible for analyzing the business requirement document â¢ Involved in development of Informatica mappings using different transformations like source qualifier, expression, filter, router, joiner, union, aggregator, normalizer, sorter, lookup and its corresponding sessions and workflows. â¢ Extensively used Informatica","January 2015 Bachelor of Engineering EXTC Mumbai, Maharashtra Mumbai University January 2012 Diploma Industrial Electronics Vashi, MAHARASHTRA, IN Fr. Agnel Polytechnic ETL Developer ETL Developer",found,informatica- Exprience - 36 months,"company - Blue Shield of California description - Duration: (Mar 2016 - Sept 2017) Description: Blue Shield of California (BSC) is health plan provider. The intent of this project is to process feeds coming in and going out of BSC system related to eligibility, enrollment, and claims subject areas. All these feeds comes in different formats and are processed using Informatica 9.6.1, Oracle 11g, Facets 5.0 &Tidal. Technical environment: ETL tool (Informatica power Center 9.6.1), Oracle 11g (SQL, PL-SQL), UNIX, Facets, Tidal, JIRA, Putty. Role: ETL Developer Responsibilities: â¢ Responsible for analyzing the business requirement document â¢ Involved in development of Informatica mappings using different transformations like source qualifier, expression, filter, router, joiner, union, aggregator, normalizer, sorter, lookup and its corresponding sessions and workflows. â¢ Extensively used Informatica"
R010,Neha Kapoor,Indian Institute of Science Bangalore,1,Bangalore,1,0,Mechanical Engineer,"Name: Neha Kapoor
College: Indian Institute of Science Bangalore
City: Bangalore
Employment Gap: None

Education Details January 2018 Bachelor's of Engineering Engineering Mumbai, Maharashtra MGM College of Engineering Diploma Mechanical Pune, Maharashtra MIT President of Mechanical Engineering Student's Association President of Mechanical Engineering Student's Association Skill Details Company Details company - Full Throttle description - conducted by IIT Bombay. â¢ Worked as a President of Mechanical Engineering Student's Association [MESA] in MIT, Pune. company - R.C Car Race of STEPCONE description - paper & project contest and exhibition conducted by GMR Instiute of Technology.","January 2018 Bachelor's of Engineering Engineering Mumbai, Maharashtra MGM College of Engineering Diploma Mechanical Pune, Maharashtra MIT President of Mechanical Engineering Student's Association President of Mechanical Engineering Student's Association",found,,"company - Full Throttle description - conducted by IIT Bombay. â¢ Worked as a President of Mechanical Engineering Student's Association [MESA] in MIT, Pune. company - R.C Car Race of STEPCONE description - paper & project contest and exhibition conducted by GMR Instiute of Technology."
R011,Ananya Iyer,Indian Institute of Technology Kharagpur,1,Delhi,1,0,Civil Engineer,"Name: Ananya Iyer
College: Indian Institute of Technology Kharagpur
City: Delhi
Employment Gap: None

Education Details B.E in Civil Engineering Civil Engineering Chennai, Tamil Nadu Anna University QA/QC Civil Engineer QA/QC Civil Engineer Skill Details Company Details company - Ray Engineering Limited description - Mumbai, India. Consultancy: Jacobs Engineering India Limits. (United States Company) Client: Glaxo Smith Kline (GSK), Nashik, India. Position: QA/QC Civil Engineer. Project Summary: Glaxo Smith Kline (GSK) is British multinational pharmaceutical Company in India. USD 150 million Building project of GSK. The Project involving in Medicine Manufacturing plant, Effluent Treatment plant (ETP), Effluent Drain line and storm water line. Duties & Responsibilities: â¢ All site inspection shall be carried out vise an official Inspection and Test Request (ITR) submitted by the Contractor through the proper channels â¢ Develop method statement for the activity including risk assessment and job safety environmental analysis and Inspection Test Plan and Checklist based on specifications of the project â¢ Taking care of QA/QC documents of the entire project including certificates, calibration, test results, inspection requests, non-compliance reports and site","B.E in Civil Engineering Civil Engineering Chennai, Tamil Nadu Anna University QA/QC Civil Engineer QA/QC Civil Engineer",found,,"company - Ray Engineering Limited description - Mumbai, India. Consultancy: Jacobs Engineering India Limits. (United States Company) Client: Glaxo Smith Kline (GSK), Nashik, India. Position: QA/QC Civil Engineer. Project Summary: Glaxo Smith Kline (GSK) is British multinational pharmaceutical Company in India. USD 150 million Building project of GSK. The Project involving in Medicine Manufacturing plant, Effluent Treatment plant (ETP), Effluent Drain line and storm water line. Duties & Responsibilities: â¢ All site inspection shall be carried out vise an official Inspection and Test Request (ITR) submitted by the Contractor through the proper channels â¢ Develop method statement for the activity including risk assessment and job safety environmental analysis and Inspection Test Plan and Checklist based on specifications of the project â¢ Taking care of QA/QC documents of the entire project including certificates, calibration, test results, inspection requests, non-compliance reports and site"
R012,Priya Nair,Indian Institute of Technology Roorkee,1,Delhi,1,0,DotNet Developer,"Name: Priya Nair
College: Indian Institute of Technology Roorkee
City: Delhi
Employment Gap: None

Education Details January 2014 Education Details Pune, Maharashtra University Of Pune January 2010 B.Com Pune, Maharashtra University Of Pune Software Developer Software Developer - Technology - Dot Net Skill Details Company Details company - Technology - Dot Net description - â¢ Previous Experience worked in SepSoft ERP Solutions From 1-Jan 2016 To 24th Dec 2016. â¢ Designation - Software Developer. â¢ Technology - Dot Net","January 2014 Education Details Pune, Maharashtra University Of Pune January 2010 B.Com Pune, Maharashtra University Of Pune Software Developer Software Developer - Technology - Dot Net",found,,company - Technology - Dot Net description - â¢ Previous Experience worked in SepSoft ERP Solutions From 1-Jan 2016 To 24th Dec 2016. â¢ Designation - Software Developer. â¢ Technology - Dot Net
R013,Neha Kapoor,Indian Institute of Technology Kharagpur,1,Kolkata,1,0,Hadoop,"Name: Neha Kapoor
College: Indian Institute of Technology Kharagpur
City: Kolkata
Employment Gap: None

Technical Skill Set: Programming Languages Apache Hadoop, Python, shell scripting, SQL Technologies Hive, Pig, Sqoop, Flume, Oozie, Impala, hdfs Tools Dataiku, Unravel, Cloudera, Putty, HUE, Cloudera Manager, Eclipse, Resource Manager Initial Learning Program: Tata Consultancy Services: June 2015 to August 2015 Description: This is a learning program conducted by TCS for the newly joined employees, to accomplish them to learn the working standard of the organization. During this period employee are groomed with various technical as well as ethical aspects. Education Details B.E. Electronics & Communication Indore, Madhya Pradesh Medi-caps Institute of Technology & Management Hadoop developer hadoop,hive,sqoop,flume,pig,mapreduce,python,impala,spark,scala,sql,unix. Skill Details APACHE HADOOP SQOOP- Exprience - 31 months Hadoop- Exprience - 31 months HADOOP- Exprience - 31 months Hive- Exprience - 31 months SQOOP- Exprience - 31 months python- Exprience - Less than 1 year months hdfs- Exprience - Less than 1 year months unix- Exprience - Less than 1 year months impala- Exprience - Less than 1 year months pig- Exprience - Less than 1 year months unravel- Exprience - Less than 1 year","B.E. Electronics & Communication Indore, Madhya Pradesh Medi-caps Institute of Technology & Management Hadoop developer hadoop,hive,sqoop,flume,pig,mapreduce,python,impala,spark,scala,sql,unix.",found,APACHE HADOOP SQOOP- Exprience - 31 months Hadoop- Exprience - 31 months HADOOP- Exprience - 31 months Hive- Exprience - 31 months SQOOP- Exprience - 31 months python- Exprience - Less than 1 year months hdfs- Exprience - Less than 1 year months unix- Exprience - Less than 1 year months impala- Exprience - Less than 1 year months pig- Exprience - Less than 1 year months unravel- Exprience - Less than 1 year,
R014,Arjun Sharma,Indian Institute of Technology Guwahati,1,Delhi,1,0,Java Developer,"Name: Arjun Sharma
College: Indian Institute of Technology Guwahati
City: Delhi
Employment Gap: None

Education Details January 2016 B.E Information Technology Pune, Maharashtra Sawitribai Phule Pune University Java Developer Java Developer - Vertical Software Skill Details Company Details company - Vertical Software description - Expertise in design and development of web applications using J2EE, Servlets JSP, JavaScript, HTML, CSS, JQUERY, AJAX, JSON. Experienced in developing applications using MVC architecture. Good understanding of Software Development Life Cycle Phases such as Requirement gathering, analysis, design, development and unit testing. Languages & open Source Java, J2EE, Spring, Hibernate Frame Work Scripting Languages & Server Java JSP, Servlets, DB Connectivity's Side Program JDBC, JavaScript, jQuery, Ajax, JSON Application Server TomCat Database MongoDB, MySql IDEs Eclipse 1. Project Title: Expense Ledger Role: Java Developer Tools and Technologies: Java, Jsp, Servlet, MySql, JavaScript, Json, Jquery, Ajax. 2. Project Title: Trimurti Developer (Realestate) Role: Java Developer Tools and Technologies: Java, Jsp, Servlet, MySql, JavaScript, Json, Jquery, Ajax. 3. Project Title: Vimay Enterprise Role: Java Developer Tools and Technologies: Java, Jsp, Spring,","January 2016 B.E Information Technology Pune, Maharashtra Sawitribai Phule Pune University Java Developer Java Developer - Vertical Software",found,,"company - Vertical Software description - Expertise in design and development of web applications using J2EE, Servlets JSP, JavaScript, HTML, CSS, JQUERY, AJAX, JSON. Experienced in developing applications using MVC architecture. Good understanding of Software Development Life Cycle Phases such as Requirement gathering, analysis, design, development and unit testing. Languages & open Source Java, J2EE, Spring, Hibernate Frame Work Scripting Languages & Server Java JSP, Servlets, DB Connectivity's Side Program JDBC, JavaScript, jQuery, Ajax, JSON Application Server TomCat Database MongoDB, MySql IDEs Eclipse 1. Project Title: Expense Ledger Role: Java Developer Tools and Technologies: Java, Jsp, Servlet, MySql, JavaScript, Json, Jquery, Ajax. 2. Project Title: Trimurti Developer (Realestate) Role: Java Developer Tools and Technologies: Java, Jsp, Servlet, MySql, JavaScript, Json, Jquery, Ajax. 3. Project Title: Vimay Enterprise Role: Java Developer Tools and Technologies: Java, Jsp, Spring,"
R015,Karan Mehta,Indian Institute of Technology Delhi,1,Kolkata,1,0,Blockchain,"Name: Karan Mehta
College: Indian Institute of Technology Delhi
City: Kolkata
Employment Gap: None

Hobbies â¢ Playing Chess â¢ Solving Rubik's Cube â¢ Watching Series Languages â¢ English â¢ Hindi â¢ Marathi Education Details January 2014 to January 2017 Bachelorâs Degree Information Technology, First Class Pune, Maharashtra JSPMâs Jayawantrao Sawant College of Engineering January 2010 to January 2014 Diploma Information Technology, First Class Nashik, Maharashtra K. K. Wagh Polytechnic January 2010 SSC, First Class Nashik, Maharashtra New Era English School Blockchain Developer Blockchain Developer - Corpcloud Global Services Pvt. Ltd Skill Details Blockchain- Exprience - 6 months Smart Contracts- Exprience - 6 months DApps- Exprience - 6 months MEAN Stack- Exprience - 12 monthsCompany Details company - Corpcloud Global Services Pvt. Ltd. description - â¢ Worked productively with the Team to identify requirements and proposed ideas on enhancing the product. â¢ Developing and managing userâs Blockchain account wallets and transactions. â¢ Regularly monitoring smooth executions of Blockchain transactions and wallet functions along with identifying and correcting possible errors. â¢ Writing smart contracts, their APIâs and documenting them. company - Corpcloud","January 2014 to January 2017 Bachelorâs Degree Information Technology, First Class Pune, Maharashtra JSPMâs Jayawantrao Sawant College of Engineering January 2010 to January 2014 Diploma Information Technology, First Class Nashik, Maharashtra K. K. Wagh Polytechnic January 2010 SSC, First Class Nashik, Maharashtra New Era English School Blockchain Developer Blockchain Developer - Corpcloud Global Services Pvt. Ltd",found,Blockchain- Exprience - 6 months Smart Contracts- Exprience - 6 months DApps- Exprience - 6 months MEAN Stack- Exprience - 12 months,"company - Corpcloud Global Services Pvt. Ltd. description - â¢ Worked productively with the Team to identify requirements and proposed ideas on enhancing the product. â¢ Developing and managing userâs Blockchain account wallets and transactions. â¢ Regularly monitoring smooth executions of Blockchain transactions and wallet functions along with identifying and correcting possible errors. â¢ Writing smart contracts, their APIâs and documenting them. company - Corpcloud"
R016,Ishita Chopra,Indian Institute of Technology Kharagpur,1,Chennai,1,0,DotNet Developer,"Name: Ishita Chopra
College: Indian Institute of Technology Kharagpur
City: Chennai
Employment Gap: None

Technologies ASP.NET, MVC 3.0/4.0/5.0, Unit Testing, Entity Framework 6.0 Languages C#.NET JS Library JavaScript, JQuery, Angular1.5, Typescript. Tools Visual Studio 2008/2010/2012/2015, Visual Studio Code (IDE), .NET Framework 2.0, 3.5, 4.0, 4.5 Databases SQL Server 2005, 2008, 2014, 2015 Source control tools Tortoise SVN, Git,Education Details January 2010 B.Tech Kakinada, Andhra Pradesh JNTU Dot Net Developer Dot Net Developer - The Tie Bar Skill Details .NET- Exprience - 34 months ASP- Exprience - 34 months ASP.NET- Exprience - 34 months C#- Exprience - 34 months JAVASCRIPT- Exprience - 34 monthsCompany Details company - The Tie Bar description - Duration: January 2017 to Till Date Responsibility: â¢ Design and coding in a .NET server-side environment, specifically utilising the Microsoft MVC framework and client side environment using Knockout JS. â¢ Consuming Web API and WCF Rest full services. â¢ Designed and coded application components in an agile environment utilizing a test driven development approach. â¢ Created and maintained project tasks and schedules. â¢ Provided programming estimates, identified potential problems and recommended alternative solutions. â¢","January 2010 B.Tech Kakinada, Andhra Pradesh JNTU Dot Net Developer Dot Net Developer - The Tie Bar",found,.NET- Exprience - 34 months ASP- Exprience - 34 months ASP.NET- Exprience - 34 months C#- Exprience - 34 months JAVASCRIPT- Exprience - 34 months,"company - The Tie Bar description - Duration: January 2017 to Till Date Responsibility: â¢ Design and coding in a .NET server-side environment, specifically utilising the Microsoft MVC framework and client side environment using Knockout JS. â¢ Consuming Web API and WCF Rest full services. â¢ Designed and coded application components in an agile environment utilizing a test driven development approach. â¢ Created and maintained project tasks and schedules. â¢ Provided programming estimates, identified potential problems and recommended alternative solutions. â¢"
R017,Priya Nair,Indian Institute of Technology Bombay,1,Chennai,1,0,Health and fitness,"Name: Priya Nair
College: Indian Institute of Technology Bombay
City: Chennai
Employment Gap: None

SKILLS: Computer: â¢ Can easily operate in Operating System like Windows 10. â¢ Can work in Ms-Office (Word, Excel, and PowerPoint). â¢ Can easily operate internet & Gym Management Software (website & mobile application).Education Details January 2010 Advance Diploma in Hotel Management J&W Institute of Hotel Management Gym management & Consultant Gym management & Consultant - Sculpt Fitness Centre Skill Details Excel- Exprience - 96 months PowerPoint- Exprience - 96 months Word- Exprience - 96 months Gym Management Software- Exprience - 96 monthsCompany Details company - Sculpt Fitness Centre description - 2015 - Present Sales, Fitness, Operations company - AB's Fitness Club description - Fitness, Sales, Administration, Facility & House-keeping company - AB's Fitness Club description - Sales, Fitness, Operations company - Ultimate Fitness Club description - company - Tripod Fitness Arena description - Sales, Administration company - C K Fitness description - Sales & Fitness Staff Recruitment KEY ROLES: â¢ Designing and promoting activities to meet customer demand and generate revenue; â¢ Advertising and promoting the club or Centre to increase usage, considering market",January 2010 Advance Diploma in Hotel Management J&W Institute of Hotel Management Gym management & Consultant Gym management & Consultant - Sculpt Fitness Centre,found,Excel- Exprience - 96 months PowerPoint- Exprience - 96 months Word- Exprience - 96 months Gym Management Software- Exprience - 96 months,"company - Sculpt Fitness Centre description - 2015 - Present Sales, Fitness, Operations company - AB's Fitness Club description - Fitness, Sales, Administration, Facility & House-keeping company - AB's Fitness Club description - Sales, Fitness, Operations company - Ultimate Fitness Club description - company - Tripod Fitness Arena description - Sales, Administration company - C K Fitness description - Sales & Fitness Staff Recruitment KEY ROLES: â¢ Designing and promoting activities to meet customer demand and generate revenue; â¢ Advertising and promoting the club or Centre to increase usage, considering market"
R018,Vikram Reddy,Indian Institute of Technology Delhi,1,Chennai,1,0,Database,"Name: Vikram Reddy
College: Indian Institute of Technology Delhi
City: Chennai
Employment Gap: None

Education Details May 2011 to May 2014 Bachelor of science Information technology Mumbai, Maharashtra Mumbai university Oracle DBA Oracle database administrator Skill Details Installation of Oracle on RH Linux & Windows. Creating/Managing user profiles and analyzing their privileges and tablespace quotas Backup of database Logical and Physical procedures. Recovery of database in case of database crash, disk/media failure, etc. Standard DBA functions like space management, Rollback segments, Extents. Database Management and Monitoring the database. Willing to learn new things. Being a constructive team member, contributing practically to the success of the team.- Exprience - 48 monthsCompany Details company - Accelya kale solutions ltd description - Database Administrator working in 24*7 support environment maintaining Databases running on Oracle 11g, 12c. Database Up-gradation from Oracle 11g to Oracle 12c. Installation of Database critical patches. Taking cold and hot backups on scheduled times and monitoring backups. Importing the export dump to another database as per demands. Automating most of the daily activities through cronjobs, shell scripts or schedulers. Making Plan of","May 2011 to May 2014 Bachelor of science Information technology Mumbai, Maharashtra Mumbai university Oracle DBA Oracle database administrator",found,"Installation of Oracle on RH Linux & Windows. Creating/Managing user profiles and analyzing their privileges and tablespace quotas Backup of database Logical and Physical procedures. Recovery of database in case of database crash, disk/media failure, etc. Standard DBA functions like space management, Rollback segments, Extents. Database Management and Monitoring the database. Willing to learn new things. Being a constructive team member, contributing practically to the success of the team.- Exprience - 48 months","company - Accelya kale solutions ltd description - Database Administrator working in 24*7 support environment maintaining Databases running on Oracle 11g, 12c. Database Up-gradation from Oracle 11g to Oracle 12c. Installation of Database critical patches. Taking cold and hot backups on scheduled times and monitoring backups. Importing the export dump to another database as per demands. Automating most of the daily activities through cronjobs, shell scripts or schedulers. Making Plan of"
R019,Priya Nair,Indian Institute of Technology Roorkee,1,Kolkata,1,0,Business Analyst,"Name: Priya Nair
College: Indian Institute of Technology Roorkee
City: Kolkata
Employment Gap: None

TECHNOLOGICAL SKILLS â¦ Knowledge of Computers on the Windows platform. â¦ Fluency in MS-Office Applications such as Excel, Word, PowerPoint, etc. â¦ HTML, JAVA, PHP ATTRIBUTES â¦ Hardworking towards achieving the Goal â¦ Good communication skills â¦ Quick learner â¦ Good interpersonal relationEducation Details January 2016 to January 2018 MMS Mumbai, Maharashtra University of Mumbai January 2016 to January 2018 MMS Management Mumbai, Maharashtra University of Mumbai January 2014 B.Sc. Bandra, MAHARASHTRA, IN Rivzi College January 2011 HSC Bandra, Maharashtra, IN St. Andrews College January 2011 HSC Allana Junior College January 2009 SSC Canossa High School January 2008 SSC Maharashtra State Board Business Analyst Business Analyst - Mass Group of Companies Skill Details EXCEL- Exprience - 23 months HTML- Exprience - 6 months JAVA- Exprience - 6 months PHP- Exprience - 6 months POWERPOINT- Exprience - 6 monthsCompany Details company - Mass Group of Companies description - Key Role Analyst Responsibilities: â¦ Manage risk and provide risk management process. â¦ Liaise with other project areas to coordinate with interdependencies and resolve issues. â¦ Analyse and map","January 2016 to January 2018 MMS Mumbai, Maharashtra University of Mumbai January 2016 to January 2018 MMS Management Mumbai, Maharashtra University of Mumbai January 2014 B.Sc. Bandra, MAHARASHTRA, IN Rivzi College January 2011 HSC Bandra, Maharashtra, IN St. Andrews College January 2011 HSC Allana Junior College January 2009 SSC Canossa High School January 2008 SSC Maharashtra State Board Business Analyst Business Analyst - Mass Group of Companies",found,EXCEL- Exprience - 23 months HTML- Exprience - 6 months JAVA- Exprience - 6 months PHP- Exprience - 6 months POWERPOINT- Exprience - 6 months,company - Mass Group of Companies description - Key Role Analyst Responsibilities: â¦ Manage risk and provide risk management process. â¦ Liaise with other project areas to coordinate with interdependencies and resolve issues. â¦ Analyse and map
R020,Divya Rao,Indian Institute of Technology Kharagpur,1,Bangalore,1,0,Civil Engineer,"Name: Divya Rao
College: Indian Institute of Technology Kharagpur
City: Bangalore
Employment Gap: None

PERSONAL SKILLS â¢ Passionate towards learning new skills. â¢ Hardworking, sense of responsibility. COMPUTER SKILL â¢ AUTOCAD 2D, 3D â¢ CIVIL 3DEducation Details January 2014 BE Civil Engineering Chandrapur, Maharashtra Nagpur University January 2010 Diploma Civil Engineering Mumbai, Maharashtra Bajaj Polytechnic January 2007 SSC Industrial Waste Water Nagpur, Maharashtra Hindi City High School University /Board Site Engineer (Civil) Skill Details AUTOCAD- Exprience - 6 monthsCompany Details company - Talreja construction description - I am diploma and degree Holder in civil engineering Branch applying for post of civil engineer. Hoping for your positive response. Thanks and Regards Apeksha Naharkar.","January 2014 BE Civil Engineering Chandrapur, Maharashtra Nagpur University January 2010 Diploma Civil Engineering Mumbai, Maharashtra Bajaj Polytechnic January 2007 SSC Industrial Waste Water Nagpur, Maharashtra Hindi City High School University /Board Site Engineer (Civil)",found,AUTOCAD- Exprience - 6 months,company - Talreja construction description - I am diploma and degree Holder in civil engineering Branch applying for post of civil engineer. Hoping for your positive response. Thanks and Regards Apeksha Naharkar.
R021,Neha Kapoor,Indian Institute of Technology Kharagpur,1,Chennai,1,0,Python Developer,"Name: Neha Kapoor
College: Indian Institute of Technology Kharagpur
City: Chennai
Employment Gap: None

Technical Skills / Responsibilities: â¢ Hands on Experience with Production and Maintenance of Projects. â¢ Experience in handling projects in agile methodology. â¢ Experience in handling projects in SDLC, Involved in each stage of Software Development Life Cycle. â¢ Responsible to gather requirement (Customer Interaction) and providing Estimate & solution document then as per process FS, TS, Coding, UTP, UTR, PTF, SOW submission to customer. â¢ Having strong knowledge of Debugging and Testing based on Python and AS/400. â¢ Worked as Change Controller - Responsible for promoting changes in Development to UAT and LIVE environment through Pivotal Cloud Foundry. â¢ Have good communication skills, Inter personal skills, hardworking and result oriented as an Individual and in team. Certification and Trainings: â¢ Completed Internal Python training. â¢ Completed Internal Python Web Crawling training. â¢ Completed Internal Python Web Scraping training. â¢ Completed Internal Python for Data Science training. â¢ Completed Internal MongoDB training. â¢ Completed Internal MySQL training. â¢ Completed Internal PostgreSQL training. â¢ Completed Internal DJango training. â¢",,not_available,": â¢ Hands on Experience with Production and Maintenance of Projects. â¢ Experience in handling projects in agile methodology. â¢ Experience in handling projects in SDLC, Involved in each stage of Software Development Life Cycle. â¢ Responsible to gather requirement (Customer Interaction) and providing Estimate & solution document then as per process FS, TS, Coding, UTP, UTR, PTF, SOW submission to customer. â¢ Having strong knowledge of Debugging and Testing based on Python and AS/400. â¢ Worked as Change Controller - Responsible for promoting changes in Development to UAT and LIVE environment through Pivotal Cloud Foundry. â¢ Have good communication skills, Inter personal skills, hardworking and result oriented as an Individual and in team. Certification and Trainings: â¢ Completed Internal Python training. â¢ Completed Internal Python Web Crawling training. â¢ Completed Internal Python Web Scraping training. â¢ Completed Internal Python for Data Science training. â¢ Completed Internal MongoDB training. â¢ Completed Internal MySQL training. â¢ Completed Internal PostgreSQL training. â¢ Completed Internal DJango training. â¢",
R022,Vikram Reddy,Indian Institute of Technology Delhi,1,Bangalore,1,0,Advocate,"Name: Vikram Reddy
College: Indian Institute of Technology Delhi
City: Bangalore
Employment Gap: None

TECHNICAL QUALIFICATIONS: â¢ Windows, Ms. OfficeEducation Details LL.B Guwahati, Assam University Law College, Guwahati University B.Sc Jagiroad, ASSAM, IN Jagiroad College Morigaon College Advocate Advocate - Gauhati High Court Skill Details Company Details company - Gauhati High Court description - of the Gauhati High Court and other subordinate Courts and Tribunals and Statutory Bodies in Guwahati from 2008. Numerous experiences of Civil, Criminal cases, cases under consumer forum. â¢ Handling a good number of Civil as well as Criminal Matters in District & Sessions Judge Court, Judge Court, C.J.M. Court, and Consumer Forum & also in the High Court. â¢ Working as Executive (Legal) at Hindustan Paper Corporation Limited (A Govt. of India Enterprise), Nagaon Paper Mill since Jan '2012. STRENGTH: â¢ Adaptability: A penchant to adapt to the conditions & level of the environment accordance with the requirement of the given situation. â¢ Interpersonal: An extrovert to the core, prefer to interact with people of all walks of life and varying strata of society. Ability to quickly establish rapport with others. â¢ Team Work: Enjoy being a part of a group & achieve combined goals.","LL.B Guwahati, Assam University Law College, Guwahati University B.Sc Jagiroad, ASSAM, IN Jagiroad College Morigaon College Advocate Advocate - Gauhati High Court",found,,"company - Gauhati High Court description - of the Gauhati High Court and other subordinate Courts and Tribunals and Statutory Bodies in Guwahati from 2008. Numerous experiences of Civil, Criminal cases, cases under consumer forum. â¢ Handling a good number of Civil as well as Criminal Matters in District & Sessions Judge Court, Judge Court, C.J.M. Court, and Consumer Forum & also in the High Court. â¢ Working as Executive (Legal) at Hindustan Paper Corporation Limited (A Govt. of India Enterprise), Nagaon Paper Mill since Jan '2012. STRENGTH: â¢ Adaptability: A penchant to adapt to the conditions & level of the environment accordance with the requirement of the given situation. â¢ Interpersonal: An extrovert to the core, prefer to interact with people of all walks of life and varying strata of society. Ability to quickly establish rapport with others. â¢ Team Work: Enjoy being a part of a group & achieve combined goals."
R023,Aditya Verma,Indian Institute of Technology Kanpur,1,Bangalore,1,0,PMO,"Name: Aditya Verma
College: Indian Institute of Technology Kanpur
City: Bangalore
Employment Gap: None

Skills Exceptional communication and networking skills Successful working in a team environment, as well as independently Ability to work under pressure and multi-task Strategies & Campaigns Corporate Communications MIS Reporting & Documentation Training & Development Sales Support & Back Office Operations New Process Development & Launch Handling customer escalationsEducation Details BACHELOR OF BUSINESS ADMINISTRATION BUSINESS ADMINISTRATION ICFAI Business School Integrated Institute Of Management &Technology HIGHER SECONDARY SCHOOL, B.I.S.S School Delhi, Delhi SENIOR SECONDARY SCHOOL, Delhi Public School Senior Manager - PMO Skill Details TRAINING- Exprience - 30 months DOCUMENTATION- Exprience - 16 months OPERATIONS- Exprience - 16 months SALES- Exprience - 8 months CORPORATE COMMUNICATIONS- Exprience - 6 monthsCompany Details company - description - Review and understand existing business processes to identify functional requirements to eliminate waste, improve controllership and deliver flexibility Identify processes for re-design, prototype potential solutions, calculate trade-offs, costs, and suggest a recommended course of action by identifying modifications to the","BACHELOR OF BUSINESS ADMINISTRATION BUSINESS ADMINISTRATION ICFAI Business School Integrated Institute Of Management &Technology HIGHER SECONDARY SCHOOL, B.I.S.S School Delhi, Delhi SENIOR SECONDARY SCHOOL, Delhi Public School Senior Manager - PMO",found,TRAINING- Exprience - 30 months DOCUMENTATION- Exprience - 16 months OPERATIONS- Exprience - 16 months SALES- Exprience - 8 months CORPORATE COMMUNICATIONS- Exprience - 6 months,"company - description - Review and understand existing business processes to identify functional requirements to eliminate waste, improve controllership and deliver flexibility Identify processes for re-design, prototype potential solutions, calculate trade-offs, costs, and suggest a recommended course of action by identifying modifications to the"
R024,Divya Rao,Indian Institute of Technology Roorkee,1,Kolkata,1,0,SAP Developer,"Name: Divya Rao
College: Indian Institute of Technology Roorkee
City: Kolkata
Employment Gap: None

Education Details May 2013 Master Computer Application Mumbai, Maharashtra IMCOST College April 2010 BSc Computer Science Mumbai, Maharashtra V.K.K. Menon College March 2005 SpringerNature Pune, Maharashtra S.V.V.M School ABAP Developer ABAP Developer - SAP EXPOSURE Skill Details Company Details company - SAP EXPOSURE description - 1. Organization: SpringerNature. Duration: MAR 2017 -Till date â¢ Project: Support for springer Nature Project Type: Support Role: ABAP Developer Major Contribution: â¢ Writing new reports and modification for existing reports. â¢ Worked on smartforms. â¢ Standard debugging for issues â¢ For unit testing created contracts, orders, and invoices and tested individually. company - Atos Pvt. Ltd description - Duration: MAY 2014 -DEC 2015 â¢ Project: lenM - It's a Ministry of Netherland Project â¢ Project: DSP - DSM Sinochem Pharmaceuticals â¢ Project: AkzoNobel - Akzonobel is a leading global paints and coatings company and a major producer of specialty chemicals. Project Type: Support Role: ABAP Developer Major Contribution: â¢ Modified SAP Script as per the requirement specified. â¢ Modified Invoice Smart Form. â¢ Created custom tables, data","May 2013 Master Computer Application Mumbai, Maharashtra IMCOST College April 2010 BSc Computer Science Mumbai, Maharashtra V.K.K. Menon College March 2005 SpringerNature Pune, Maharashtra S.V.V.M School ABAP Developer ABAP Developer - SAP EXPOSURE",found,,"company - SAP EXPOSURE description - 1. Organization: SpringerNature. Duration: MAR 2017 -Till date â¢ Project: Support for springer Nature Project Type: Support Role: ABAP Developer Major Contribution: â¢ Writing new reports and modification for existing reports. â¢ Worked on smartforms. â¢ Standard debugging for issues â¢ For unit testing created contracts, orders, and invoices and tested individually. company - Atos Pvt. Ltd description - Duration: MAY 2014 -DEC 2015 â¢ Project: lenM - It's a Ministry of Netherland Project â¢ Project: DSP - DSM Sinochem Pharmaceuticals â¢ Project: AkzoNobel - Akzonobel is a leading global paints and coatings company and a major producer of specialty chemicals. Project Type: Support Role: ABAP Developer Major Contribution: â¢ Modified SAP Script as per the requirement specified. â¢ Modified Invoice Smart Form. â¢ Created custom tables, data"
R025,Aditya Verma,Indian Institute of Technology Kanpur,1,Hyderabad,1,0,Civil Engineer,"Name: Aditya Verma
College: Indian Institute of Technology Kanpur
City: Hyderabad
Employment Gap: None

COMPUTER KNOWLEDGE â¢ Drafting tools: AutoCAD. â¢ Packages: MS Office Applications â¢ Operating systems: Windows 9x/2000/XP/Vista. DETAILEXPERIENCES Experience in India: 1) Working Experience at ALIA CONSTRUCTION AT NALLASOPARA (WEST) Mumbai since JUNE 2014 to MAY 2015. As a Civil Engineer (1 years) Project handle: Project title: YASHWANT ORICHIDS Position: Site Engineer Location: Nallasopara (W) Mumbai Maharashtra - 400097 IndiaEducation Details S.S.C Rajasthan board excellence polytechnic college CIVIL ENGINEER CIVIL ENGINEER - Site Encharge Skill Details AutoCAD.- Exprience - 9 months Civil Engineer- Exprience - 42 months Drafting- Exprience - 9 months Engineer- Exprience - 42 months MS Office- Exprience - 9 monthsCompany Details company - Site Encharge description - Location: Andheri (E) Marol Bus Depot, near Maruti High School, MIDC Mumbai Maharashtra 400093 India Experience in UAE: 1) Currently Working at NOVA ENGINEERING WORKS Since MAY 2018 to TILL DATE as a CIVIL ENGINEER. Location: Flat # 301 A&B Al Maha Building, University City Road, Muweilah Commercial, Near Alfalah Round About SHARJAH. Job Responsibilities Achieving Construction Activities like Excavation,",S.S.C Rajasthan board excellence polytechnic college CIVIL ENGINEER CIVIL ENGINEER - Site Encharge,found,AutoCAD.- Exprience - 9 months Civil Engineer- Exprience - 42 months Drafting- Exprience - 9 months Engineer- Exprience - 42 months MS Office- Exprience - 9 months,"company - Site Encharge description - Location: Andheri (E) Marol Bus Depot, near Maruti High School, MIDC Mumbai Maharashtra 400093 India Experience in UAE: 1) Currently Working at NOVA ENGINEERING WORKS Since MAY 2018 to TILL DATE as a CIVIL ENGINEER. Location: Flat # 301 A&B Al Maha Building, University City Road, Muweilah Commercial, Near Alfalah Round About SHARJAH. Job Responsibilities Achieving Construction Activities like Excavation,"
R026,Arjun Sharma,Indian Institute of Technology Kanpur,1,Mumbai,1,0,Health and fitness,"Name: Arjun Sharma
College: Indian Institute of Technology Kanpur
City: Mumbai
Employment Gap: None

Personal Skills: â¢ Good verbal and written communication skills â¢ Ability to deal with people diplomatically â¢ Willingness to learn Other Qualifications: â¢ Seema Institute Ansalon: Body massage and scalp, Swedish, Thai body, Foot Reflexology, Aromatherapy. Completed course of 2 months. â¢ Talwalkars: Fitness academy with gym and aerobics. Completed 3 months course in fitness training. â¢ Radio Bhavan, The Career Super Market: Hotel and Front Office Management. Completed course of 3 months. â¢ Slender Gender: Done diploma in Spa Management, (4 Months)Education Details Fitness Trainer cum Team Leader Fitness Trainer cum Team Leader - Think Healthy Skill Details Company Details company - Think Healthy description - Job Responsibilities: â¢ Perform related duties and responsibilities as assigned. â¢ Achieve Fitness Goal â¢ Training people to do work outs in Gym. Handling customer s queries related therapies, Refreshers, etc company - Raymond Gym description - Job Responsibilities: â¢ Perform related duties and responsibilities as assigned. â¢ Handling customers queries related therapies company - AROMA THAI FOOT SPA description - Perform related duties and",Fitness Trainer cum Team Leader Fitness Trainer cum Team Leader - Think Healthy,found,,"company - Think Healthy description - Job Responsibilities: â¢ Perform related duties and responsibilities as assigned. â¢ Achieve Fitness Goal â¢ Training people to do work outs in Gym. Handling customer s queries related therapies, Refreshers, etc company - Raymond Gym description - Job Responsibilities: â¢ Perform related duties and responsibilities as assigned. â¢ Handling customers queries related therapies company - AROMA THAI FOOT SPA description - Perform related duties and"
R027,Neha Kapoor,Indian Institute of Technology Roorkee,1,Kolkata,1,0,Business Analyst,"Name: Neha Kapoor
College: Indian Institute of Technology Roorkee
City: Kolkata
Employment Gap: None

Education Details BE Computer Science Mumbai, Maharashtra Mumbai University HSC Mumbai, Maharashtra Maharashtra State Board SSC Mumbai, Maharashtra Maharashtra State Board Business Analyst Business Analyst - Fino Payments Bank Skill Details Company Details company - Fino Payments Bank description - Key Role In-depth requirement and input gathering Responsibilities and Achievements: â¦ Conducted in-depth requirement and input gathering from all concerned stakeholders [Business SMEs, Technical Architect and Business Architect] to create artifacts like Business Requirement Document (BRD) to arrive at functional requirements for development team â¦ Created Functional Specification Document (FSD) highlighting the technical implementation and the use cases â¦ Led the Merchant Commission Module project from end-to-end and co-ordinated for CUG and Live â¦ Designed the Account Opening Process flow end-to-end during the time when bank was going Live. â¦ SPOC for all the configurations (both account level and customer level) in production. â¦ Led the Cash Controlling Processes for the field users as per the requirement from the business team. â¦ Design and build proof of concepts to","BE Computer Science Mumbai, Maharashtra Mumbai University HSC Mumbai, Maharashtra Maharashtra State Board SSC Mumbai, Maharashtra Maharashtra State Board Business Analyst Business Analyst - Fino Payments Bank",found,,company - Fino Payments Bank description - Key Role In-depth requirement and input gathering Responsibilities and
R028,Priya Nair,Indian Institute of Technology Kanpur,1,Hyderabad,1,0,Civil Engineer,"Name: Priya Nair
College: Indian Institute of Technology Kanpur
City: Hyderabad
Employment Gap: None

Education Details B.E in Civil Engineering Civil Engineering Chennai, Tamil Nadu Anna University QA/QC Civil Engineer QA/QC Civil Engineer Skill Details Company Details company - Ray Engineering Limited description - Mumbai, India. Consultancy: Jacobs Engineering India Limits. (United States Company) Client: Glaxo Smith Kline (GSK), Nashik, India. Position: QA/QC Civil Engineer. Project Summary: Glaxo Smith Kline (GSK) is British multinational pharmaceutical Company in India. USD 150 million Building project of GSK. The Project involving in Medicine Manufacturing plant, Effluent Treatment plant (ETP), Effluent Drain line and storm water line. Duties & Responsibilities: â¢ All site inspection shall be carried out vise an official Inspection and Test Request (ITR) submitted by the Contractor through the proper channels â¢ Develop method statement for the activity including risk assessment and job safety environmental analysis and Inspection Test Plan and Checklist based on specifications of the project â¢ Taking care of QA/QC documents of the entire project including certificates, calibration, test results, inspection requests, non-compliance reports and site","B.E in Civil Engineering Civil Engineering Chennai, Tamil Nadu Anna University QA/QC Civil Engineer QA/QC Civil Engineer",found,,"company - Ray Engineering Limited description - Mumbai, India. Consultancy: Jacobs Engineering India Limits. (United States Company) Client: Glaxo Smith Kline (GSK), Nashik, India. Position: QA/QC Civil Engineer. Project Summary: Glaxo Smith Kline (GSK) is British multinational pharmaceutical Company in India. USD 150 million Building project of GSK. The Project involving in Medicine Manufacturing plant, Effluent Treatment plant (ETP), Effluent Drain line and storm water line. Duties & Responsibilities: â¢ All site inspection shall be carried out vise an official Inspection and Test Request (ITR) submitted by the Contractor through the proper channels â¢ Develop method statement for the activity including risk assessment and job safety environmental analysis and Inspection Test Plan and Checklist based on specifications of the project â¢ Taking care of QA/QC documents of the entire project including certificates, calibration, test results, inspection requests, non-compliance reports and site"
R029,Ananya Iyer,Indian Institute of Technology Guwahati,1,Pune,1,0,Python Developer,"Name: Ananya Iyer
College: Indian Institute of Technology Guwahati
City: Pune
Employment Gap: None

Education Details June 2013 to June 2016 Diploma Computer science Pune, Maharashtra Aissms June 2016 BE pursuing Computer science Pune, Maharashtra Anantrao pawar college of Engineering & Research centre Python Developer Skill Details Company Details company - Cybage Software Pvt. Ltd description - I want to work in organisation as a python developer to utilize my knowledge & To gain more knowledge with our organisation.","June 2013 to June 2016 Diploma Computer science Pune, Maharashtra Aissms June 2016 BE pursuing Computer science Pune, Maharashtra Anantrao pawar college of Engineering & Research centre Python Developer",found,,company - Cybage Software Pvt. Ltd description - I want to work in organisation as a python developer to utilize my knowledge & To gain more knowledge with our organisation.
R030,Divya Rao,Indian Institute of Technology Madras,1,Kolkata,1,0,DevOps Engineer,"Name: Divya Rao
College: Indian Institute of Technology Madras
City: Kolkata
Employment Gap: None

Skills VISA B1-VISA (USA) Onsite Visits to Sweden & US (Seattle) Education Details January 2013 Post Graduate Diploma Information Technology Pune, Maharashtra Symbiosis Institute January 2007 Bachelor of Engineering Electronics and Telecommunications Pune, Maharashtra Pune University Cloud Operations Architect (DevOps) Cloud Operations Architect (DevOps) - DevOps Skill Details Cloud Computing- Exprience - 48 months Shell Scripting- Exprience - 96 months Python- Exprience - 6 months Automation- Exprience - 72 months Solution Architect- Exprience - Less than 1 year months Azure- Exprience - Less than 1 year months AWS- Exprience - Less than 1 year monthsCompany Details company - DevOps description - Type: DevOps Engineer. Platform: AWS Cloud, Azure Cloud. Services: AWS EC2, RDS, CloudFormation Template, Lambda, Dynamo DB, Cloud Watch, Auto-scaling, Elastic Bean stalk, Appdynamics. Here I manage Tibco Spotfire enterprise & Cloud Product support. Being the only Ops member in India I got a chance to recruit & build entire team of 15 members. I also worked on 4 different Projects / products simultaneously and added the hired members into these products. My responsibilities in this","January 2013 Post Graduate Diploma Information Technology Pune, Maharashtra Symbiosis Institute January 2007 Bachelor of Engineering Electronics and Telecommunications Pune, Maharashtra Pune University Cloud Operations Architect (DevOps) Cloud Operations Architect (DevOps) - DevOps",found,Cloud Computing- Exprience - 48 months Shell Scripting- Exprience - 96 months Python- Exprience - 6 months Automation- Exprience - 72 months Solution Architect- Exprience - Less than 1 year months Azure- Exprience - Less than 1 year months AWS- Exprience - Less than 1 year months,"company - DevOps description - Type: DevOps Engineer. Platform: AWS Cloud, Azure Cloud. Services: AWS EC2, RDS, CloudFormation Template, Lambda, Dynamo DB, Cloud Watch, Auto-scaling, Elastic Bean stalk, Appdynamics. Here I manage Tibco Spotfire enterprise & Cloud Product support. Being the only Ops member in India I got a chance to recruit & build entire team of 15 members. I also worked on 4 different Projects / products simultaneously and added the hired members into these products. My responsibilities in this"
R031,Rohan Gupta,Indian Institute of Technology Kanpur,1,Kolkata,1,0,HR,"Name: Rohan Gupta
College: Indian Institute of Technology Kanpur
City: Kolkata
Employment Gap: None

Education Details BA mumbai University HR Skill Details Hr Operations- Exprience - Less than 1 year monthsCompany Details company - Mumbai Monorail description -",BA mumbai University HR,found,Hr Operations- Exprience - Less than 1 year months,company - Mumbai Monorail description -
R032,Ishita Chopra,Indian Institute of Technology Roorkee,1,Pune,1,0,Advocate,"Name: Ishita Chopra
College: Indian Institute of Technology Roorkee
City: Pune
Employment Gap: None

QUALIFICATION: Introduction to Computer EXTRAEducation Details January 2001 to January 2003 Master Law Chennai, Tamil Nadu Dr.Ambedkar Law University January 1998 to January 2001 Bachelor Law Chennai, Tamil Nadu Dr. Ambedkar Law University January 1995 to January 1998 Bachelor English Literature Tirunelveli, Tamil Nadu Manonmaniam Sundaranar university Advocate Advocate Skill Details Company Details company - Practiced description - at * High Court of Judicature at Madras, India * City Civil Court, Chennai * Debt Recovery Tribunal, Chennai * Consumer Forums, Chennai * Labour Courts * Small Causes Courts * Rent control Courts * Legal advisor for Christian Institute of Management, Chennai in 2016 * Legal Advisor for Ruah church, Chennai and NESSA Trust till 2018","January 2001 to January 2003 Master Law Chennai, Tamil Nadu Dr.Ambedkar Law University January 1998 to January 2001 Bachelor Law Chennai, Tamil Nadu Dr. Ambedkar Law University January 1995 to January 1998 Bachelor English Literature Tirunelveli, Tamil Nadu Manonmaniam Sundaranar university Advocate Advocate",found,,"company - Practiced description - at * High Court of Judicature at Madras, India * City Civil Court, Chennai * Debt Recovery Tribunal, Chennai * Consumer Forums, Chennai * Labour Courts * Small Causes Courts * Rent control Courts * Legal advisor for Christian Institute of Management, Chennai in 2016 * Legal Advisor for Ruah church, Chennai and NESSA Trust till 2018"
R033,Neha Kapoor,Indian Institute of Technology Kanpur,1,Bangalore,1,0,Sales,"Name: Neha Kapoor
College: Indian Institute of Technology Kanpur
City: Bangalore
Employment Gap: None

KEY SKILLS: â¢ Planning & Strategizing â¢ Presentation skill â¢ Client relationship â¢ Energy level â¢ Enquiry Generation â¢ Achieving Targets QUALIFICATIONS: A university in marketing or business studies is preferred or a minimum of three years of related experience in sales & marketing sector. Problem - solving and analytical skills to interpret sales performance and market trend information. Proven ability to motivate and lead the sales team. Experience in developing marketing and sales strategies. Excellent oral and written communication skills, plus a good working knowledge of Microsoft Office. Computer KNOWLEDGE â¢ Knowledge of MS Excel, MS Word, MS PowerPoint achievements and Interests â¢ I played Cricket for National Team (Maharashtra Cricket Association) â¢ Played Regional level Cricket Tournament Thee times for School team â¢ Worked as a Sports Secretary in college annual meet. â¢ Worked as a volunteer for road show in POONA College. â¢ Worked as a Group leader for college presentation. â¢ My Interest are Learning various computers languages & Tricks and Techniques of computer and Playing Cricket. personal Information . Education Details MBA Operations Dr.",MBA Operations Dr.,found,,
R034,Aditya Verma,Indian Institute of Technology Guwahati,1,Delhi,1,0,Java Developer,"Name: Aditya Verma
College: Indian Institute of Technology Guwahati
City: Delhi
Employment Gap: None

Operating Systems Windows XP, 7, 10. Tools/Packages Visual Basic 6.0, UML, Packet Tracer Web technologies Core java, Advance java, JSP, Hibernate, Spring Languages known C, C++ Databases SQL AREAS OF INTEREST â¢ Software Development â¢ Programming Academic Projects Details Diploma: Title: Banking Software Description: We used GSM technology for transaction of message for a security purpose. Environment/OS: Windows XP Technologies used frontend: visual basic 6.0 Backend: oracle 9i BE: Title: Single Sign On Description: We have created ""single sign on"" mechanism for network security. Environment/OS: Windows 7 Technologies Used Frontend: java Backend: Oracle 10g ME: Title: Text Based Graphical Password To Overcome Shoulder Surfing Attacks Description: I have created a most secure password system using Random Printing Algo. Environment/OS: Windows 10 Technologies used: Frontend: Java Backend: MySQL Company: Title: Agriculture Management System Description: Created Web application for Agriculture system and Farming. Environment/OS: Windows 10 Technologies used: Frontend: Hibernate Backend: MySQL Education Details June 2015 to February 2018 ME(computers) computer Pune, Maharashtra","June 2015 to February 2018 ME(computers) computer Pune, Maharashtra",found,,
R035,Arjun Sharma,Indian Institute of Technology Delhi,1,Bangalore,1,0,PMO,"Name: Arjun Sharma
College: Indian Institute of Technology Delhi
City: Bangalore
Employment Gap: None

AREA OF EXPERTISE (PROFILE) Around 10 plus years' proven experience with best global brand Wipro with below expertise:- â¢ PMO â¢ ITIL Management â¢ Process Improvements â¢ Project Process Audits â¢ Planning, Scheduling, Effort/Issue/Risk Tracking â¢ Risk & Issue Management â¢ SLA Management â¢ Workforce (staffing) Resource Management. â¢ Transition â¢ Operations management SKILLS Project Management Tools: CA Clarity, Visio and Office, ITIL -Incident management, Recruitment and workforce management Technical: SAP- HR, MRS, CPRO, Confluence, Microsoft Office, Word, PowerPoint.Excellent knowledge & hands on experience in advanced MS Excel (Knowledge on MS Project, Sharepoint Reporting & Ticket Tool: Xtraction, CA Service Desk, I-Tracker, Education Details MBA HR and Finance Bengaluru, Karnataka RKIMS College Senior Executive PMO Senior Executive PMO Consultant Skill Details OPERATIONS- Exprience - 125 months STAFFING- Exprience - 125 months HR- Exprience - 79 months PMO- Exprience - 84 monthsCompany Details company - Ensono LLP description - Roles &Responsiblites  Ã Responsible for creation of Structured reports and present the same as to Senior Deliery management as per","MBA HR and Finance Bengaluru, Karnataka RKIMS College Senior Executive PMO Senior Executive PMO Consultant",found,OPERATIONS- Exprience - 125 months STAFFING- Exprience - 125 months HR- Exprience - 79 months PMO- Exprience - 84 months,company - Ensono LLP description - Roles &Responsiblites Ã Responsible for creation of Structured reports and present the same as to Senior Deliery management as per
R036,Rohan Gupta,Indian Institute of Technology Roorkee,1,Delhi,1,0,Electrical Engineering,"Name: Rohan Gupta
College: Indian Institute of Technology Roorkee
City: Delhi
Employment Gap: None

â¢ Achievement oriented with people management skills and an ability to manage change with ease. â¢ Proven strength in problem solving, coordination and analysis. â¢ Strong communication, interpersonal, learning and organizing skills matched with the ability to manage stress, time and people effectively. â¢ Able to handle multiple task & projects simultaneously. â¢ Willing to travel & relocate.Education Details B.E Electrical and Electronics Engineering Gulbarga, Karnataka VTU (Vishweshwariya University) HSC Wai, Maharashtra Kisanveer Mahavidyalay WAI Kohlapur University Electrical Engineer Electrical Engineer - REFCON ENGINEERING PVT. LTD Skill Details Company Details company - REFCON ENGINEERING PVT. LTD description - GREENFIELD PROJECT: - Project Status 1) LIBS Braseries, Burkena Faso (Africa) Completed 2) Citrus Processing India, Nanded Completed 3) Carlsberg Group, Myanmar (Yangon) Completed 4) U.B (United Breweries), Mysore. Completed 5) U.B (United Breweries), Hyderabad. Completed 6) Haldiram Foods Pvt. Ltd. Nagpur Completed 7) Tetra-Pak India Pvt. Ltd. Amreli Completed 8) U.B (United Breweries), Rajasthan Completed â Handling Activities in Project: - â¢ Preparing","B.E Electrical and Electronics Engineering Gulbarga, Karnataka VTU (Vishweshwariya University) HSC Wai, Maharashtra Kisanveer Mahavidyalay WAI Kohlapur University Electrical Engineer Electrical Engineer - REFCON ENGINEERING PVT. LTD",found,,"company - REFCON ENGINEERING PVT. LTD description - GREENFIELD PROJECT: - Project Status 1) LIBS Braseries, Burkena Faso (Africa) Completed 2) Citrus Processing India, Nanded Completed 3) Carlsberg Group, Myanmar (Yangon) Completed 4) U.B (United Breweries), Mysore. Completed 5) U.B (United Breweries), Hyderabad. Completed 6) Haldiram Foods Pvt. Ltd. Nagpur Completed 7) Tetra-Pak India Pvt. Ltd. Amreli Completed 8) U.B (United Breweries), Rajasthan Completed â Handling Activities in Project: - â¢ Preparing"
R037,Karan Mehta,Indian Institute of Technology Roorkee,1,Ahmedabad,1,0,DevOps Engineer,"Name: Karan Mehta
College: Indian Institute of Technology Roorkee
City: Ahmedabad
Employment Gap: None

Software Proficiency: â¢ Languages: Basics of C, SQL, PL/SQL,JAVA,JAVAEE,Javascript,HTML,CSS,jquery,mysql,Spring ,Hibernate. â¢ Software Tools: Xillinx, Modelsim, Matlab, Multisim. â¢ Operating Systems: Windows XP, Vista, 07, 08, Ubuntu. Project Profile: B.E. Project FPGA Implementation of Team Size: 4. Role: Programmer. AES Algorithm AES is Advanced Encryption Standard which is used in cryptography by which we can protect our data. It encrypted by a Secret Key. T.E. project Sorting Robot. Team Size: 3. Role: Mechanism designer. The TCS 230 sensor sorts the RGB color balls according to their color. Diploma Project RFID Based Student Team Size: 4. Role: Interface. Attendance System Using GSM. In this student show RFID card of his own and then message send via GSM to their parent that his ward is present.Education Details May 2016 B.E. Savitribai Phule Pune, Maharashtra Pune University March 2010 S.S.C Maharashtra Board DevOps Engineer Skill Details C- Exprience - 6 months C++- Exprience - 6 months Sql- Exprience - 6 months Pl/Sql- Exprience - 6 months Core Java- Exprience - 6 months Javascript- Exprience - Less than 1 year months HTML- Exprience - Less than 1 year months CSS-","May 2016 B.E. Savitribai Phule Pune, Maharashtra Pune University March 2010 S.S.C Maharashtra Board DevOps Engineer",found,C- Exprience - 6 months C++- Exprience - 6 months Sql- Exprience - 6 months Pl/Sql- Exprience - 6 months Core Java- Exprience - 6 months Javascript- Exprience - Less than 1 year months HTML- Exprience - Less than 1 year months CSS-,
R038,Aditya Verma,Indian Institute of Science Bangalore,1,Mumbai,1,0,Network Security Engineer,"Name: Aditya Verma
College: Indian Institute of Science Bangalore
City: Mumbai
Employment Gap: None

Skill Set â¢â¢Cisco Certified Network Associates (CCNA): - â¢ Basic knowledge of networking such as Ethernet mediums, ethernet communication, types of Ethernet communication devices etc. â¢ IPv4 (Subnetting, Supernetting) â¢ Basic configuration of Routing, Switching, Access lists, Network Address Translation (NAT), Virtual LANs (VLANs) etc â¢â¢Cisco Certified Network Associates (CCNA-Security): - â¢ Basic security goals and need. â¢ Different types of attacks like access attacks, reconnaissance strategies etc. â¢ Basic configuration of firewalls. â¢ Mitigation techniques such as access control lists, private VLANs, VLAN hopping, IP source guard, DHCP snooping, Authentication, Authorization & Accounting (AAA), IP Security (IPsec) etc. â¢â¢Cisco Certified Network Professional (CCNP-Routing, Switching & MPLS): - â¢ Routing-Configuration and concept of EIGRP, OSPF and BGP. â¢ Switching-Virtual LANs (VLANs), spanning tree protocol (STP), queuing etc. â¢ MPLS (Multi-Protocol Label Switching) -Basic idea about working, types and modes of MPLS, penultimate hopping in mpls etc. â¢â¢Cisco Certified Network Professional Security (ASA Module): - â¢ Knowledge of Control",,not_available,"â¢â¢Cisco Certified Network Associates (CCNA): - â¢ Basic knowledge of networking such as Ethernet mediums, ethernet communication, types of Ethernet communication devices etc. â¢ IPv4 (Subnetting, Supernetting) â¢ Basic configuration of Routing, Switching, Access lists, Network Address Translation (NAT), Virtual LANs (VLANs) etc â¢â¢Cisco Certified Network Associates (CCNA-Security): - â¢ Basic security goals and need. â¢ Different types of attacks like access attacks, reconnaissance strategies etc. â¢ Basic configuration of firewalls. â¢ Mitigation techniques such as access control lists, private VLANs, VLAN hopping, IP source guard, DHCP snooping, Authentication, Authorization & Accounting (AAA), IP Security (IPsec) etc. â¢â¢Cisco Certified Network Professional (CCNP-Routing, Switching & MPLS): - â¢ Routing-Configuration and concept of EIGRP, OSPF and BGP. â¢ Switching-Virtual LANs (VLANs), spanning tree protocol (STP), queuing etc. â¢ MPLS (Multi-Protocol Label Switching) -Basic idea about working, types and modes of MPLS, penultimate hopping in mpls etc. â¢â¢Cisco Certified Network Professional Security (ASA Module): - â¢ Knowledge of Control",
R039,Priya Nair,BITS Pilani,1,Kolkata,1,0,Hadoop,"Name: Priya Nair
College: BITS Pilani
City: Kolkata
Employment Gap: None

Technical Skill Set: Programming Languages Apache Hadoop, Python, shell scripting, SQL Technologies Hive, Pig, Sqoop, Flume, Oozie, Impala, hdfs Tools Dataiku, Unravel, Cloudera, Putty, HUE, Cloudera Manager, Eclipse, Resource Manager Initial Learning Program: Tata Consultancy Services: June 2015 to August 2015 Description: This is a learning program conducted by TCS for the newly joined employees, to accomplish them to learn the working standard of the organization. During this period employee are groomed with various technical as well as ethical aspects. Education Details B.E. Electronics & Communication Indore, Madhya Pradesh Medi-caps Institute of Technology & Management Hadoop developer hadoop,hive,sqoop,flume,pig,mapreduce,python,impala,spark,scala,sql,unix. Skill Details APACHE HADOOP SQOOP- Exprience - 31 months Hadoop- Exprience - 31 months HADOOP- Exprience - 31 months Hive- Exprience - 31 months SQOOP- Exprience - 31 months python- Exprience - Less than 1 year months hdfs- Exprience - Less than 1 year months unix- Exprience - Less than 1 year months impala- Exprience - Less than 1 year months pig- Exprience - Less than 1 year months unravel- Exprience - Less than 1 year","B.E. Electronics & Communication Indore, Madhya Pradesh Medi-caps Institute of Technology & Management Hadoop developer hadoop,hive,sqoop,flume,pig,mapreduce,python,impala,spark,scala,sql,unix.",found,APACHE HADOOP SQOOP- Exprience - 31 months Hadoop- Exprience - 31 months HADOOP- Exprience - 31 months Hive- Exprience - 31 months SQOOP- Exprience - 31 months python- Exprience - Less than 1 year months hdfs- Exprience - Less than 1 year months unix- Exprience - Less than 1 year months impala- Exprience - Less than 1 year months pig- Exprience - Less than 1 year months unravel- Exprience - Less than 1 year,
R040,Neha Kapoor,Indian Institute of Technology Delhi,1,Kolkata,1,0,Java Developer,"Name: Neha Kapoor
College: Indian Institute of Technology Delhi
City: Kolkata
Employment Gap: None

SKILLS: - 1) Team leading 2) Self-motivated 3) Hard working â Strengths: Ready to learn new Programming Languages, Punctual, Discipline, Respectfulness. DECLARATION:- I hereby inform you that all the statement made above are true with the best of my knowledge and belief. Education Details August 2014 to July 2017 MCA Computer Sciene Amravati, Maharashtra SGBAU, Amaravti Java Web Developer Skill Details Core Java,JSP,Servlet,Spring,Hibernate,Struts,Javascript- Exprience - 6 monthsCompany Details company - Salcluster Technologies description - 1. I am Java web developer 2. Jsp , servlet, Sprinng MVC Technologies","August 2014 to July 2017 MCA Computer Sciene Amravati, Maharashtra SGBAU, Amaravti Java Web Developer",found,"Core Java,JSP,Servlet,Spring,Hibernate,Struts,Javascript- Exprience - 6 months","company - Salcluster Technologies description - 1. I am Java web developer 2. Jsp , servlet, Sprinng MVC Technologies"
R041,Karan Mehta,Indian Institute of Technology Madras,1,Ahmedabad,1,0,Java Developer,"Name: Karan Mehta
College: Indian Institute of Technology Madras
City: Ahmedabad
Employment Gap: None

Education Details January 2013 Master of Engineering Information Technology Pune, Maharashtra M.I.T January 2005 Bachelor of Engineering Information Technology Pusad, Maharashtra Amravati University January 2001 Pusad, Maharashtra P. N. Junior College January 1999 S.S.C Pusad, Maharashtra K.D. High-School Java Developer Java Developer - Maxgen Technologies Skill Details Company Details company - Maxgen Technologies description - Currently working in Infrasoft Technologies, Andheri as a Java Developer. company - MIS Generation of Tata Sky and Tata Power description - COURSES DONE: Android -Mobile App Development, Technologies in Java-Core Java, Advance Java, JSF, Hibernate, Spring at NIIT in 2015-16. ANDROID PROJECT: Location Detector of Computing and Mobile Devices. (Android) ME PROJECT: Data Deduplication. My projects works to reduce redundant data from the system and free up the memory. It stores unique copy of data and for more location with same data with the help of pointers can access the data. (Java) SUBJECTS TAUGHT: C language, Core Java, Object Oriented Programming (OOT/C++), Database, PPS (Programming and problem solving), AD (Advance Database), IAS (Information","January 2013 Master of Engineering Information Technology Pune, Maharashtra M.I.T January 2005 Bachelor of Engineering Information Technology Pusad, Maharashtra Amravati University January 2001 Pusad, Maharashtra P. N. Junior College January 1999 S.S.C Pusad, Maharashtra K.D. High-School Java Developer Java Developer - Maxgen Technologies",found,,"company - Maxgen Technologies description - Currently working in Infrasoft Technologies, Andheri as a Java Developer. company - MIS Generation of Tata Sky and Tata Power description - COURSES DONE: Android -Mobile App Development, Technologies in Java-Core Java, Advance Java, JSF, Hibernate, Spring at NIIT in 2015-16. ANDROID PROJECT: Location Detector of Computing and Mobile Devices. (Android) ME PROJECT: Data Deduplication. My projects works to reduce redundant data from the system and free up the memory. It stores unique copy of data and for more location with same data with the help of pointers can access the data. (Java) SUBJECTS TAUGHT: C language, Core Java, Object Oriented Programming (OOT/C++), Database, PPS (Programming and problem solving), AD (Advance Database), IAS (Information"
R042,Arjun Sharma,Indian Institute of Science Bangalore,1,Bangalore,1,0,Testing,"Name: Arjun Sharma
College: Indian Institute of Science Bangalore
City: Bangalore
Employment Gap: None

PERSONAL SKILLS â¢ Quick learner, â¢ Eagerness to learn new things, â¢ Competitive attitude, â¢ Good leadership qualities, â¢ Ability to deal with people diplomatically. PERSONAL DOSSIER Fathers Name: Dhanraj WaghEducation Details January 2012 to January 2016 Bachelors of Engineering Engineering Pune, Maharashtra Pune University January 2012 Higher Secondary Certificate Nashik, Maharashtra SND College of Engineering and Research Center January 2010 Secondary School Certificate Yeola, Maharashtra Swami Muktanand Jr. College HSC Maharashtra State Board SSC Maharashtra State Bard BE Rajapur, Uttar Pradesh Madhyamik Vidya Mandir Rajapur Testing and Quality Control Engineer Testing and Quality Control Engineer - M/S Rakesh Transformer Industries Pvt. Ltd Skill Details Company Details company - M/S Rakesh Transformer Industries Pvt. Ltd description - Responsibilities: â¢ To conduct Routine test, Type Test (Temperature Rise Test), Special Test on Transformers as per IS & IEC up to - 10 MVA / 33 KV Class & preparing of its test reports. â¢ Routine tests, Type tests and Special tests as per IS 2026, IS 1180, IS 11171/IEC-60076- test Manual/inspection plans of Power Transformers,","January 2012 to January 2016 Bachelors of Engineering Engineering Pune, Maharashtra Pune University January 2012 Higher Secondary Certificate Nashik, Maharashtra SND College of Engineering and Research Center January 2010 Secondary School Certificate Yeola, Maharashtra Swami Muktanand Jr. College HSC Maharashtra State Board SSC Maharashtra State Bard BE Rajapur, Uttar Pradesh Madhyamik Vidya Mandir Rajapur Testing and Quality Control Engineer Testing and Quality Control Engineer - M/S Rakesh Transformer Industries Pvt. Ltd",found,,"company - M/S Rakesh Transformer Industries Pvt. Ltd description - Responsibilities: â¢ To conduct Routine test, Type Test (Temperature Rise Test), Special Test on Transformers as per IS & IEC up to - 10 MVA / 33 KV Class & preparing of its test reports. â¢ Routine tests, Type tests and Special tests as per IS 2026, IS 1180, IS 11171/IEC-60076- test Manual/inspection plans of Power Transformers,"
R043,Aditya Verma,Indian Institute of Technology Delhi,1,Kolkata,1,0,Web Designing,"Name: Aditya Verma
College: Indian Institute of Technology Delhi
City: Kolkata
Employment Gap: None

IT SKILLS Languages: C (Basic), JAVA (Basic) Web Technologies: HTML5, CSS3, Bootstrap, JavaScript, jQuery, Corel Draw, Photoshop, Illustrator Databases: MySQL5.0 IDE & Tools: Sublime Text, Notepad Operating Systems: Windows XP, Windows 7Education Details September 2015 Bachelor of Engineer Information technology Nagpur, Maharashtra Nagpur University May 2011 HSC Secondary & Higher Secondary State Board of Secondary June 2009 SSC Secondary & Higher Secondary Maharashtra State Board of Secondary Web and Graphics Designer Web and Graphics Designer - Virtuous Media Point, Pune Skill Details BOOTSTRAP- Exprience - 24 months HTML5- Exprience - 24 months JAVASCRIPT- Exprience - 24 months jQuery- Exprience - 24 months COREL DRAW- Exprience - 24 months Adobe Photoshop- Exprience - 24 months Adobe Illustrator- Exprience - 12 months CSS3- Exprience - 24 monthsCompany Details company - Virtuous Media Point description - company - CNC Web World description - Internship Program: At e-sense IT Solution pvt.ltd. Nagpur as a Web Designing and Developement. * Presented in Project Competition in Innovesta 15 of Priyadarshini Indira Gandhi College of Engineering, Nagpur. * Presented in National Level","September 2015 Bachelor of Engineer Information technology Nagpur, Maharashtra Nagpur University May 2011 HSC Secondary & Higher Secondary State Board of Secondary June 2009 SSC Secondary & Higher Secondary Maharashtra State Board of Secondary Web and Graphics Designer Web and Graphics Designer - Virtuous Media Point, Pune",found,BOOTSTRAP- Exprience - 24 months HTML5- Exprience - 24 months JAVASCRIPT- Exprience - 24 months jQuery- Exprience - 24 months COREL DRAW- Exprience - 24 months Adobe Photoshop- Exprience - 24 months Adobe Illustrator- Exprience - 12 months CSS3- Exprience - 24 months,"company - Virtuous Media Point description - company - CNC Web World description - Internship Program: At e-sense IT Solution pvt.ltd. Nagpur as a Web Designing and Developement. * Presented in Project Competition in Innovesta 15 of Priyadarshini Indira Gandhi College of Engineering, Nagpur. * Presented in National Level"
R044,Aditya Verma,NIT Tiruchirappalli,1,Chennai,1,0,Arts,"Name: Aditya Verma
College: NIT Tiruchirappalli
City: Chennai
Employment Gap: None

I Other Skills Course/Skill Name Board Year Of Passing Grade Intermediate Grade Drawing Art Examination Committee, 2011 B Examination Maharashtra State I Academic Programme Detail National Service Scheme (Camp): - Sponsored By Government of India Ministry Of Youth Affairs And Sports, New Delhi & North Maharashtra University, Jalgaon. I Strengths â¢ Ability to Learn From Mistakes. * Honesty â¢ Ready to accept challenges and responsibilities. * Quick learning, adaptability, confidence. I Declaration I /201 Your faithfully, Pia .. . . ( Jetalal Hiralal Gorbanjara)Education Details May 2010 HSC Nashik, Maharashtra State Board June 2008 SSC Nashik, Maharashtra State Board Asst.Professor Asst.Professor Skill Details Company Details company - Kisan Arts description - - Total Work Experience ( In Months) Sr. Name of Organization / College Designation Working Period Total Experience No. ( In Months) From To 1. Kisan Arts, Commerce & Science Asst.Professor 20/07/2015 31/05/2016 10 Months Sr. College, Parola Dist- Jalgaon, {Political Sci.) Maharashtra company - Bahadarpur, Tai- Parola Dist description -","May 2010 HSC Nashik, Maharashtra State Board June 2008 SSC Nashik, Maharashtra State Board Asst.Professor Asst.Professor",found,,"company - Kisan Arts description - - Total Work Experience ( In Months) Sr. Name of Organization / College Designation Working Period Total Experience No. ( In Months) From To 1. Kisan Arts, Commerce & Science Asst.Professor 20/07/2015 31/05/2016 10 Months Sr. College, Parola Dist- Jalgaon, {Political Sci.) Maharashtra company - Bahadarpur, Tai- Parola Dist description -"
R045,Rohan Gupta,Indian Institute of Technology Kharagpur,1,Bangalore,1,0,Python Developer,"Name: Rohan Gupta
College: Indian Institute of Technology Kharagpur
City: Bangalore
Employment Gap: None

TECHNICAL PROFICIENCIES Platform: Ubuntu/Fedora/Cent OS/Windows Database: MySQL Languages: Python, Tensorflow, Numpy, C, C++ Education Details January 2016 ME Computer Engineering Pune, Maharashtra Savitribai Phule Pune University January 2014 B.E Computer Engineering Pune, Maharashtra Savitribai Phule Pune University January 2010 RYK Science College, Maharashtra state board January 2008 Maharashtra state board Python developer Python Developer Skill Details C++- Exprience - 6 months MYSQL- Exprience - 6 months PYTHON- Exprience - 6 monthsCompany Details company - Fresher description - Python programming","January 2016 ME Computer Engineering Pune, Maharashtra Savitribai Phule Pune University January 2014 B.E Computer Engineering Pune, Maharashtra Savitribai Phule Pune University January 2010 RYK Science College, Maharashtra state board January 2008 Maharashtra state board Python developer Python Developer",found,C++- Exprience - 6 months MYSQL- Exprience - 6 months PYTHON- Exprience - 6 months,company - Fresher description - Python programming
R046,Aditya Verma,BITS Pilani,1,Mumbai,1,0,Testing,"Name: Aditya Verma
College: BITS Pilani
City: Mumbai
Employment Gap: None

PERSONAL SKILLS â¢ Quick learner, â¢ Eagerness to learn new things, â¢ Competitive attitude, â¢ Good leadership qualities, â¢ Ability to deal with people diplomatically. PERSONAL DOSSIER Fathers Name: Dhanraj WaghEducation Details January 2012 to January 2016 Bachelors of Engineering Engineering Pune, Maharashtra Pune University January 2012 Higher Secondary Certificate Nashik, Maharashtra SND College of Engineering and Research Center January 2010 Secondary School Certificate Yeola, Maharashtra Swami Muktanand Jr. College HSC Maharashtra State Board SSC Maharashtra State Bard BE Rajapur, Uttar Pradesh Madhyamik Vidya Mandir Rajapur Testing and Quality Control Engineer Testing and Quality Control Engineer - M/S Rakesh Transformer Industries Pvt. Ltd Skill Details Company Details company - M/S Rakesh Transformer Industries Pvt. Ltd description - Responsibilities: â¢ To conduct Routine test, Type Test (Temperature Rise Test), Special Test on Transformers as per IS & IEC up to - 10 MVA / 33 KV Class & preparing of its test reports. â¢ Routine tests, Type tests and Special tests as per IS 2026, IS 1180, IS 11171/IEC-60076- test Manual/inspection plans of Power Transformers,","January 2012 to January 2016 Bachelors of Engineering Engineering Pune, Maharashtra Pune University January 2012 Higher Secondary Certificate Nashik, Maharashtra SND College of Engineering and Research Center January 2010 Secondary School Certificate Yeola, Maharashtra Swami Muktanand Jr. College HSC Maharashtra State Board SSC Maharashtra State Bard BE Rajapur, Uttar Pradesh Madhyamik Vidya Mandir Rajapur Testing and Quality Control Engineer Testing and Quality Control Engineer - M/S Rakesh Transformer Industries Pvt. Ltd",found,,"company - M/S Rakesh Transformer Industries Pvt. Ltd description - Responsibilities: â¢ To conduct Routine test, Type Test (Temperature Rise Test), Special Test on Transformers as per IS & IEC up to - 10 MVA / 33 KV Class & preparing of its test reports. â¢ Routine tests, Type tests and Special tests as per IS 2026, IS 1180, IS 11171/IEC-60076- test Manual/inspection plans of Power Transformers,"
R047,Ishita Chopra,Indian Institute of Technology Kharagpur,1,Ahmedabad,1,0,Arts,"Name: Ishita Chopra
College: Indian Institute of Technology Kharagpur
City: Ahmedabad
Employment Gap: None

â¢ Operating Systems: Windows XP / Vista / 07Education Details January 2018 M.F.A painting Nagpur, Maharashtra Nagpur University January 2016 B.F.A. Painting Nagpur, Maharashtra Nagpur University January 2012 Diploma Art Maharashtra State Board January 2010 H.S.C. Maharashtra State Board January 2008 S.S.C. Maharashtra State Board Fine arts lecturer Skill Details Ms-Cit- Exprience - 96 monthsCompany Details company - Shubhankan Fine Arts College, indore description - â¢ I'm doing a job as a Lecturer in Shubhankan Fine Arts College Indore from Nov 2018. â¢ I'm an Artist, completed ATD, BFA and MFA in painting. â¢ I'm searching for a job in my faculty in my area and comfort place. To improve my knowledge and experience in this field. company - description - I have a experience of classes of painting, rangoli, drawing, summer classes, etc Health: Physical Disability ( Orthopedically)","January 2018 M.F.A painting Nagpur, Maharashtra Nagpur University January 2016 B.F.A. Painting Nagpur, Maharashtra Nagpur University January 2012 Diploma Art Maharashtra State Board January 2010 H.S.C. Maharashtra State Board January 2008 S.S.C. Maharashtra State Board Fine arts lecturer",found,Ms-Cit- Exprience - 96 months,"company - Shubhankan Fine Arts College, indore description - â¢ I'm doing a job as a Lecturer in Shubhankan Fine Arts College Indore from Nov 2018. â¢ I'm an Artist, completed ATD, BFA and MFA in painting. â¢ I'm searching for a job in my faculty in my area and comfort place. To improve my knowledge and experience in this field. company - description - I have a experience of classes of painting, rangoli, drawing, summer classes, etc Health: Physical Disability ( Orthopedically)"
R048,Arjun Sharma,Indian Institute of Technology Delhi,1,Hyderabad,1,0,Advocate,"Name: Arjun Sharma
College: Indian Institute of Technology Delhi
City: Hyderabad
Employment Gap: None

Education Details B.Com, LL.B., University of Clacutta, University of Burdwan ADVOCATE Skill Details Taxation matters Income Tax GST P Tax Accounts- Exprience - Less than 1 year months Filing of Income Tax Returns GST Returns e-TDS AIR and more- Exprience - Less than 1 year monthsCompany Details company - own practice description - 1. Drafting and preparation of plaint, Accounts and move before relevant Authority to hear the cases","B.Com, LL.B., University of Clacutta, University of Burdwan ADVOCATE",found,Taxation matters Income Tax GST P Tax Accounts- Exprience - Less than 1 year months Filing of Income Tax Returns GST Returns e-TDS AIR and more- Exprience - Less than 1 year months,"company - own practice description - 1. Drafting and preparation of plaint, Accounts and move before relevant Authority to hear the cases"
R049,Vikram Reddy,Indian Institute of Technology Kanpur,1,Mumbai,1,0,Network Security Engineer,"Name: Vikram Reddy
College: Indian Institute of Technology Kanpur
City: Mumbai
Employment Gap: None

Skill Set â¢â¢Cisco Certified Network Associates (CCNA): - â¢ Basic knowledge of networking such as Ethernet mediums, ethernet communication, types of Ethernet communication devices etc. â¢ IPv4 (Subnetting, Supernetting) â¢ Basic configuration of Routing, Switching, Access lists, Network Address Translation (NAT), Virtual LANs (VLANs) etc â¢â¢Cisco Certified Network Associates (CCNA-Security): - â¢ Basic security goals and need. â¢ Different types of attacks like access attacks, reconnaissance strategies etc. â¢ Basic configuration of firewalls. â¢ Mitigation techniques such as access control lists, private VLANs, VLAN hopping, IP source guard, DHCP snooping, Authentication, Authorization & Accounting (AAA), IP Security (IPsec) etc. â¢â¢Cisco Certified Network Professional (CCNP-Routing, Switching & MPLS): - â¢ Routing-Configuration and concept of EIGRP, OSPF and BGP. â¢ Switching-Virtual LANs (VLANs), spanning tree protocol (STP), queuing etc. â¢ MPLS (Multi-Protocol Label Switching) -Basic idea about working, types and modes of MPLS, penultimate hopping in mpls etc. â¢â¢Cisco Certified Network Professional Security (ASA Module): - â¢ Knowledge of Control",,not_available,"â¢â¢Cisco Certified Network Associates (CCNA): - â¢ Basic knowledge of networking such as Ethernet mediums, ethernet communication, types of Ethernet communication devices etc. â¢ IPv4 (Subnetting, Supernetting) â¢ Basic configuration of Routing, Switching, Access lists, Network Address Translation (NAT), Virtual LANs (VLANs) etc â¢â¢Cisco Certified Network Associates (CCNA-Security): - â¢ Basic security goals and need. â¢ Different types of attacks like access attacks, reconnaissance strategies etc. â¢ Basic configuration of firewalls. â¢ Mitigation techniques such as access control lists, private VLANs, VLAN hopping, IP source guard, DHCP snooping, Authentication, Authorization & Accounting (AAA), IP Security (IPsec) etc. â¢â¢Cisco Certified Network Professional (CCNP-Routing, Switching & MPLS): - â¢ Routing-Configuration and concept of EIGRP, OSPF and BGP. â¢ Switching-Virtual LANs (VLANs), spanning tree protocol (STP), queuing etc. â¢ MPLS (Multi-Protocol Label Switching) -Basic idea about working, types and modes of MPLS, penultimate hopping in mpls etc. â¢â¢Cisco Certified Network Professional Security (ASA Module): - â¢ Knowledge of Control",
R050,Ananya Iyer,NIT Tiruchirappalli,1,Delhi,1,0,Business Analyst,"Name: Ananya Iyer
College: NIT Tiruchirappalli
City: Delhi
Employment Gap: None

IT Skills: Area Exposure Modeling Tool: Bizagi, MS Visio Prototyping Tool: Indigo Studio. Documentation: MS Office (MS Word, MS Excel, MS Power Point) Testing Proficiency: Smoke, Sanity, Integration, Functional, Acceptance and UI Methodology implemented: Waterfall, Agile (Scrum) Database: SQL Testing Tool: HPQC Business Exposure Education Details Bachelor Of Computer Engineering Computer Engineering Mumbai, Maharashtra Thadomal Shahani Engineering college Diploma Computer Engineering Ulhasnagar, Maharashtra Institute of Technology Secondary School Certificate Ulhasnagar, Maharashtra New English High School Senior Business Analyst - RPA Senior Business Analyst - RPA - Hexaware Technologies Skill Details DOCUMENTATION- Exprience - 47 months TESTING- Exprience - 29 months INTEGRATION- Exprience - 25 months INTEGRATOR- Exprience - 25 months PROTOTYPE- Exprience - 13 monthsCompany Details company - Hexaware Technologies description - Working as a RPA Business Analyst company - BBH- Brown Brothers Harriman & Co description - is a private bank that provides commercial banking, investment management, brokerage, and trust services to private companies and individuals. It also performs","Bachelor Of Computer Engineering Computer Engineering Mumbai, Maharashtra Thadomal Shahani Engineering college Diploma Computer Engineering Ulhasnagar, Maharashtra Institute of Technology Secondary School Certificate Ulhasnagar, Maharashtra New English High School Senior Business Analyst - RPA Senior Business Analyst - RPA - Hexaware Technologies",found,DOCUMENTATION- Exprience - 47 months TESTING- Exprience - 29 months INTEGRATION- Exprience - 25 months INTEGRATOR- Exprience - 25 months PROTOTYPE- Exprience - 13 months,"company - Hexaware Technologies description - Working as a RPA Business Analyst company - BBH- Brown Brothers Harriman & Co description - is a private bank that provides commercial banking, investment management, brokerage, and trust services to private companies and individuals. It also performs"
R051,Priya Nair,Indian Institute of Technology Guwahati,1,Delhi,1,0,Operations Manager,"Name: Priya Nair
College: Indian Institute of Technology Guwahati
City: Delhi
Employment Gap: None

Education Details August 2000 B.E Electronics Pune, Maharashtra Pune University Operations Manager Operations Manager - Delta Controls, Dubai FZCO Skill Details Company Details company - Delta Controls, Dubai FZCO description - Heading Pune Branch [M/s Deltannex Integrators Pvt. Ltd.] From Aug '17 till date Designation - Operations Manager [1st Employee] 1. Reporting to the GM-Operations 2. Review of SOW, RFQ, Assist the proposal Team on the Engineering man hours, Project Schedule, Organization Chart and Meeting the client for pre-sales support 3. Review of SOW, RFQ, Client's Purchase Order or contract terms & conditions 4. Project Execution Plans after through discussion with client & consultants 5. Kick of meeting & Ad-hoc meetings with client 6. Project evaluation in terms of outlays & profits 7. Ensuring an appropriate project management framework 8. Management of all contractual and commercial issues related to the project 9. Monitoring, reviewing & reporting of the project progress 10. Coordinating and fostering teamwork & prioritization of team activities 11. Monitor the project budget 12. Apply quality management system and processes 13. Liaison with and reporting to","August 2000 B.E Electronics Pune, Maharashtra Pune University Operations Manager Operations Manager - Delta Controls, Dubai FZCO",found,,"company - Delta Controls, Dubai FZCO description - Heading Pune Branch [M/s Deltannex Integrators Pvt. Ltd.] From Aug '17 till date Designation - Operations Manager [1st Employee] 1. Reporting to the GM-Operations 2. Review of SOW, RFQ, Assist the proposal Team on the Engineering man hours, Project Schedule, Organization Chart and Meeting the client for pre-sales support 3. Review of SOW, RFQ, Client's Purchase Order or contract terms & conditions 4. Project Execution Plans after through discussion with client & consultants 5. Kick of meeting & Ad-hoc meetings with client 6. Project evaluation in terms of outlays & profits 7. Ensuring an appropriate project management framework 8. Management of all contractual and commercial issues related to the project 9. Monitoring, reviewing & reporting of the project progress 10. Coordinating and fostering teamwork & prioritization of team activities 11. Monitor the project budget 12. Apply quality management system and processes 13. Liaison with and reporting to"
R052,Aditya Verma,Indian Institute of Technology Madras,1,Bangalore,1,0,ETL Developer,"Name: Aditya Verma
College: Indian Institute of Technology Madras
City: Bangalore
Employment Gap: None

Education Details January 2015 Bachelor of Engineering EXTC Mumbai, Maharashtra Mumbai University January 2012 Diploma Industrial Electronics Vashi, MAHARASHTRA, IN Fr. Agnel Polytechnic ETL Developer ETL Developer Skill Details informatica- Exprience - 36 monthsCompany Details company - Blue Shield of California description - Duration: (Mar 2016 - Sept 2017) Description: Blue Shield of California (BSC) is health plan provider. The intent of this project is to process feeds coming in and going out of BSC system related to eligibility, enrollment, and claims subject areas. All these feeds comes in different formats and are processed using Informatica 9.6.1, Oracle 11g, Facets 5.0 &Tidal. Technical environment: ETL tool (Informatica power Center 9.6.1), Oracle 11g (SQL, PL-SQL), UNIX, Facets, Tidal, JIRA, Putty. Role: ETL Developer Responsibilities: â¢ Responsible for analyzing the business requirement document â¢ Involved in development of Informatica mappings using different transformations like source qualifier, expression, filter, router, joiner, union, aggregator, normalizer, sorter, lookup and its corresponding sessions and workflows. â¢ Extensively used Informatica","January 2015 Bachelor of Engineering EXTC Mumbai, Maharashtra Mumbai University January 2012 Diploma Industrial Electronics Vashi, MAHARASHTRA, IN Fr. Agnel Polytechnic ETL Developer ETL Developer",found,informatica- Exprience - 36 months,"company - Blue Shield of California description - Duration: (Mar 2016 - Sept 2017) Description: Blue Shield of California (BSC) is health plan provider. The intent of this project is to process feeds coming in and going out of BSC system related to eligibility, enrollment, and claims subject areas. All these feeds comes in different formats and are processed using Informatica 9.6.1, Oracle 11g, Facets 5.0 &Tidal. Technical environment: ETL tool (Informatica power Center 9.6.1), Oracle 11g (SQL, PL-SQL), UNIX, Facets, Tidal, JIRA, Putty. Role: ETL Developer Responsibilities: â¢ Responsible for analyzing the business requirement document â¢ Involved in development of Informatica mappings using different transformations like source qualifier, expression, filter, router, joiner, union, aggregator, normalizer, sorter, lookup and its corresponding sessions and workflows. â¢ Extensively used Informatica"
R053,Divya Rao,BITS Pilani,1,Bangalore,1,0,Data Science,"Name: Divya Rao
College: BITS Pilani
City: Bangalore
Employment Gap: None

Areas of Interest Deep Learning, Control System Design, Programming in-Python, Electric Machinery, Web Development, Analytics Technical Activities q Hindustan Aeronautics Limited, Bangalore - For 4 weeks under the guidance of Mr. Satish, Senior Engineer in the hangar of Mirage 2000 fighter aircraft Technical Skills Programming Matlab, Python and Java, LabView, Python WebFrameWork-Django, Flask, LTSPICE-intermediate Languages and and MIPOWER-intermediate, Github (GitBash), Jupyter Notebook, Xampp, MySQL-Basics, Python Software Packages Interpreters-Anaconda, Python2, Python3, Pycharm, Java IDE-Eclipse Operating Systems Windows, Ubuntu, Debian-Kali Linux Education Details January 2019 B.Tech. Electrical and Electronics Engineering Manipal Institute of Technology January 2015 DEEKSHA CENTER January 2013 Little Flower Public School August 2000 Manipal Academy of Higher DATA SCIENCE DATA SCIENCE AND ELECTRICAL ENTHUSIAST Skill Details Data Analysis- Exprience - Less than 1 year months excel- Exprience - Less than 1 year months Machine Learning- Exprience - Less than 1 year months mathematics- Exprience - Less than 1 year months Python- Exprience - Less than 1 year months Matlab-",January 2019 B.Tech. Electrical and Electronics Engineering Manipal Institute of Technology January 2015 DEEKSHA CENTER January 2013 Little Flower Public School August 2000 Manipal Academy of Higher DATA SCIENCE DATA SCIENCE AND ELECTRICAL ENTHUSIAST,found,Data Analysis- Exprience - Less than 1 year months excel- Exprience - Less than 1 year months Machine Learning- Exprience - Less than 1 year months mathematics- Exprience - Less than 1 year months Python- Exprience - Less than 1 year months Matlab-,
R054,Vikram Reddy,BITS Pilani,1,Pune,1,0,Python Developer,"Name: Vikram Reddy
College: BITS Pilani
City: Pune
Employment Gap: None

Technical Skills / Responsibilities: â¢ Hands on Experience with Production and Maintenance of Projects. â¢ Experience in handling projects in agile methodology. â¢ Experience in handling projects in SDLC, Involved in each stage of Software Development Life Cycle. â¢ Responsible to gather requirement (Customer Interaction) and providing Estimate & solution document then as per process FS, TS, Coding, UTP, UTR, PTF, SOW submission to customer. â¢ Having strong knowledge of Debugging and Testing based on Python and AS/400. â¢ Worked as Change Controller - Responsible for promoting changes in Development to UAT and LIVE environment through Pivotal Cloud Foundry. â¢ Have good communication skills, Inter personal skills, hardworking and result oriented as an Individual and in team. Certification and Trainings: â¢ Completed Internal Python training. â¢ Completed Internal Python Web Crawling training. â¢ Completed Internal Python Web Scraping training. â¢ Completed Internal Python for Data Science training. â¢ Completed Internal MongoDB training. â¢ Completed Internal MySQL training. â¢ Completed Internal PostgreSQL training. â¢ Completed Internal DJango training. â¢",,not_available,": â¢ Hands on Experience with Production and Maintenance of Projects. â¢ Experience in handling projects in agile methodology. â¢ Experience in handling projects in SDLC, Involved in each stage of Software Development Life Cycle. â¢ Responsible to gather requirement (Customer Interaction) and providing Estimate & solution document then as per process FS, TS, Coding, UTP, UTR, PTF, SOW submission to customer. â¢ Having strong knowledge of Debugging and Testing based on Python and AS/400. â¢ Worked as Change Controller - Responsible for promoting changes in Development to UAT and LIVE environment through Pivotal Cloud Foundry. â¢ Have good communication skills, Inter personal skills, hardworking and result oriented as an Individual and in team. Certification and Trainings: â¢ Completed Internal Python training. â¢ Completed Internal Python Web Crawling training. â¢ Completed Internal Python Web Scraping training. â¢ Completed Internal Python for Data Science training. â¢ Completed Internal MongoDB training. â¢ Completed Internal MySQL training. â¢ Completed Internal PostgreSQL training. â¢ Completed Internal DJango training. â¢",
R055,Ananya Iyer,BITS Pilani,1,Chennai,1,0,Operations Manager,"Name: Ananya Iyer
College: BITS Pilani
City: Chennai
Employment Gap: None

Education Details BCA Vinayaka Missions University Operations Manager Operations Manager Skill Details Operations Management- Exprience - Less than 1 year monthsCompany Details company - BNY Mellon International Operations (India) Pvt. Ltd description - Organization: BNY Mellon International Operations (India) Pvt. Ltd.: Sept 2009- till date BNY Mellon provides a broad range of products and services in the areas of Investment Management, Investment Services and Treasury Services. Our customers are institutions, corporations, and high-net-worth individuals, as well as consultants and advisors who work with them. Line of Business (LOB): Revenue &Billing Services (R&BS) Revenue and Billing Services is a Global Center of Excellence that generates invoices and collects fee revenue from Investment Services clients. 218 staff across five locations (Brooklyn, Pittsburgh, Syracuse, Pune, and UK) . Various Businesses supported are Asset Servicing, Corporate Trust, Treasury Services, Broker Dealer Services and Global Collateral Management. Support U.S., EMEA, and APAC. Regions. Job Profile: Operations Manager - BNY Mellon International Operations (India) Pvt. Ltd. Responsible for daily",BCA Vinayaka Missions University Operations Manager Operations Manager,found,Operations Management- Exprience - Less than 1 year months,"company - BNY Mellon International Operations (India) Pvt. Ltd description - Organization: BNY Mellon International Operations (India) Pvt. Ltd.: Sept 2009- till date BNY Mellon provides a broad range of products and services in the areas of Investment Management, Investment Services and Treasury Services. Our customers are institutions, corporations, and high-net-worth individuals, as well as consultants and advisors who work with them. Line of Business (LOB): Revenue &Billing Services (R&BS) Revenue and Billing Services is a Global Center of Excellence that generates invoices and collects fee revenue from Investment Services clients. 218 staff across five locations (Brooklyn, Pittsburgh, Syracuse, Pune, and UK) . Various Businesses supported are Asset Servicing, Corporate Trust, Treasury Services, Broker Dealer Services and Global Collateral Management. Support U.S., EMEA, and APAC. Regions. Job Profile: Operations Manager - BNY Mellon International Operations (India) Pvt. Ltd. Responsible for daily"
R056,Vikram Reddy,Indian Institute of Technology Roorkee,1,Hyderabad,1,0,Java Developer,"Name: Vikram Reddy
College: Indian Institute of Technology Roorkee
City: Hyderabad
Employment Gap: None

Education Details August 2010 to May 2017 BE Electronics & Communication Jabalpur, Madhya Pradesh Takshshila institute of technology Java developer Skill Details Java, Javascript,- Exprience - 6 monthsCompany Details company - Wab It Softwere Pvt. Ltd. description - Jr. Java Developer","August 2010 to May 2017 BE Electronics & Communication Jabalpur, Madhya Pradesh Takshshila institute of technology Java developer",found,"Java, Javascript,- Exprience - 6 months",company - Wab It Softwere Pvt. Ltd. description - Jr. Java Developer
R057,Divya Rao,BITS Pilani,1,Ahmedabad,1,0,Network Security Engineer,"Name: Divya Rao
College: BITS Pilani
City: Ahmedabad
Employment Gap: None

Skill Set â¢â¢Cisco Certified Network Associates (CCNA): - â¢ Basic knowledge of networking such as Ethernet mediums, ethernet communication, types of Ethernet communication devices etc. â¢ IPv4 (Subnetting, Supernetting) â¢ Basic configuration of Routing, Switching, Access lists, Network Address Translation (NAT), Virtual LANs (VLANs) etc â¢â¢Cisco Certified Network Associates (CCNA-Security): - â¢ Basic security goals and need. â¢ Different types of attacks like access attacks, reconnaissance strategies etc. â¢ Basic configuration of firewalls. â¢ Mitigation techniques such as access control lists, private VLANs, VLAN hopping, IP source guard, DHCP snooping, Authentication, Authorization & Accounting (AAA), IP Security (IPsec) etc. â¢â¢Cisco Certified Network Professional (CCNP-Routing, Switching & MPLS): - â¢ Routing-Configuration and concept of EIGRP, OSPF and BGP. â¢ Switching-Virtual LANs (VLANs), spanning tree protocol (STP), queuing etc. â¢ MPLS (Multi-Protocol Label Switching) -Basic idea about working, types and modes of MPLS, penultimate hopping in mpls etc. â¢â¢Cisco Certified Network Professional Security (ASA Module): - â¢ Knowledge of Control",,not_available,"â¢â¢Cisco Certified Network Associates (CCNA): - â¢ Basic knowledge of networking such as Ethernet mediums, ethernet communication, types of Ethernet communication devices etc. â¢ IPv4 (Subnetting, Supernetting) â¢ Basic configuration of Routing, Switching, Access lists, Network Address Translation (NAT), Virtual LANs (VLANs) etc â¢â¢Cisco Certified Network Associates (CCNA-Security): - â¢ Basic security goals and need. â¢ Different types of attacks like access attacks, reconnaissance strategies etc. â¢ Basic configuration of firewalls. â¢ Mitigation techniques such as access control lists, private VLANs, VLAN hopping, IP source guard, DHCP snooping, Authentication, Authorization & Accounting (AAA), IP Security (IPsec) etc. â¢â¢Cisco Certified Network Professional (CCNP-Routing, Switching & MPLS): - â¢ Routing-Configuration and concept of EIGRP, OSPF and BGP. â¢ Switching-Virtual LANs (VLANs), spanning tree protocol (STP), queuing etc. â¢ MPLS (Multi-Protocol Label Switching) -Basic idea about working, types and modes of MPLS, penultimate hopping in mpls etc. â¢â¢Cisco Certified Network Professional Security (ASA Module): - â¢ Knowledge of Control",
R058,Priya Nair,Indian Institute of Technology Kanpur,1,Chennai,1,0,Automation Testing,"Name: Priya Nair
College: Indian Institute of Technology Kanpur
City: Chennai
Employment Gap: None

* Excellent grasping power in learning new concepts and technology. * Highly motivated team player with strong work ethics, committed to hard work. * Ability to work and co-ordinate in a team effectively. * Enthusiastic self-starter and team player. * Quick and independent learner.Education Details January 2014 Bachelor of Technology Information Technology branch BPUT University January 2010 Diploma Engineering Brahmapur, Orissa U.C.P Engineering School Software Testing & Automation Engineer Software Testing & Automation Engineer - Tech Mahindra Skill Details Company Details company - Tech Mahindra description - India Duration Oct 2017- Till Date Project Description BT Group plc (trading as BT and formerly British Telecom) is a British multinational telecommunications holding company with head offices in London, United Kingdom. I worked for Air Logistics Program under the banner of British Telecom. This project handles all the web applications to carry out the whole logistics operation over United Kingdom through various airlines. Roles & Responsibilities â¢ Design and develop framework for the Test scenarios and Test cases. â¢ Developing automation test scripts on the existing","January 2014 Bachelor of Technology Information Technology branch BPUT University January 2010 Diploma Engineering Brahmapur, Orissa U.C.P Engineering School Software Testing & Automation Engineer Software Testing & Automation Engineer - Tech Mahindra",found,,"company - Tech Mahindra description - India Duration Oct 2017- Till Date Project Description BT Group plc (trading as BT and formerly British Telecom) is a British multinational telecommunications holding company with head offices in London, United Kingdom. I worked for Air Logistics Program under the banner of British Telecom. This project handles all the web applications to carry out the whole logistics operation over United Kingdom through various airlines. Roles & Responsibilities â¢ Design and develop framework for the Test scenarios and Test cases. â¢ Developing automation test scripts on the existing"
R059,Priya Nair,Indian Institute of Technology Kharagpur,1,Mumbai,1,0,ETL Developer,"Name: Priya Nair
College: Indian Institute of Technology Kharagpur
City: Mumbai
Employment Gap: None

Computer skills: - Yes. SQL knowledge-yes Unix knowledge-yes Data warehouse knowledge-yes Ab intio -yee MY HOBBIES: - â¢ Playing Cricket, football. â¢ Reading books â¢ Visiting new places/Travelling. DECLARATION:- I hereby declare that the above mentioned information is factual and correct up to the best of my knowledge and belief. Date: -.27.01.2019 MR. MANISH PRABHAKAR PATIL Place: -MUMBAI Education Details June 2014 to June 2015 Bachelor's Electronics and Telecommunication A C Patil college of Engineering January 2009 to January 2011 Engineering Navi Mumbai, Maharashtra Bharati vidyapeeth January 2008 H.S.C. Mumbai, Maharashtra Khalsa college ETL Informatica Developer ETL DEVELOPER Skill Details ETL- Exprience - Less than 1 year months Data Warehouse- Exprience - Less than 1 year months Datastage- Exprience - Less than 1 year monthsCompany Details company - Reliance Infocomm description - I havevbeen working as ETL Developer in reliance industries in India for the past 3years.I have very good knowledge of Informatica and SQL as well as good knowledge of Unix.I am willing to work in yours company as Developer.","June 2014 to June 2015 Bachelor's Electronics and Telecommunication A C Patil college of Engineering January 2009 to January 2011 Engineering Navi Mumbai, Maharashtra Bharati vidyapeeth January 2008 H.S.C. Mumbai, Maharashtra Khalsa college ETL Informatica Developer ETL DEVELOPER",found,ETL- Exprience - Less than 1 year months Data Warehouse- Exprience - Less than 1 year months Datastage- Exprience - Less than 1 year months,company - Reliance Infocomm description - I havevbeen working as ETL Developer in reliance industries in India for the past 3years.I have very good knowledge of Informatica and SQL as well as good knowledge of Unix.I am willing to work in yours company as Developer.
R060,Ishita Chopra,BITS Pilani,1,Chennai,1,0,Automation Testing,"Name: Ishita Chopra
College: BITS Pilani
City: Chennai
Employment Gap: None

Technical Skills Summary I have completed ""CORPORATE TRAINING in Manual and Automation Testing"" at Source-Code Technology, Pune. â Manual and Automation Testing â¢ SELENIUM IDE, TestNG, SELENIUM Grid, JENKINS, Apache POI. â¢ Good knowledge in SDLC. â¢ Excellent understanding of White Box Testing and Black Box Testing. â¢ Good knowledge in Functional Testing, Integration Testing and System Testing. â¢ Good Exposure in writing Functional and Integration Scenarios. â¢ Good understanding of writing of test cases including test case design technique. â¢ Good understanding Build and release. â¢ Good knowledge on Ad hoc and smoke testing. â¢ Excellent understanding of usability, reliability and exploratory testing. â¢ Excellent knowledge of Globalization and Compatibility Testing. â¢ Excellent Understand of STLC. â¢ Good knowledge of regression and retesting. â¢ Excellent knowledge on Defect tracking and Defect Life Cycle. â¢ Good Knowledge on Test plan and Traceability Matrix. Internship Project Project Name: Resume Extractor Duration: 6 months Role: Manual And Automation Testing Environment: Jdbc, Servlets, Jsp, Technologies: Web based Application, MS Access2007 The",,not_available,"I have completed ""CORPORATE TRAINING in Manual and Automation Testing"" at Source-Code Technology, Pune. â Manual and Automation Testing â¢ SELENIUM IDE, TestNG, SELENIUM Grid, JENKINS, Apache POI. â¢ Good knowledge in SDLC. â¢ Excellent understanding of White Box Testing and Black Box Testing. â¢ Good knowledge in Functional Testing, Integration Testing and System Testing. â¢ Good Exposure in writing Functional and Integration Scenarios. â¢ Good understanding of writing of test cases including test case design technique. â¢ Good understanding Build and release. â¢ Good knowledge on Ad hoc and smoke testing. â¢ Excellent understanding of usability, reliability and exploratory testing. â¢ Excellent knowledge of Globalization and Compatibility Testing. â¢ Excellent Understand of STLC. â¢ Good knowledge of regression and retesting. â¢ Excellent knowledge on Defect tracking and Defect Life Cycle. â¢ Good Knowledge on Test plan and Traceability Matrix. Internship Project Project Name: Resume Extractor Duration: 6 months Role: Manual And Automation Testing Environment: Jdbc, Servlets, Jsp, Technologies: Web based Application, MS Access2007 The",
R061,Ishita Chopra,Indian Institute of Technology Kanpur,1,Mumbai,1,0,ETL Developer,"Name: Ishita Chopra
College: Indian Institute of Technology Kanpur
City: Mumbai
Employment Gap: None

TechnicalProficiencies DB: Oracle 11g Domains: Investment Banking, Advertising, Insurance. Programming Skills: SQL, PLSQL BI Tools: Informatica 9.1 OS: Windows, Unix Professional Development Trainings â¢ Concepts in Data Warehousing, Business Intelligence, ETL. â¢ BI Tools -Informatica 9X Education Details BCA Nanded, Maharashtra Nanded University ETL Developer ETL Developer - Sun Trust Bank NY Skill Details ETL- Exprience - 39 months EXTRACT, TRANSFORM, AND LOAD- Exprience - 39 months INFORMATICA- Exprience - 39 months ORACLE- Exprience - 39 months UNIX- Exprience - 39 monthsCompany Details company - Sun Trust Bank NY description - Sun Trust Bank, NY JAN 2018 to present Client: Sun Trust Bank NY Environment: Informatica Power Center 9.1, Oracle 11g, unix. Role: ETL Developer Project Profile: Sun Trust Bank is a US based multinational financial services holding company, headquarters in NY that operates the Bank in New York and other financial services investments. The company is organized as a stock corporation with four divisions: investment banking, private banking, Retail banking and a shared services group that provides Financial services and support to the other divisions.","BCA Nanded, Maharashtra Nanded University ETL Developer ETL Developer - Sun Trust Bank NY",found,"ETL- Exprience - 39 months EXTRACT, TRANSFORM, AND LOAD- Exprience - 39 months INFORMATICA- Exprience - 39 months ORACLE- Exprience - 39 months UNIX- Exprience - 39 months","company - Sun Trust Bank NY description - Sun Trust Bank, NY JAN 2018 to present Client: Sun Trust Bank NY Environment: Informatica Power Center 9.1, Oracle 11g, unix. Role: ETL Developer Project Profile: Sun Trust Bank is a US based multinational financial services holding company, headquarters in NY that operates the Bank in New York and other financial services investments. The company is organized as a stock corporation with four divisions: investment banking, private banking, Retail banking and a shared services group that provides Financial services and support to the other divisions."
R062,Priya Nair,Indian Institute of Technology Bombay,1,Chennai,1,0,Automation Testing,"Name: Priya Nair
College: Indian Institute of Technology Bombay
City: Chennai
Employment Gap: None

SKILLS Agile Methodology Scrum, Kanban, Extreme Programming(XP), Test-driven development (TDD) and Feature Driven development(FDD) Domain Industrial Automation, Retail, Banking, Insurance, Health care. Automation Framework Modular, Data driven, BPT, Hybrid Test automation tool HP UFT, TAF, Load Runner, Selenium, Rational Robot, DCMTK, sikuli languages VB Script, C++, Python, Shell Script Bug Tracking Tool Bugzilla, Jira, HP Quality Control, AP Test, Clear Quest Version management Clear case, Win CVS, SVN Database Oracle, SQL server, MySQL Network Protocols TCP/IP, HTTP, HTTPS, VPN, FTP, LDAP Healthcare DICOM, PACS, HL7, Image Archiving, Image reconstruction, Rockwell Automation Logix Designer, Factory Talk, RSLinx Classic, Control Flash, Compare Tool, I/O modules and Profiles. Education Details Bachelor of Science Computer Science Mumbai, Maharashtra Mumbai University QA Automation Lead QA Automation Lead Skill Details C++- Exprience - 63 months PYTHON- Exprience - 109 months UFT- Exprience - 85 months SELENIUM- Exprience - 85 months SQL- Exprience - 69 monthsCompany Details company - Leading Industrial Automation description - Responsibilities: â¢ Test Rockwell Automation","Bachelor of Science Computer Science Mumbai, Maharashtra Mumbai University QA Automation Lead QA Automation Lead",found,C++- Exprience - 63 months PYTHON- Exprience - 109 months UFT- Exprience - 85 months SELENIUM- Exprience - 85 months SQL- Exprience - 69 months,company - Leading Industrial Automation description - Responsibilities: â¢ Test Rockwell Automation
R063,Priya Nair,Indian Institute of Technology Bombay,1,Hyderabad,1,0,Arts,"Name: Priya Nair
College: Indian Institute of Technology Bombay
City: Hyderabad
Employment Gap: None

â¢ Good communication skill â¢ Quick learner â¢ Keen to find solutionsEducation Details MBA Marketing and International Business Management Pune, Maharashtra Pune University B-Tech Tech Nagpur, Maharashtra RTM Nagpur University G.M. Arts, Commerce & Science G.M. Arts, Commerce & Science Skill Details Company Details company - Samarth College description - of Engineering 30 7 210 5 College to campus VJ College of Pharmacy 10 days' workshop 10 G.M. Arts, Commerce & Science 6 Soft Skills 6 days' workshop 6 College Personality G.M. Institute of Agricultural 7 6 days' workshop 6 Development Diploma 8 Soft Skills Samarth College of Polytechnic 20 days' workshop 20 TOTAL 350 WORKING EXPERIENCE IN CORPORATE: Sr. No Topic Company No. of days Total Hrs 1 Presentation skill & Team Elringklinger Automotives Pvt 1 Day 8 building Workshop Ltd, Ranjangaon, Pune 2 Negotiation skill & Kubler Automation Pvt Ltd., 2 days 16 Communication skill Chakan, Pune 3 Business Communication Finanza Home Loans, Pimple 3 days 21 & Stress management saudagar, Pune 4 Team-building & Verbal Sharvari Products Pvt Ltd, 2 days 16 communication Junner, Pune 7 days' 5 Entrepreneurship Agriculture Research Centre,","MBA Marketing and International Business Management Pune, Maharashtra Pune University B-Tech Tech Nagpur, Maharashtra RTM Nagpur University G.M. Arts, Commerce & Science G.M. Arts, Commerce & Science",found,,"company - Samarth College description - of Engineering 30 7 210 5 College to campus VJ College of Pharmacy 10 days' workshop 10 G.M. Arts, Commerce & Science 6 Soft Skills 6 days' workshop 6 College Personality G.M. Institute of Agricultural 7 6 days' workshop 6 Development Diploma 8 Soft Skills Samarth College of Polytechnic 20 days' workshop 20 TOTAL 350 WORKING EXPERIENCE IN CORPORATE: Sr. No Topic Company No. of days Total Hrs 1 Presentation skill & Team Elringklinger Automotives Pvt 1 Day 8 building Workshop Ltd, Ranjangaon, Pune 2 Negotiation skill & Kubler Automation Pvt Ltd., 2 days 16 Communication skill Chakan, Pune 3 Business Communication Finanza Home Loans, Pimple 3 days 21 & Stress management saudagar, Pune 4 Team-building & Verbal Sharvari Products Pvt Ltd, 2 days 16 communication Junner, Pune 7 days' 5 Entrepreneurship Agriculture Research Centre,"
R064,Priya Nair,BITS Pilani,1,Chennai,1,0,HR,"Name: Priya Nair
College: BITS Pilani
City: Chennai
Employment Gap: None

I.T. Skills â¢ Windows XP, Ms Office (Word, Excel: Look-ups; Pivot table; other basic functions ; Power Point) â¢ Saral Payment Package- payroll software â¢ Internet ApplicationsEducation Details January 2006 Bachelor in Hospitality Management International Hospitality Management Queen Margaret University Edinburg January 2006 diploma Hotel Management International Institute of Hotel Management HR Skill Details Hr Management- Exprience - Less than 1 year monthsCompany Details company - Atri Developers description - â¢ HR Payroll Statutory Compliance Performance Management company - description - Employee Relations and Administration: Creating industry specific Policies, Procedure, Forms, Formats, Letters, Checklists etc Payroll Management: Salary restructuring to process payroll of 600 employees. â¢ Validation of all input (Attendance, Leaves, and Salaries) before starting salary process. â¢ Processing accurate & error free salary of employees. â¢ Responsible for compensation and benefits administration. â¢ Coordinate with Accounts team for salary processing. â¢ Attendance & Leave record management â¢ Assuring prompt and satisfactory resolution of payroll related queries",January 2006 Bachelor in Hospitality Management International Hospitality Management Queen Margaret University Edinburg January 2006 diploma Hotel Management International Institute of Hotel Management HR,found,Hr Management- Exprience - Less than 1 year months,"company - Atri Developers description - â¢ HR Payroll Statutory Compliance Performance Management company - description - Employee Relations and Administration: Creating industry specific Policies, Procedure, Forms, Formats, Letters, Checklists etc Payroll Management: Salary restructuring to process payroll of 600 employees. â¢ Validation of all input (Attendance, Leaves, and Salaries) before starting salary process. â¢ Processing accurate & error free salary of employees. â¢ Responsible for compensation and benefits administration. â¢ Coordinate with Accounts team for salary processing. â¢ Attendance & Leave record management â¢ Assuring prompt and satisfactory resolution of payroll related queries"
R065,Vikram Reddy,Indian Institute of Technology Guwahati,1,Chennai,1,0,Web Designing,"Name: Vikram Reddy
College: Indian Institute of Technology Guwahati
City: Chennai
Employment Gap: None

Education Details January 2016 B.Sc. Information Technology Mumbai, Maharashtra University of Mumbai January 2012 HSC Allahabad, Uttar Pradesh Allahabad university January 2010 SSC dot Net Allahabad, Uttar Pradesh Allahabad university Web designer and Developer Trainer Web designer and Developer Skill Details Web design- Exprience - 12 months Php- Exprience - 12 monthsCompany Details company - NetTech India description - Working. ( salary - 12k) PERSONAL INTEREST Listening to Music, Surfing net, Watching Movie, Playing Cricket. company - EPI Center Academy description - Working. ( Salary Contract based) company - Aptech Charni Road description - Salary Contract based)","January 2016 B.Sc. Information Technology Mumbai, Maharashtra University of Mumbai January 2012 HSC Allahabad, Uttar Pradesh Allahabad university January 2010 SSC dot Net Allahabad, Uttar Pradesh Allahabad university Web designer and Developer Trainer Web designer and Developer",found,Web design- Exprience - 12 months Php- Exprience - 12 months,"company - NetTech India description - Working. ( salary - 12k) PERSONAL INTEREST Listening to Music, Surfing net, Watching Movie, Playing Cricket. company - EPI Center Academy description - Working. ( Salary Contract based) company - Aptech Charni Road description - Salary Contract based)"
R066,Aditya Verma,Indian Institute of Technology Madras,1,Ahmedabad,1,0,Operations Manager,"Name: Aditya Verma
College: Indian Institute of Technology Madras
City: Ahmedabad
Employment Gap: None

Education Details August 2000 B.E Electronics Pune, Maharashtra Pune University Operations Manager Operations Manager - Delta Controls, Dubai FZCO Skill Details Company Details company - Delta Controls, Dubai FZCO description - Heading Pune Branch [M/s Deltannex Integrators Pvt. Ltd.] From Aug '17 till date Designation - Operations Manager [1st Employee] 1. Reporting to the GM-Operations 2. Review of SOW, RFQ, Assist the proposal Team on the Engineering man hours, Project Schedule, Organization Chart and Meeting the client for pre-sales support 3. Review of SOW, RFQ, Client's Purchase Order or contract terms & conditions 4. Project Execution Plans after through discussion with client & consultants 5. Kick of meeting & Ad-hoc meetings with client 6. Project evaluation in terms of outlays & profits 7. Ensuring an appropriate project management framework 8. Management of all contractual and commercial issues related to the project 9. Monitoring, reviewing & reporting of the project progress 10. Coordinating and fostering teamwork & prioritization of team activities 11. Monitor the project budget 12. Apply quality management system and processes 13. Liaison with and reporting to","August 2000 B.E Electronics Pune, Maharashtra Pune University Operations Manager Operations Manager - Delta Controls, Dubai FZCO",found,,"company - Delta Controls, Dubai FZCO description - Heading Pune Branch [M/s Deltannex Integrators Pvt. Ltd.] From Aug '17 till date Designation - Operations Manager [1st Employee] 1. Reporting to the GM-Operations 2. Review of SOW, RFQ, Assist the proposal Team on the Engineering man hours, Project Schedule, Organization Chart and Meeting the client for pre-sales support 3. Review of SOW, RFQ, Client's Purchase Order or contract terms & conditions 4. Project Execution Plans after through discussion with client & consultants 5. Kick of meeting & Ad-hoc meetings with client 6. Project evaluation in terms of outlays & profits 7. Ensuring an appropriate project management framework 8. Management of all contractual and commercial issues related to the project 9. Monitoring, reviewing & reporting of the project progress 10. Coordinating and fostering teamwork & prioritization of team activities 11. Monitor the project budget 12. Apply quality management system and processes 13. Liaison with and reporting to"
R067,Ananya Iyer,Indian Institute of Technology Guwahati,1,Pune,1,0,Mechanical Engineer,"Name: Ananya Iyer
College: Indian Institute of Technology Guwahati
City: Pune
Employment Gap: None

Education Details May 1999 to September 2002 Diploma Mechanical Engg Mumbai, Maharashtra Institute of Mechanical Engg May 1998 to May 1999 Diploma Mechanical Engg. Services ITES May 1993 to May 1995 Mumbai, Maharashtra Industrial Training Institute Sr. Executive-Mechanical Engineering- Automation & Projects Consultant Sr. Executive-Mechanical Engineering- Automation & Projects Consultant - Mechanical Engineering Skill Details Microsoft Office -Word ,Excel,Auto cad,Micro station J ERP 3d Modeling software- Exprience - 120 monthsCompany Details company - Mechanical Engineering description - Role & Responsibilities: - Application Engineering / Pre Sales & Inside Sales â¢ Provide applications support to inside sales personnel and outside sales channels, Provide product selection and materials of construction technical recommendations. â¢ Participate in the necessary training activities to establish technical competency & also Participate in Field Service trips as directed by Top Mgmt. â¢ Assist Brand Managers and/or Product Managers as needed. â¢ Takes active role as support for the Projects Quotations team, being responsible for the technical part of project quotation including","May 1999 to September 2002 Diploma Mechanical Engg Mumbai, Maharashtra Institute of Mechanical Engg May 1998 to May 1999 Diploma Mechanical Engg. Services ITES May 1993 to May 1995 Mumbai, Maharashtra Industrial Training Institute Sr. Executive-Mechanical Engineering- Automation & Projects Consultant Sr. Executive-Mechanical Engineering- Automation & Projects Consultant - Mechanical Engineering",found,"Microsoft Office -Word ,Excel,Auto cad,Micro station J ERP 3d Modeling software- Exprience - 120 months","company - Mechanical Engineering description - Role & Responsibilities: - Application Engineering / Pre Sales & Inside Sales â¢ Provide applications support to inside sales personnel and outside sales channels, Provide product selection and materials of construction technical recommendations. â¢ Participate in the necessary training activities to establish technical competency & also Participate in Field Service trips as directed by Top Mgmt. â¢ Assist Brand Managers and/or Product Managers as needed. â¢ Takes active role as support for the Projects Quotations team, being responsible for the technical part of project quotation including"
R068,Ananya Iyer,Indian Institute of Technology Delhi,1,Delhi,1,0,Blockchain,"Name: Ananya Iyer
College: Indian Institute of Technology Delhi
City: Delhi
Employment Gap: None

KEY SKILLS: Programing languages: C, C++, Python, Apex, Visualforce, Database: Mysql, Framework: Django, Technologies: Salesforce.com (Administration and development), Force.com, Salesforce CRM, Blockchain Website Designing: HTML5, CSS3, Project: DIPLOMA: Project Name: VANET-virtual Ad - Hoc Network Technology Used: Java. About Project: A system has been made for Video-streaming. In this project, we give the Real, time video-steaming on two or more devices using VANET AP DEGREE: Project Name: Drowsiness Detection System Technology Used: python, Raspberry pi. About project: A system has been made for Driver safety when parson driving car. It detects Drowsy condition of a parson then system brings the alarm.Education Details January 2017 B.E Computer Engineering Pune, Maharashtra Sanghavi College of Engineering January 2014 Diploma Computer Technology Nashik, Maharashtra Shree Mahavir Polytechnic January 2010 S.S.C. Nashik, Maharashtra C.D.O.Meri High school BlockChain Developer Skill Details AP- Exprience - 6 months APEX- Exprience - 6 months C++- Exprience - 6 months CRM- Exprience - 6 months CUSTOMER RELATIONSHIP MANAGEMENT- Exprience - 6 monthsCompany Details company -","January 2017 B.E Computer Engineering Pune, Maharashtra Sanghavi College of Engineering January 2014 Diploma Computer Technology Nashik, Maharashtra Shree Mahavir Polytechnic January 2010 S.S.C. Nashik, Maharashtra C.D.O.Meri High school BlockChain Developer",found,AP- Exprience - 6 months APEX- Exprience - 6 months C++- Exprience - 6 months CRM- Exprience - 6 months CUSTOMER RELATIONSHIP MANAGEMENT- Exprience - 6 months,company -
R069,Karan Mehta,Indian Institute of Technology Kharagpur,1,Pune,1,0,SAP Developer,"Name: Karan Mehta
College: Indian Institute of Technology Kharagpur
City: Pune
Employment Gap: None

Skills: â¢ ETL â¢ Data Warehousing â¢ SQL/PL SQL â¢ Basic Core Java â¢ Basic Python Tools: â¢ SAP BODS â¢ SAP BO â¢ Oracle 11g â¢ Sybase Education Details August 2008 to July 2012 Bachelor of Engineering Navi Mumbai Panvel, Maharashtra Mumbai University June 2006 to May 2007 B.E Computer Engineering Navi Mumbai, Maharashtra Ryan International School SAP BO/BODS Developer/Administrator, Tata Consultancy Services Limited SAP BP/BODS Developer/Administrator, Tata Consultancy - SAP BODS Skill Details DATA WAREHOUSING- Exprience - 6 months SAP BO ADMIN- Exprience - Less than 1 year months SAP BODS- Exprience - Less than 1 year months ETL- Exprience - Less than 1 year months BASIC CORE JAVA- Exprience - Less than 1 year months SAP BO- Exprience - Less than 1 year months SAP BODS ADMIN- Exprience - Less than 1 year months BASIC PYTHON- Exprience - Less than 1 year monthsCompany Details company - SAP BODS description - â¢ Client: Royal Bank of Canada â¢ Developed BODS jobs and created/modified packages during migration from Sybase to Oracle Database. â¢ Taking up regular performance enhancement activities by co-coordinating with other teams like database team, Server Team,","August 2008 to July 2012 Bachelor of Engineering Navi Mumbai Panvel, Maharashtra Mumbai University June 2006 to May 2007 B.E Computer Engineering Navi Mumbai, Maharashtra Ryan International School SAP BO/BODS Developer/Administrator, Tata Consultancy Services Limited SAP BP/BODS Developer/Administrator, Tata Consultancy - SAP BODS",found,DATA WAREHOUSING- Exprience - 6 months SAP BO ADMIN- Exprience - Less than 1 year months SAP BODS- Exprience - Less than 1 year months ETL- Exprience - Less than 1 year months BASIC CORE JAVA- Exprience - Less than 1 year months SAP BO- Exprience - Less than 1 year months SAP BODS ADMIN- Exprience - Less than 1 year months BASIC PYTHON- Exprience - Less than 1 year months,"company - SAP BODS description - â¢ Client: Royal Bank of Canada â¢ Developed BODS jobs and created/modified packages during migration from Sybase to Oracle Database. â¢ Taking up regular performance enhancement activities by co-coordinating with other teams like database team, Server Team,"
R070,Karan Mehta,Indian Institute of Technology Guwahati,1,Mumbai,1,0,Network Security Engineer,"Name: Karan Mehta
College: Indian Institute of Technology Guwahati
City: Mumbai
Employment Gap: None

Technical Expertise: â¢ Cisco ASA, Checkpoint firewall (GAIA, Splat), Palo Alto firewalls â¢ Firewall management tools: Cisco security management (CSM), Checkpoint Smart center, Palo Alto Panorama â¢ F5 load balancer (LTM) â¢ Networking Hands on Cisco Router and Cisco Switches, â¢ Security Management & Event Management: RSAEnvision 4.1, â¢ Ticketing tools - BMC Remedy, Service-now Other Technologies: Software languages: Python, VB ScriptingEducation Details January 2006 to January 2010 Bachelor of Engineering Information Technology Mumbai, Maharashtra Mumbai University Senior Network security Analyst Senior Network security Analyst - Accenture Skill Details FIREWALLS- Exprience - 97 months CISCO- Exprience - 89 months SECURITY- Exprience - 72 months FIREWALL- Exprience - 45 months CHECKPOINT- Exprience - 44 monthsCompany Details company - Accenture description - Install, configure, upgrades and troubleshoot Cisco ASA firewalls ( 5500-X) which includes Single and multi-context firewalls â¢ F5 LTM configuration (VIP, pools), SSL offloading, certificate renewals, Code upgrade and troubleshoot issues â¢ Pulse secure (Juniper) management includes creating Roles/ Realm, polices","January 2006 to January 2010 Bachelor of Engineering Information Technology Mumbai, Maharashtra Mumbai University Senior Network security Analyst Senior Network security Analyst - Accenture",found,FIREWALLS- Exprience - 97 months CISCO- Exprience - 89 months SECURITY- Exprience - 72 months FIREWALL- Exprience - 45 months CHECKPOINT- Exprience - 44 months,"company - Accenture description - Install, configure, upgrades and troubleshoot Cisco ASA firewalls ( 5500-X) which includes Single and multi-context firewalls â¢ F5 LTM configuration (VIP, pools), SSL offloading, certificate renewals, Code upgrade and troubleshoot issues â¢ Pulse secure (Juniper) management includes creating Roles/ Realm, polices"
R071,Priya Nair,Indian Institute of Technology Bombay,1,Pune,1,0,Sales,"Name: Priya Nair
College: Indian Institute of Technology Bombay
City: Pune
Employment Gap: None

SKILLS 1. MS-Office 2. Good Communication skills and Convincing Power 3. Knowledge of sales and marketing 4. Customer sales management 5. Talent management 6. Direct sales management STRENGTHS 1. Dedication and dependability 2. Flexibility: able to work in taxing and demanding conditions on reasonably stretchable time slots 3. Team work: able to work cooperatively in a team and lead the team to success Education Details Sales manager Skill Details AND MARKETING- Exprience - 6 months DIRECT SALES- Exprience - 36 months MARKETING- Exprience - 6 months OF SALES- Exprience - 36 months SALES- Exprience - 36 monthsCompany Details company - Bajaj finance description - company - Bajaj finance description - SBI BANK AS A OFFICE ASSISTENCE FOR 1 YEAR K G N SHOPE AS A OFFICE ASSISTENCE 6 MONTH VODAFONE AS A TELLE CALLER 1 YEAR Bajaj Finserv Ltd AS An Assistant Sales Manager 11 MONTH Square Capital AS A Sales Manager 5 MONTH At present working in Bajaj Housing Finance Ltd AS An Assistant Sales Manager",Sales manager,found,AND MARKETING- Exprience - 6 months DIRECT SALES- Exprience - 36 months MARKETING- Exprience - 6 months OF SALES- Exprience - 36 months SALES- Exprience - 36 months,company - Bajaj finance description - company - Bajaj finance description - SBI BANK AS A OFFICE ASSISTENCE FOR 1 YEAR K G N SHOPE AS A OFFICE ASSISTENCE 6 MONTH VODAFONE AS A TELLE CALLER 1 YEAR Bajaj Finserv Ltd AS An Assistant Sales Manager 11 MONTH Square Capital AS A Sales Manager 5 MONTH At present working in Bajaj Housing Finance Ltd AS An Assistant Sales Manager
R072,Neha Kapoor,Indian Institute of Technology Delhi,1,Chennai,1,0,Python Developer,"Name: Neha Kapoor
College: Indian Institute of Technology Delhi
City: Chennai
Employment Gap: None

Education Details June 2013 to June 2016 Diploma Computer science Pune, Maharashtra Aissms June 2016 BE pursuing Computer science Pune, Maharashtra Anantrao pawar college of Engineering & Research centre Python Developer Skill Details Company Details company - Cybage Software Pvt. Ltd description - I want to work in organisation as a python developer to utilize my knowledge & To gain more knowledge with our organisation.","June 2013 to June 2016 Diploma Computer science Pune, Maharashtra Aissms June 2016 BE pursuing Computer science Pune, Maharashtra Anantrao pawar college of Engineering & Research centre Python Developer",found,,company - Cybage Software Pvt. Ltd description - I want to work in organisation as a python developer to utilize my knowledge & To gain more knowledge with our organisation.
R073,Ananya Iyer,Indian Institute of Technology Kanpur,1,Ahmedabad,1,0,Hadoop,"Name: Ananya Iyer
College: Indian Institute of Technology Kanpur
City: Ahmedabad
Employment Gap: None

Skill Set: Hadoop, Map Reduce, HDFS, Hive, Sqoop, java. Duration: 2016 to 2017. Role: Hadoop Developer Rplus offers an quick, simple and powerful cloud based Solution, Demand Sense to accurately predict demand for your product in all your markets which Combines Enterprise and External Data to predict demand more accurately through Uses Social Conversation and Sentiments to derive demand and Identifies significant drivers of sale out of hordes of factors that Selects the best suited model out of multiple forecasting models for each product. Responsibilities: â¢ Involved in deploying the product for customers, gathering requirements and algorithm optimization at backend of the product. â¢ Load and transform Large Datasets of structured semi structured. â¢ Responsible to manage data coming from different sources and application â¢ Supported Map Reduce Programs those are running on the cluster â¢ Involved in creating Hive tables, loading with data and writing hive queries which will run internally in map reduce way.Education Details Hadoop Developer Hadoop Developer - Braindatawire Skill Details APACHE HADOOP HDFS- Exprience - 49 months APACHE HADOOP SQOOP- Exprience - 49 months",Hadoop Developer Hadoop Developer - Braindatawire,found,APACHE HADOOP HDFS- Exprience - 49 months APACHE HADOOP SQOOP- Exprience - 49 months,
R074,Rohan Gupta,Indian Institute of Technology Roorkee,1,Bangalore,1,0,Mechanical Engineer,"Name: Rohan Gupta
College: Indian Institute of Technology Roorkee
City: Bangalore
Employment Gap: None

SKILLS: â¢ Knowledge of software / computer: Auto CAD (Included Diploma Academic Syllabus) â¢ MSCIT â¢ CNC Programming (Fanuc Series) - milling STRENGTHS: â¢ Strong Dedication towards work. â¢ Quick Learner. â¢ Positive thinking and self-confidence. â¢ Honest, discipline and hardworking. INDUSTRIAL EXPERIENCE: â¢ 10 Day's Industrial Training at Nagpur agro Components, Hingna Road, Nagpur. â¢ 10 Day's Industrial Training at METAL FAB High-tech Pvt. Ltd, Hingna Road, Nagpur. EXTRA CRICULUM ACTIVITY: Education Details B.E RTMNU Mechanical engineering Skill Details AUTO CAD- Exprience - 6 months AUTOMOTIVE- Exprience - 6 months AUTOMOTIVE CNC- Exprience - 6 months CAD- Exprience - 6 months CNC- Exprience - 6 monthsCompany Details company - Tata motors, adani, maruti suzuki,jet airways. Air india. description - 1. I am student of mechanical engineering in the final year. I'm fresher so don't have any experiance in industry. 2. But in 3 rd year the industrial training program conducted by the so 10 days training experiance in the industry. 3. In the 5 th semister the 10 days working in Nagpur Agro Components. While the working all the machine and CNC machine i have seen in",B.E RTMNU Mechanical engineering,found,AUTO CAD- Exprience - 6 months AUTOMOTIVE- Exprience - 6 months AUTOMOTIVE CNC- Exprience - 6 months CAD- Exprience - 6 months CNC- Exprience - 6 months,"company - Tata motors, adani, maruti suzuki,jet airways. Air india. description - 1. I am student of mechanical engineering in the final year. I'm fresher so don't have any experiance in industry. 2. But in 3 rd year the industrial training program conducted by the so 10 days training experiance in the industry. 3. In the 5 th semister the 10 days working in Nagpur Agro Components. While the working all the machine and CNC machine i have seen in"
R075,Vikram Reddy,Indian Institute of Technology Guwahati,1,Chennai,1,0,Operations Manager,"Name: Vikram Reddy
College: Indian Institute of Technology Guwahati
City: Chennai
Employment Gap: None

KEY COMPETENCIES â¶Multi - Operations Managementâ¶People Management â¶Customer Services - Emails â¶ MIS â¶Vendor & Client Services Managementâ¶Cross Functional Coordinationâ¶Banking & Financial Servicesâ¶ Transaction Monitoring * ATM Operations â¶ & Prepaid Card Operations (Pre-Issuance & Post-Issuance) â¶ POS Operations * JOB PROFILE & SKILLS: â¢ An effective communicator with excellent relationship building & interpersonal skills. Strong analytical, problem solving & organizational abilities. â¢ Extensive experience in managing operations with demonstrated leadership qualities & organisational skills during the tenure. â¢ Managing customer centric operations & ensuring customer satisfaction by achieving service quality norms. â¢ Analyzing of all operational problems, customer complaints and take preventive and corrective actions to resolve the same. â¢ Receive and respond to Key customer inquiries in an effective manner and provide relevant and timely information. â¢ Deft in steering banking back-end operations, analyzing risks and managing delinquencies with dexterity across applying techniques for maximizing recoveries and minimizing credit losses. â¢ Analyzed",,not_available,"â¶Multi - Operations Managementâ¶People Management â¶Customer Services - Emails â¶ MIS â¶Vendor & Client Services Managementâ¶Cross Functional Coordinationâ¶Banking & Financial Servicesâ¶ Transaction Monitoring * ATM Operations â¶ & Prepaid Card Operations (Pre-Issuance & Post-Issuance) â¶ POS Operations * JOB PROFILE & SKILLS: â¢ An effective communicator with excellent relationship building & interpersonal skills. Strong analytical, problem solving & organizational abilities. â¢ Extensive experience in managing operations with demonstrated leadership qualities & organisational skills during the tenure. â¢ Managing customer centric operations & ensuring customer satisfaction by achieving service quality norms. â¢ Analyzing of all operational problems, customer complaints and take preventive and corrective actions to resolve the same. â¢ Receive and respond to Key customer inquiries in an effective manner and provide relevant and timely information. â¢ Deft in steering banking back-end operations, analyzing risks and managing delinquencies with dexterity across applying techniques for maximizing recoveries and minimizing credit losses. â¢ Analyzed",
R076,Priya Nair,Indian Institute of Technology Guwahati,1,Delhi,1,0,Operations Manager,"Name: Priya Nair
College: Indian Institute of Technology Guwahati
City: Delhi
Employment Gap: None

Education Details BCA Vinayaka Missions University Operations Manager Operations Manager Skill Details Operations Management- Exprience - Less than 1 year monthsCompany Details company - BNY Mellon International Operations (India) Pvt. Ltd description - Organization: BNY Mellon International Operations (India) Pvt. Ltd.: Sept 2009- till date BNY Mellon provides a broad range of products and services in the areas of Investment Management, Investment Services and Treasury Services. Our customers are institutions, corporations, and high-net-worth individuals, as well as consultants and advisors who work with them. Line of Business (LOB): Revenue &Billing Services (R&BS) Revenue and Billing Services is a Global Center of Excellence that generates invoices and collects fee revenue from Investment Services clients. 218 staff across five locations (Brooklyn, Pittsburgh, Syracuse, Pune, and UK) . Various Businesses supported are Asset Servicing, Corporate Trust, Treasury Services, Broker Dealer Services and Global Collateral Management. Support U.S., EMEA, and APAC. Regions. Job Profile: Operations Manager - BNY Mellon International Operations (India) Pvt. Ltd. Responsible for daily",BCA Vinayaka Missions University Operations Manager Operations Manager,found,Operations Management- Exprience - Less than 1 year months,"company - BNY Mellon International Operations (India) Pvt. Ltd description - Organization: BNY Mellon International Operations (India) Pvt. Ltd.: Sept 2009- till date BNY Mellon provides a broad range of products and services in the areas of Investment Management, Investment Services and Treasury Services. Our customers are institutions, corporations, and high-net-worth individuals, as well as consultants and advisors who work with them. Line of Business (LOB): Revenue &Billing Services (R&BS) Revenue and Billing Services is a Global Center of Excellence that generates invoices and collects fee revenue from Investment Services clients. 218 staff across five locations (Brooklyn, Pittsburgh, Syracuse, Pune, and UK) . Various Businesses supported are Asset Servicing, Corporate Trust, Treasury Services, Broker Dealer Services and Global Collateral Management. Support U.S., EMEA, and APAC. Regions. Job Profile: Operations Manager - BNY Mellon International Operations (India) Pvt. Ltd. Responsible for daily"
R077,Arjun Sharma,BITS Pilani,1,Mumbai,1,0,Arts,"Name: Arjun Sharma
College: BITS Pilani
City: Mumbai
Employment Gap: None

Additional qualifications April 2000, Web Designing Course with above average computer skillsEducation Details January 2000 to January 2001 Bachelor of Arts Sociology Mumbai, Maharashtra The Mumbai University January 1998 to January 2000 Bachelor of Arts Sociology Sophia College January 1997 to January 1998 H.S.C. Sophia College January 1995 to January 1996 S.S.C. St. Teresa's Convent High School Head business development, arts Head business development, arts Skill Details Company Details company - British Council description - Responsibilities Ã± Strategic oversight responsibility for programmes in the performing arts (music, theatre and dance) and other cultural sectors. Ã± lead on the conception and oversight of specific large-scale programmes within the overall Arts programme, Ã± Represent the British Council at external events in India and act as deputy to the Director, Arts when required. Ã± Oversee and manage resources to deliver compelling communications for applicants that convey British Council's grants like Charles Wallace India trust, Young Creative Entrepreneurs and Chevening Clore scholarship programs on time and with excellence Ã± Shortlisting and Interviewing","January 2000 to January 2001 Bachelor of Arts Sociology Mumbai, Maharashtra The Mumbai University January 1998 to January 2000 Bachelor of Arts Sociology Sophia College January 1997 to January 1998 H.S.C. Sophia College January 1995 to January 1996 S.S.C. St. Teresa's Convent High School Head business development, arts Head business development, arts",found,,"company - British Council description - Responsibilities Ã± Strategic oversight responsibility for programmes in the performing arts (music, theatre and dance) and other cultural sectors. Ã± lead on the conception and oversight of specific large-scale programmes within the overall Arts programme, Ã± Represent the British Council at external events in India and act as deputy to the Director, Arts when required. Ã± Oversee and manage resources to deliver compelling communications for applicants that convey British Council's grants like Charles Wallace India trust, Young Creative Entrepreneurs and Chevening Clore scholarship programs on time and with excellence Ã± Shortlisting and Interviewing"
R078,Priya Nair,Indian Institute of Technology Kanpur,1,Bangalore,1,0,Network Security Engineer,"Name: Priya Nair
College: Indian Institute of Technology Kanpur
City: Bangalore
Employment Gap: None

Technical Expertise: â¢ Cisco ASA, Checkpoint firewall (GAIA, Splat), Palo Alto firewalls â¢ Firewall management tools: Cisco security management (CSM), Checkpoint Smart center, Palo Alto Panorama â¢ F5 load balancer (LTM) â¢ Networking Hands on Cisco Router and Cisco Switches, â¢ Security Management & Event Management: RSAEnvision 4.1, â¢ Ticketing tools - BMC Remedy, Service-now Other Technologies: Software languages: Python, VB ScriptingEducation Details January 2006 to January 2010 Bachelor of Engineering Information Technology Mumbai, Maharashtra Mumbai University Senior Network security Analyst Senior Network security Analyst - Accenture Skill Details FIREWALLS- Exprience - 97 months CISCO- Exprience - 89 months SECURITY- Exprience - 72 months FIREWALL- Exprience - 45 months CHECKPOINT- Exprience - 44 monthsCompany Details company - Accenture description - Install, configure, upgrades and troubleshoot Cisco ASA firewalls ( 5500-X) which includes Single and multi-context firewalls â¢ F5 LTM configuration (VIP, pools), SSL offloading, certificate renewals, Code upgrade and troubleshoot issues â¢ Pulse secure (Juniper) management includes creating Roles/ Realm, polices","January 2006 to January 2010 Bachelor of Engineering Information Technology Mumbai, Maharashtra Mumbai University Senior Network security Analyst Senior Network security Analyst - Accenture",found,FIREWALLS- Exprience - 97 months CISCO- Exprience - 89 months SECURITY- Exprience - 72 months FIREWALL- Exprience - 45 months CHECKPOINT- Exprience - 44 months,"company - Accenture description - Install, configure, upgrades and troubleshoot Cisco ASA firewalls ( 5500-X) which includes Single and multi-context firewalls â¢ F5 LTM configuration (VIP, pools), SSL offloading, certificate renewals, Code upgrade and troubleshoot issues â¢ Pulse secure (Juniper) management includes creating Roles/ Realm, polices"
R079,Karan Mehta,Indian Institute of Technology Guwahati,1,Ahmedabad,1,0,Automation Testing,"Name: Karan Mehta
College: Indian Institute of Technology Guwahati
City: Ahmedabad
Employment Gap: None

SKILLS Agile Methodology Scrum, Kanban, Extreme Programming(XP), Test-driven development (TDD) and Feature Driven development(FDD) Domain Industrial Automation, Retail, Banking, Insurance, Health care. Automation Framework Modular, Data driven, BPT, Hybrid Test automation tool HP UFT, TAF, Load Runner, Selenium, Rational Robot, DCMTK, sikuli languages VB Script, C++, Python, Shell Script Bug Tracking Tool Bugzilla, Jira, HP Quality Control, AP Test, Clear Quest Version management Clear case, Win CVS, SVN Database Oracle, SQL server, MySQL Network Protocols TCP/IP, HTTP, HTTPS, VPN, FTP, LDAP Healthcare DICOM, PACS, HL7, Image Archiving, Image reconstruction, Rockwell Automation Logix Designer, Factory Talk, RSLinx Classic, Control Flash, Compare Tool, I/O modules and Profiles. Education Details Bachelor of Science Computer Science Mumbai, Maharashtra Mumbai University QA Automation Lead QA Automation Lead Skill Details C++- Exprience - 63 months PYTHON- Exprience - 109 months UFT- Exprience - 85 months SELENIUM- Exprience - 85 months SQL- Exprience - 69 monthsCompany Details company - Leading Industrial Automation description - Responsibilities: â¢ Test Rockwell Automation","Bachelor of Science Computer Science Mumbai, Maharashtra Mumbai University QA Automation Lead QA Automation Lead",found,C++- Exprience - 63 months PYTHON- Exprience - 109 months UFT- Exprience - 85 months SELENIUM- Exprience - 85 months SQL- Exprience - 69 months,company - Leading Industrial Automation description - Responsibilities: â¢ Test Rockwell Automation
R080,Ananya Iyer,Indian Institute of Technology Roorkee,1,Mumbai,1,0,Electrical Engineering,"Name: Ananya Iyer
College: Indian Institute of Technology Roorkee
City: Mumbai
Employment Gap: None

Education Details January 2012 to January 2013 B.E. Electrical Shivaji University September 2008 HSC Pune, Maharashtra Pune University July 2006 SSC Pune, Maharashtra Pune University Electrical Engineer Electrical Engineer - R K ELECTRICAL PVT. LTD Skill Details Company Details company - R K ELECTRICAL PVT. LTD description - Experience:- 1 Year 3 Months Troubleshooting and Maintenance of following Electrical Equipment:- â¢ All Type of Maintenance of Utility. â¢ Electrical and Mechanical Maintenance. â¢ Two 625 KVA Diesel Generator Set (Kirloskar) â¢ HT/LT Switchgear With Protection System Using Relays and Provision For Interlocking (C&S, Kirloskar) â¢ Handling HT Vacuum & SF6 Circuit Breaker, Transformer Up to 5000 KVA, LT Air circuit Breaker 2000A â¢ Maintenance of STP and WTP Plant. â¢ Maintenance of Air Blower, Actuators, Soft Starter, EOT Crane, Mono Rail, Centrifugal or Vertical Pumps, Hydraulic Machine, Rolling Machine, Lath Machine, Drill Machine, AHU, HVAC, Chiller etc. â¢ Basic knowledge of PLC/SCADA Operation. â¢ Trouble shooting of Switchgear and Control Panel, Pump and Motor â¢ Maintenance of UPS, Battery Charger and Battery Bank â¢ Motor Testing Both HT &","January 2012 to January 2013 B.E. Electrical Shivaji University September 2008 HSC Pune, Maharashtra Pune University July 2006 SSC Pune, Maharashtra Pune University Electrical Engineer Electrical Engineer - R K ELECTRICAL PVT. LTD",found,,"company - R K ELECTRICAL PVT. LTD description - Experience:- 1 Year 3 Months Troubleshooting and Maintenance of following Electrical Equipment:- â¢ All Type of Maintenance of Utility. â¢ Electrical and Mechanical Maintenance. â¢ Two 625 KVA Diesel Generator Set (Kirloskar) â¢ HT/LT Switchgear With Protection System Using Relays and Provision For Interlocking (C&S, Kirloskar) â¢ Handling HT Vacuum & SF6 Circuit Breaker, Transformer Up to 5000 KVA, LT Air circuit Breaker 2000A â¢ Maintenance of STP and WTP Plant. â¢ Maintenance of Air Blower, Actuators, Soft Starter, EOT Crane, Mono Rail, Centrifugal or Vertical Pumps, Hydraulic Machine, Rolling Machine, Lath Machine, Drill Machine, AHU, HVAC, Chiller etc. â¢ Basic knowledge of PLC/SCADA Operation. â¢ Trouble shooting of Switchgear and Control Panel, Pump and Motor â¢ Maintenance of UPS, Battery Charger and Battery Bank â¢ Motor Testing Both HT &"
R081,Rohan Gupta,Indian Institute of Technology Roorkee,1,Mumbai,1,0,Data Science,"Name: Rohan Gupta
College: Indian Institute of Technology Roorkee
City: Mumbai
Employment Gap: None

SKILLS C Basics, IOT, Python, MATLAB, Data Science, Machine Learning, HTML, Microsoft Word, Microsoft Excel, Microsoft Powerpoint. RECOGNITION Academic Secured First place in B.Tech.Education Details August 2014 to May 2018 B.Tech. Ghatkesar, Andhra Pradesh Aurora's Scientific and Technological Institute June 2012 to May 2014 Secondary Education Warangal, Telangana SR Junior College Data Science Skill Details MS OFFICE- Exprience - Less than 1 year months C- Exprience - Less than 1 year months machine learning- Exprience - Less than 1 year months data science- Exprience - Less than 1 year months Matlab- Exprience - Less than 1 year monthsCompany Details company - description -","August 2014 to May 2018 B.Tech. Ghatkesar, Andhra Pradesh Aurora's Scientific and Technological Institute June 2012 to May 2014 Secondary Education Warangal, Telangana SR Junior College Data Science",found,MS OFFICE- Exprience - Less than 1 year months C- Exprience - Less than 1 year months machine learning- Exprience - Less than 1 year months data science- Exprience - Less than 1 year months Matlab- Exprience - Less than 1 year months,company - description -
R082,Karan Mehta,Indian Institute of Science Bangalore,1,Ahmedabad,1,0,Java Developer,"Name: Karan Mehta
College: Indian Institute of Science Bangalore
City: Ahmedabad
Employment Gap: None

Education Details August 2010 to May 2017 BE Electronics & Communication Jabalpur, Madhya Pradesh Takshshila institute of technology Java developer Skill Details Java, Javascript,- Exprience - 6 monthsCompany Details company - Wab It Softwere Pvt. Ltd. description - Jr. Java Developer","August 2010 to May 2017 BE Electronics & Communication Jabalpur, Madhya Pradesh Takshshila institute of technology Java developer",found,"Java, Javascript,- Exprience - 6 months",company - Wab It Softwere Pvt. Ltd. description - Jr. Java Developer
R083,Vikram Reddy,Indian Institute of Technology Roorkee,1,Ahmedabad,1,0,Mechanical Engineer,"Name: Vikram Reddy
College: Indian Institute of Technology Roorkee
City: Ahmedabad
Employment Gap: None

Education Details January 2018 Bachelor's of Engineering Engineering Mumbai, Maharashtra MGM College of Engineering Diploma Mechanical Pune, Maharashtra MIT President of Mechanical Engineering Student's Association President of Mechanical Engineering Student's Association Skill Details Company Details company - Full Throttle description - conducted by IIT Bombay. â¢ Worked as a President of Mechanical Engineering Student's Association [MESA] in MIT, Pune. company - R.C Car Race of STEPCONE description - paper & project contest and exhibition conducted by GMR Instiute of Technology.","January 2018 Bachelor's of Engineering Engineering Mumbai, Maharashtra MGM College of Engineering Diploma Mechanical Pune, Maharashtra MIT President of Mechanical Engineering Student's Association President of Mechanical Engineering Student's Association",found,,"company - Full Throttle description - conducted by IIT Bombay. â¢ Worked as a President of Mechanical Engineering Student's Association [MESA] in MIT, Pune. company - R.C Car Race of STEPCONE description - paper & project contest and exhibition conducted by GMR Instiute of Technology."
R084,Rohan Gupta,Indian Institute of Technology Kanpur,1,Kolkata,1,0,Blockchain,"Name: Rohan Gupta
College: Indian Institute of Technology Kanpur
City: Kolkata
Employment Gap: None

Skills Strong CS fundamentals and problem solving Ethereum, Smart Contracts, Solidity skills Golang, Node, Angular, React Culturally fit for startup environment MongoDB, PostGresql, MySql Enthusiastic to learn new technologies AWS, Docker, Microservices Blockchain, Protocol, ConsensusEducation Details January 2014 M.Tech Computer Engineering Jaipur, Rajasthan Malaviya National Institute Of Technology Jaipur January 2011 B.E. Computer Science And Engg Kolhapur, Maharashtra Shivaji University Blockchain Engineer Blockchain Engineer - XINFIN Orgnization Skill Details MONGODB- Exprience - 16 months CONTRACTS- Exprience - 12 months MYSQL- Exprience - 9 months AWS- Exprience - 6 months PROBLEM SOLVING- Exprience - 6 monthsCompany Details company - XINFIN Orgnization description - Xinfin is a global open source Hybrid Blockchain protocol. Rolled out multiple blockchain based pilot projects on different use cases for various clients. Eg. Tradefinex (Supply chain Management), Land Registry (Govt of MH), inFactor (Invoice Factoring) Build a secure and scalable hosted wallet based on ERC 20 standards for XINFIN Network. Working on production level blockchain use cases. Technology: Ethereum","January 2014 M.Tech Computer Engineering Jaipur, Rajasthan Malaviya National Institute Of Technology Jaipur January 2011 B.E. Computer Science And Engg Kolhapur, Maharashtra Shivaji University Blockchain Engineer Blockchain Engineer - XINFIN Orgnization",found,MONGODB- Exprience - 16 months CONTRACTS- Exprience - 12 months MYSQL- Exprience - 9 months AWS- Exprience - 6 months PROBLEM SOLVING- Exprience - 6 months,"company - XINFIN Orgnization description - Xinfin is a global open source Hybrid Blockchain protocol. Rolled out multiple blockchain based pilot projects on different use cases for various clients. Eg. Tradefinex (Supply chain Management), Land Registry (Govt of MH), inFactor (Invoice Factoring) Build a secure and scalable hosted wallet based on ERC 20 standards for XINFIN Network. Working on production level blockchain use cases. Technology: Ethereum"
R085,Ananya Iyer,Indian Institute of Technology Bombay,1,Mumbai,1,0,Blockchain,"Name: Ananya Iyer
College: Indian Institute of Technology Bombay
City: Mumbai
Employment Gap: None

KEY SKILLS: Programing languages: C, C++, Python, Apex, Visualforce, Database: Mysql, Framework: Django, Technologies: Salesforce.com (Administration and development), Force.com, Salesforce CRM, Blockchain Website Designing: HTML5, CSS3, Project: DIPLOMA: Project Name: VANET-virtual Ad - Hoc Network Technology Used: Java. About Project: A system has been made for Video-streaming. In this project, we give the Real, time video-steaming on two or more devices using VANET AP DEGREE: Project Name: Drowsiness Detection System Technology Used: python, Raspberry pi. About project: A system has been made for Driver safety when parson driving car. It detects Drowsy condition of a parson then system brings the alarm.Education Details January 2017 B.E Computer Engineering Pune, Maharashtra Sanghavi College of Engineering January 2014 Diploma Computer Technology Nashik, Maharashtra Shree Mahavir Polytechnic January 2010 S.S.C. Nashik, Maharashtra C.D.O.Meri High school BlockChain Developer Skill Details AP- Exprience - 6 months APEX- Exprience - 6 months C++- Exprience - 6 months CRM- Exprience - 6 months CUSTOMER RELATIONSHIP MANAGEMENT- Exprience - 6 monthsCompany Details company -","January 2017 B.E Computer Engineering Pune, Maharashtra Sanghavi College of Engineering January 2014 Diploma Computer Technology Nashik, Maharashtra Shree Mahavir Polytechnic January 2010 S.S.C. Nashik, Maharashtra C.D.O.Meri High school BlockChain Developer",found,AP- Exprience - 6 months APEX- Exprience - 6 months C++- Exprience - 6 months CRM- Exprience - 6 months CUSTOMER RELATIONSHIP MANAGEMENT- Exprience - 6 months,company -
R086,Neha Kapoor,Indian Institute of Technology Bombay,1,Mumbai,1,0,Business Analyst,"Name: Neha Kapoor
College: Indian Institute of Technology Bombay
City: Mumbai
Employment Gap: None

TECHNOLOGICAL SKILLS â¦ Knowledge of Computers on the Windows platform. â¦ Fluency in MS-Office Applications such as Excel, Word, PowerPoint, etc. â¦ HTML, JAVA, PHP ATTRIBUTES â¦ Hardworking towards achieving the Goal â¦ Good communication skills â¦ Quick learner â¦ Good interpersonal relationEducation Details January 2016 to January 2018 MMS Mumbai, Maharashtra University of Mumbai January 2016 to January 2018 MMS Management Mumbai, Maharashtra University of Mumbai January 2014 B.Sc. Bandra, MAHARASHTRA, IN Rivzi College January 2011 HSC Bandra, Maharashtra, IN St. Andrews College January 2011 HSC Allana Junior College January 2009 SSC Canossa High School January 2008 SSC Maharashtra State Board Business Analyst Business Analyst - Mass Group of Companies Skill Details EXCEL- Exprience - 23 months HTML- Exprience - 6 months JAVA- Exprience - 6 months PHP- Exprience - 6 months POWERPOINT- Exprience - 6 monthsCompany Details company - Mass Group of Companies description - Key Role Analyst Responsibilities: â¦ Manage risk and provide risk management process. â¦ Liaise with other project areas to coordinate with interdependencies and resolve issues. â¦ Analyse and map","January 2016 to January 2018 MMS Mumbai, Maharashtra University of Mumbai January 2016 to January 2018 MMS Management Mumbai, Maharashtra University of Mumbai January 2014 B.Sc. Bandra, MAHARASHTRA, IN Rivzi College January 2011 HSC Bandra, Maharashtra, IN St. Andrews College January 2011 HSC Allana Junior College January 2009 SSC Canossa High School January 2008 SSC Maharashtra State Board Business Analyst Business Analyst - Mass Group of Companies",found,EXCEL- Exprience - 23 months HTML- Exprience - 6 months JAVA- Exprience - 6 months PHP- Exprience - 6 months POWERPOINT- Exprience - 6 months,company - Mass Group of Companies description - Key Role Analyst Responsibilities: â¦ Manage risk and provide risk management process. â¦ Liaise with other project areas to coordinate with interdependencies and resolve issues. â¦ Analyse and map
R087,Ishita Chopra,Indian Institute of Technology Guwahati,1,Bangalore,1,0,Hadoop,"Name: Ishita Chopra
College: Indian Institute of Technology Guwahati
City: Bangalore
Employment Gap: None

Technical Skill Set Big Data Ecosystems: Hadoop, HDFS, HBase, Map Reduce, Sqoop, Hive, Pig, Spark-Core, Flume. Other Language: Scala, Core-Java, SQL, PLSQL, Sell Scripting ETL Tools: Informatica Power Center8.x/9.6, Talend 5.6 Tools: Eclipse, Intellij Idea. Platforms: Windows Family, Linux /UNIX, Cloudera. Databases: MySQL, Oracle.10/11gEducation Details M.C.A Pune, MAHARASHTRA, IN Pune University Hodoop Developer Hodoop Developer - PRGX India Private Limited Pune Skill Details Company Details company - PRGX India Private Limited Pune description - Team Size: 10+ Environment: Hive, Spark, Sqoop, Scala and Flume. Project Description: The bank wanted to help its customers to avail different products of the bank through analyzing their expenditure behavior. The customers spending ranges from online shopping, medical expenses in hospitals, cash transactions, and debit card usage etc. the behavior allows the bank to create an analytical report and based on which the bank used to display the product offers on the customer portal which was built using java. The portal allows the customers to login and see their transactions which they make on a day to day basis .the analytics also help","M.C.A Pune, MAHARASHTRA, IN Pune University Hodoop Developer Hodoop Developer - PRGX India Private Limited Pune",found,"Big Data Ecosystems: Hadoop, HDFS, HBase, Map Reduce, Sqoop, Hive, Pig, Spark-Core, Flume. Other Language: Scala, Core-Java, SQL, PLSQL, Sell Scripting ETL Tools: Informatica Power Center8.x/9.6, Talend 5.6 Tools: Eclipse, Intellij Idea. Platforms: Windows Family, Linux /UNIX, Cloudera. Databases: MySQL, Oracle.10/11g","company - PRGX India Private Limited Pune description - Team Size: 10+ Environment: Hive, Spark, Sqoop, Scala and Flume. Project Description: The bank wanted to help its customers to avail different products of the bank through analyzing their expenditure behavior. The customers spending ranges from online shopping, medical expenses in hospitals, cash transactions, and debit card usage etc. the behavior allows the bank to create an analytical report and based on which the bank used to display the product offers on the customer portal which was built using java. The portal allows the customers to login and see their transactions which they make on a day to day basis .the analytics also help"
R088,Arjun Sharma,BITS Pilani,1,Delhi,1,0,Web Designing,"Name: Arjun Sharma
College: BITS Pilani
City: Delhi
Employment Gap: None

Technical Skills Web Technologies: Angular JS, HTML5, CSS3, SASS, Bootstrap, Jquery, Javascript. Software: Brackets, Visual Studio, Photoshop, Visual Studio Code Education Details January 2015 B.E CSE Nagpur, Maharashtra G.H.Raisoni College of Engineering October 2009 Photography Competition Click Nagpur, Maharashtra Maharashtra State Board College Magazine OCEAN Web Designer Web Designer - Trust Systems and Software Skill Details PHOTOSHOP- Exprience - 28 months BOOTSTRAP- Exprience - 6 months HTML5- Exprience - 6 months JAVASCRIPT- Exprience - 6 months CSS3- Exprience - Less than 1 year months Angular 4- Exprience - Less than 1 year monthsCompany Details company - Trust Systems and Software description - Projects worked on: 1. TrustBank-CBS Project Description: TrustBank-CBS is a core banking solution by Trust Systems. Roles and Responsibility: â Renovated complete UI to make it more modern, user-friendly, maintainable and optimised for bank use. â Shared the UI structure and guidelines to be incorporated, with development team of around 50 members. â Achieved the target of project completion in given time frame. â Made required graphics for the project in photoshop 2.","January 2015 B.E CSE Nagpur, Maharashtra G.H.Raisoni College of Engineering October 2009 Photography Competition Click Nagpur, Maharashtra Maharashtra State Board College Magazine OCEAN Web Designer Web Designer - Trust Systems and Software",found,PHOTOSHOP- Exprience - 28 months BOOTSTRAP- Exprience - 6 months HTML5- Exprience - 6 months JAVASCRIPT- Exprience - 6 months CSS3- Exprience - Less than 1 year months Angular 4- Exprience - Less than 1 year months,"company - Trust Systems and Software description - Projects worked on: 1. TrustBank-CBS Project Description: TrustBank-CBS is a core banking solution by Trust Systems. Roles and Responsibility: â Renovated complete UI to make it more modern, user-friendly, maintainable and optimised for bank use. â Shared the UI structure and guidelines to be incorporated, with development team of around 50 members. â Achieved the target of project completion in given time frame. â Made required graphics for the project in photoshop 2."
R089,Rohan Gupta,Indian Institute of Technology Delhi,1,Delhi,1,0,Blockchain,"Name: Rohan Gupta
College: Indian Institute of Technology Delhi
City: Delhi
Employment Gap: None

KEY SKILLS: Programing languages: C, C++, Python, Apex, Visualforce, Database: Mysql, Framework: Django, Technologies: Salesforce.com (Administration and development), Force.com, Salesforce CRM, Blockchain Website Designing: HTML5, CSS3, Project: DIPLOMA: Project Name: VANET-virtual Ad - Hoc Network Technology Used: Java. About Project: A system has been made for Video-streaming. In this project, we give the Real, time video-steaming on two or more devices using VANET AP DEGREE: Project Name: Drowsiness Detection System Technology Used: python, Raspberry pi. About project: A system has been made for Driver safety when parson driving car. It detects Drowsy condition of a parson then system brings the alarm.Education Details January 2017 B.E Computer Engineering Pune, Maharashtra Sanghavi College of Engineering January 2014 Diploma Computer Technology Nashik, Maharashtra Shree Mahavir Polytechnic January 2010 S.S.C. Nashik, Maharashtra C.D.O.Meri High school BlockChain Developer Skill Details AP- Exprience - 6 months APEX- Exprience - 6 months C++- Exprience - 6 months CRM- Exprience - 6 months CUSTOMER RELATIONSHIP MANAGEMENT- Exprience - 6 monthsCompany Details company -","January 2017 B.E Computer Engineering Pune, Maharashtra Sanghavi College of Engineering January 2014 Diploma Computer Technology Nashik, Maharashtra Shree Mahavir Polytechnic January 2010 S.S.C. Nashik, Maharashtra C.D.O.Meri High school BlockChain Developer",found,AP- Exprience - 6 months APEX- Exprience - 6 months C++- Exprience - 6 months CRM- Exprience - 6 months CUSTOMER RELATIONSHIP MANAGEMENT- Exprience - 6 months,company -
R090,Ananya Iyer,Indian Institute of Technology Roorkee,1,Delhi,1,0,Health and fitness,"Name: Ananya Iyer
College: Indian Institute of Technology Roorkee
City: Delhi
Employment Gap: None

SKILLS: Computer: â¢ Can easily operate in Operating System like Windows 10. â¢ Can work in Ms-Office (Word, Excel, and PowerPoint). â¢ Can easily operate internet & Gym Management Software (website & mobile application).Education Details January 2010 Advance Diploma in Hotel Management J&W Institute of Hotel Management Gym management & Consultant Gym management & Consultant - Sculpt Fitness Centre Skill Details Excel- Exprience - 96 months PowerPoint- Exprience - 96 months Word- Exprience - 96 months Gym Management Software- Exprience - 96 monthsCompany Details company - Sculpt Fitness Centre description - 2015 - Present Sales, Fitness, Operations company - AB's Fitness Club description - Fitness, Sales, Administration, Facility & House-keeping company - AB's Fitness Club description - Sales, Fitness, Operations company - Ultimate Fitness Club description - company - Tripod Fitness Arena description - Sales, Administration company - C K Fitness description - Sales & Fitness Staff Recruitment KEY ROLES: â¢ Designing and promoting activities to meet customer demand and generate revenue; â¢ Advertising and promoting the club or Centre to increase usage, considering market",January 2010 Advance Diploma in Hotel Management J&W Institute of Hotel Management Gym management & Consultant Gym management & Consultant - Sculpt Fitness Centre,found,Excel- Exprience - 96 months PowerPoint- Exprience - 96 months Word- Exprience - 96 months Gym Management Software- Exprience - 96 months,"company - Sculpt Fitness Centre description - 2015 - Present Sales, Fitness, Operations company - AB's Fitness Club description - Fitness, Sales, Administration, Facility & House-keeping company - AB's Fitness Club description - Sales, Fitness, Operations company - Ultimate Fitness Club description - company - Tripod Fitness Arena description - Sales, Administration company - C K Fitness description - Sales & Fitness Staff Recruitment KEY ROLES: â¢ Designing and promoting activities to meet customer demand and generate revenue; â¢ Advertising and promoting the club or Centre to increase usage, considering market"
R091,Ishita Chopra,Indian Institute of Technology Kanpur,1,Mumbai,1,0,Advocate,"Name: Ishita Chopra
College: Indian Institute of Technology Kanpur
City: Mumbai
Employment Gap: None

Education Details B.Com, LL.B., University of Clacutta, University of Burdwan ADVOCATE Skill Details Taxation matters Income Tax GST P Tax Accounts- Exprience - Less than 1 year months Filing of Income Tax Returns GST Returns e-TDS AIR and more- Exprience - Less than 1 year monthsCompany Details company - own practice description - 1. Drafting and preparation of plaint, Accounts and move before relevant Authority to hear the cases","B.Com, LL.B., University of Clacutta, University of Burdwan ADVOCATE",found,Taxation matters Income Tax GST P Tax Accounts- Exprience - Less than 1 year months Filing of Income Tax Returns GST Returns e-TDS AIR and more- Exprience - Less than 1 year months,"company - own practice description - 1. Drafting and preparation of plaint, Accounts and move before relevant Authority to hear the cases"
R092,Ishita Chopra,Indian Institute of Technology Delhi,1,Pune,1,0,Network Security Engineer,"Name: Ishita Chopra
College: Indian Institute of Technology Delhi
City: Pune
Employment Gap: None

Operating Systems: Windows, Linux, Ubuntu Network Technologies : Cisco Routing and Switching, InterVLAN Routing, Dynamic Protocols i.e. RIPv2, RIPng, OSPF, EIGRP. Static Routing, ACL, VTP, VLAN, EhterChannel, HSRP, STP, IPv6, Lan Troubleshooting, Structured Network Cabling, Cisco Firewall and Fortinet Firewall, RHEL 6 networks. Networking Devices : Cisco Routers: 1800s, 1900s, 2600s, 2900s, 3600s, 3800s, 7200s etc. : Cisco Switches: Cisco Catalyst 2900s, 3700s, 4850s etc. : HP ProLiant Servers, Dell Server, Lenovo Servers etc. : Fortinet Firewall, Modem etc. Server Technologies : AD, RODC, FTP, Print Server, SCCM, WDS, DHCP, Group Policies, DHCP Server, DNS Server, RIS Server, User policies, computer policies etc. Backup Technologies: Server 2016 backup tools, Symantec Backup EXEC 12D etc. Virtualisation: VMWare ESXi, VMware Workstation, Oracle VirtualBox, GNS3 Network Simulator etc. Education Details MSC AISECT university in distance education B. Com Jiwaji University Sr. Network Engineer Sr. Network Engineer - Cloudatix Network Pvt. Ltd Skill Details CISCO- Exprience - 43 months DHCP- Exprience - 43 months DNS- Exprience - 43 months FTP- Exprience - 43 months LAN- Exprience - 43",MSC AISECT university in distance education B. Com Jiwaji University Sr. Network Engineer Sr. Network Engineer - Cloudatix Network Pvt. Ltd,found,CISCO- Exprience - 43 months DHCP- Exprience - 43 months DNS- Exprience - 43 months FTP- Exprience - 43 months LAN- Exprience - 43,
R093,Ishita Chopra,NIT Tiruchirappalli,1,Hyderabad,1,0,Automation Testing,"Name: Ishita Chopra
College: NIT Tiruchirappalli
City: Hyderabad
Employment Gap: None

SKILLS Agile Methodology Scrum, Kanban, Extreme Programming(XP), Test-driven development (TDD) and Feature Driven development(FDD) Domain Industrial Automation, Retail, Banking, Insurance, Health care. Automation Framework Modular, Data driven, BPT, Hybrid Test automation tool HP UFT, TAF, Load Runner, Selenium, Rational Robot, DCMTK, sikuli languages VB Script, C++, Python, Shell Script Bug Tracking Tool Bugzilla, Jira, HP Quality Control, AP Test, Clear Quest Version management Clear case, Win CVS, SVN Database Oracle, SQL server, MySQL Network Protocols TCP/IP, HTTP, HTTPS, VPN, FTP, LDAP Healthcare DICOM, PACS, HL7, Image Archiving, Image reconstruction, Rockwell Automation Logix Designer, Factory Talk, RSLinx Classic, Control Flash, Compare Tool, I/O modules and Profiles. Education Details Bachelor of Science Computer Science Mumbai, Maharashtra Mumbai University QA Automation Lead QA Automation Lead Skill Details C++- Exprience - 63 months PYTHON- Exprience - 109 months UFT- Exprience - 85 months SELENIUM- Exprience - 85 months SQL- Exprience - 69 monthsCompany Details company - Leading Industrial Automation description - Responsibilities: â¢ Test Rockwell Automation","Bachelor of Science Computer Science Mumbai, Maharashtra Mumbai University QA Automation Lead QA Automation Lead",found,C++- Exprience - 63 months PYTHON- Exprience - 109 months UFT- Exprience - 85 months SELENIUM- Exprience - 85 months SQL- Exprience - 69 months,company - Leading Industrial Automation description - Responsibilities: â¢ Test Rockwell Automation
R094,Vikram Reddy,Indian Institute of Technology Kanpur,1,Hyderabad,1,0,Web Designing,"Name: Vikram Reddy
College: Indian Institute of Technology Kanpur
City: Hyderabad
Employment Gap: None

Technical Skills Web Technologies: Angular JS, HTML5, CSS3, SASS, Bootstrap, Jquery, Javascript. Software: Brackets, Visual Studio, Photoshop, Visual Studio Code Education Details January 2015 B.E CSE Nagpur, Maharashtra G.H.Raisoni College of Engineering October 2009 Photography Competition Click Nagpur, Maharashtra Maharashtra State Board College Magazine OCEAN Web Designer Web Designer - Trust Systems and Software Skill Details PHOTOSHOP- Exprience - 28 months BOOTSTRAP- Exprience - 6 months HTML5- Exprience - 6 months JAVASCRIPT- Exprience - 6 months CSS3- Exprience - Less than 1 year months Angular 4- Exprience - Less than 1 year monthsCompany Details company - Trust Systems and Software description - Projects worked on: 1. TrustBank-CBS Project Description: TrustBank-CBS is a core banking solution by Trust Systems. Roles and Responsibility: â Renovated complete UI to make it more modern, user-friendly, maintainable and optimised for bank use. â Shared the UI structure and guidelines to be incorporated, with development team of around 50 members. â Achieved the target of project completion in given time frame. â Made required graphics for the project in photoshop 2.","January 2015 B.E CSE Nagpur, Maharashtra G.H.Raisoni College of Engineering October 2009 Photography Competition Click Nagpur, Maharashtra Maharashtra State Board College Magazine OCEAN Web Designer Web Designer - Trust Systems and Software",found,PHOTOSHOP- Exprience - 28 months BOOTSTRAP- Exprience - 6 months HTML5- Exprience - 6 months JAVASCRIPT- Exprience - 6 months CSS3- Exprience - Less than 1 year months Angular 4- Exprience - Less than 1 year months,"company - Trust Systems and Software description - Projects worked on: 1. TrustBank-CBS Project Description: TrustBank-CBS is a core banking solution by Trust Systems. Roles and Responsibility: â Renovated complete UI to make it more modern, user-friendly, maintainable and optimised for bank use. â Shared the UI structure and guidelines to be incorporated, with development team of around 50 members. â Achieved the target of project completion in given time frame. â Made required graphics for the project in photoshop 2."
R095,Ananya Iyer,Indian Institute of Science Bangalore,1,Pune,1,0,HR,"Name: Ananya Iyer
College: Indian Institute of Science Bangalore
City: Pune
Employment Gap: None

Education Details June 2012 to May 2015 B.A Economics Chennai, Tamil Nadu Sdnbvc Hr Skill Details Company Details company - Anything IT Solution description - Hr","June 2012 to May 2015 B.A Economics Chennai, Tamil Nadu Sdnbvc Hr",found,,company - Anything IT Solution description - Hr
R096,Rohan Gupta,Indian Institute of Science Bangalore,1,Ahmedabad,1,0,Testing,"Name: Rohan Gupta
College: Indian Institute of Science Bangalore
City: Ahmedabad
Employment Gap: None

â¢ Good logical and analytical skills â¢ Positive attitude towards solving problems and accepting challenges â¢ A team player & leader â¢ A good organizer PRESONAL DETAILS: DOB: 20/07/1995. Marital status: Single.Education Details July 2015 to June 2018 BE Electrical Pune, Maharashtra Sinhagad institute of technology January 2012 DIPLOMA MSBTE Kopargaon, MAHARASHTRA, IN K.B.P.Polytechnic January 2010 SSC S.G.Vidyalaya state board Testing Engineer Electrical engineer Skill Details Company Details company - Intelux Electronics Pvt Ltd description - 1. Power management system Testing department","July 2015 to June 2018 BE Electrical Pune, Maharashtra Sinhagad institute of technology January 2012 DIPLOMA MSBTE Kopargaon, MAHARASHTRA, IN K.B.P.Polytechnic January 2010 SSC S.G.Vidyalaya state board Testing Engineer Electrical engineer",found,,company - Intelux Electronics Pvt Ltd description - 1. Power management system Testing department
R097,Neha Kapoor,Indian Institute of Technology Delhi,1,Mumbai,1,0,Database,"Name: Neha Kapoor
College: Indian Institute of Technology Delhi
City: Mumbai
Employment Gap: None

TECHNICAL SKILLS â¢ SQL â¢ Oracle v10, v11, v12 â¢ R programming, Python, linear regression, machine learning and statistical modelling techniques(obtained certification through Edvancer Eduventures training institute) KEY SKILLS â¢ Multitasking, working to meet client SLA in high pressure scenarios, handling sensitive clients along with improved skills at being a team player. â¢ Excellent communication skills and quick learner. â¢ Leadership qualities, team networking and courage to take up the problems proactively.Education Details June 2012 Sadvidya Pre-University College Application Database Administrator-DBMS (Oracle) Application Database Administrator-DBMS (Oracle) - IBM India Pvt Ltd Skill Details CLIENTS- Exprience - 30 months MACHINE LEARNING- Exprience - 30 months ORACLE- Exprience - 30 months SQL- Exprience - 30 months EXCELLENT COMMUNICATION SKILLS- Exprience - 6 monthsCompany Details company - IBM India Pvt Ltd description - Client: Blue Cross Blue Shield MA: Massachusetts Health Insurance â¢ Used Oracle SQL to store and organize data. This includes capacity planning, installation, configuration, database design, migration, security, troubleshooting, backup and",June 2012 Sadvidya Pre-University College Application Database Administrator-DBMS (Oracle) Application Database Administrator-DBMS (Oracle) - IBM India Pvt Ltd,found,CLIENTS- Exprience - 30 months MACHINE LEARNING- Exprience - 30 months ORACLE- Exprience - 30 months SQL- Exprience - 30 months EXCELLENT COMMUNICATION SKILLS- Exprience - 6 months,"company - IBM India Pvt Ltd description - Client: Blue Cross Blue Shield MA: Massachusetts Health Insurance â¢ Used Oracle SQL to store and organize data. This includes capacity planning, installation, configuration, database design, migration, security, troubleshooting, backup and"
R098,Divya Rao,NIT Tiruchirappalli,1,Delhi,1,0,Data Science,"Name: Divya Rao
College: NIT Tiruchirappalli
City: Delhi
Employment Gap: None

Education Details B.Tech Rayat and Bahra Institute of Engineering and Biotechnology Data Science Data Science Skill Details Numpy- Exprience - Less than 1 year months Machine Learning- Exprience - Less than 1 year months Tensorflow- Exprience - Less than 1 year months Scikit- Exprience - Less than 1 year months Python- Exprience - Less than 1 year months GCP- Exprience - Less than 1 year months Pandas- Exprience - Less than 1 year months Neural Network- Exprience - Less than 1 year monthsCompany Details company - Wipro description - Bhawana Aggarwal E-Mail:bhawana.chd@gmail.com Phone: 09876971076 VVersatile, high-energy professional targeting challenging assignments in Machine PROFILE SUMMARY âª An IT professional with knowledge and experience of 2 years in Wipro Technologies in Machine Learning, Deep Learning, Data Science, Python, Software Development. âª Skilled in managing end-to-end development and software products / projects from inception, requirement specs, planning, designing, implementation, configuration and documentation. âª Knowledge on Python , Machine Learning, Deep Learning, data Science, Algorithms, Neural Network, NLP, GCP. âª Knowledge on Python Libraries",B.Tech Rayat and Bahra Institute of Engineering and Biotechnology Data Science Data Science,found,Numpy- Exprience - Less than 1 year months Machine Learning- Exprience - Less than 1 year months Tensorflow- Exprience - Less than 1 year months Scikit- Exprience - Less than 1 year months Python- Exprience - Less than 1 year months GCP- Exprience - Less than 1 year months Pandas- Exprience - Less than 1 year months Neural Network- Exprience - Less than 1 year months,"company - Wipro description - Bhawana Aggarwal E-Mail:bhawana.chd@gmail.com Phone: 09876971076 VVersatile, high-energy professional targeting challenging assignments in Machine PROFILE SUMMARY âª An IT professional with knowledge and experience of 2 years in Wipro Technologies in Machine Learning, Deep Learning, Data Science, Python, Software Development. âª Skilled in managing end-to-end development and software products / projects from inception, requirement specs, planning, designing, implementation, configuration and documentation. âª Knowledge on Python , Machine Learning, Deep Learning, data Science, Algorithms, Neural Network, NLP, GCP. âª Knowledge on Python Libraries"
R099,Priya Nair,BITS Pilani,1,Chennai,1,0,Arts,"Name: Priya Nair
College: BITS Pilani
City: Chennai
Employment Gap: None

â¢ Good communication skill â¢ Quick learner â¢ Keen to find solutionsEducation Details MBA Marketing and International Business Management Pune, Maharashtra Pune University B-Tech Tech Nagpur, Maharashtra RTM Nagpur University G.M. Arts, Commerce & Science G.M. Arts, Commerce & Science Skill Details Company Details company - Samarth College description - of Engineering 30 7 210 5 College to campus VJ College of Pharmacy 10 days' workshop 10 G.M. Arts, Commerce & Science 6 Soft Skills 6 days' workshop 6 College Personality G.M. Institute of Agricultural 7 6 days' workshop 6 Development Diploma 8 Soft Skills Samarth College of Polytechnic 20 days' workshop 20 TOTAL 350 WORKING EXPERIENCE IN CORPORATE: Sr. No Topic Company No. of days Total Hrs 1 Presentation skill & Team Elringklinger Automotives Pvt 1 Day 8 building Workshop Ltd, Ranjangaon, Pune 2 Negotiation skill & Kubler Automation Pvt Ltd., 2 days 16 Communication skill Chakan, Pune 3 Business Communication Finanza Home Loans, Pimple 3 days 21 & Stress management saudagar, Pune 4 Team-building & Verbal Sharvari Products Pvt Ltd, 2 days 16 communication Junner, Pune 7 days' 5 Entrepreneurship Agriculture Research Centre,","MBA Marketing and International Business Management Pune, Maharashtra Pune University B-Tech Tech Nagpur, Maharashtra RTM Nagpur University G.M. Arts, Commerce & Science G.M. Arts, Commerce & Science",found,,"company - Samarth College description - of Engineering 30 7 210 5 College to campus VJ College of Pharmacy 10 days' workshop 10 G.M. Arts, Commerce & Science 6 Soft Skills 6 days' workshop 6 College Personality G.M. Institute of Agricultural 7 6 days' workshop 6 Development Diploma 8 Soft Skills Samarth College of Polytechnic 20 days' workshop 20 TOTAL 350 WORKING EXPERIENCE IN CORPORATE: Sr. No Topic Company No. of days Total Hrs 1 Presentation skill & Team Elringklinger Automotives Pvt 1 Day 8 building Workshop Ltd, Ranjangaon, Pune 2 Negotiation skill & Kubler Automation Pvt Ltd., 2 days 16 Communication skill Chakan, Pune 3 Business Communication Finanza Home Loans, Pimple 3 days 21 & Stress management saudagar, Pune 4 Team-building & Verbal Sharvari Products Pvt Ltd, 2 days 16 communication Junner, Pune 7 days' 5 Entrepreneurship Agriculture Research Centre,"
R100,Aditya Verma,Indian Institute of Science Bangalore,1,Bangalore,1,0,Python Developer,"Name: Aditya Verma
College: Indian Institute of Science Bangalore
City: Bangalore
Employment Gap: None

Technical Skills: Languages Python Python Framework Django, DRF Databases MySQL, Oracle, Sqlite, MongoDB Web Technologies CSS, HTML, RESTful Web Services REST Methodologies Agile, Scrum Version Control Github Project Managent Tool Jira Operating Systems Window, Unix Education Details BE Dr.BAMU,Aurangabad Python Developer Python Developer - Arsys Inovics pvt ltd Skill Details CSS- Exprience - 31 months DJANGO- Exprience - 31 months HTML- Exprience - 31 months MYSQL- Exprience - 31 months PYTHON- Exprience - 31 months web services- Exprience - Less than 1 year months Logger- Exprience - Less than 1 year months Mongodb- Exprience - Less than 1 year months json- Exprience - Less than 1 year months Unix- Exprience - Less than 1 year months Rest- Exprience - Less than 1 year months Sqlit3- Exprience - Less than 1 year monthsCompany Details company - Arsys inovics pvt ltd description - Project - F-MAS (Frequency Monitoring and Analysis Systems - (F-MAS)) F-MAS is a project for managing network inventory, network communication, fault management & network traffic analysis. The telecommunications service providers, are used to support a range of telecommunication services. The Operations","BE Dr.BAMU,Aurangabad Python Developer Python Developer - Arsys Inovics pvt ltd",found,CSS- Exprience - 31 months DJANGO- Exprience - 31 months HTML- Exprience - 31 months MYSQL- Exprience - 31 months PYTHON- Exprience - 31 months web services- Exprience - Less than 1 year months Logger- Exprience - Less than 1 year months Mongodb- Exprience - Less than 1 year months json- Exprience - Less than 1 year months Unix- Exprience - Less than 1 year months Rest- Exprience - Less than 1 year months Sqlit3- Exprience - Less than 1 year months,"company - Arsys inovics pvt ltd description - Project - F-MAS (Frequency Monitoring and Analysis Systems - (F-MAS)) F-MAS is a project for managing network inventory, network communication, fault management & network traffic analysis. The telecommunications service providers, are used to support a range of telecommunication services. The Operations"
R101,Neha Kapoor,Indian Institute of Technology Delhi,1,Chennai,1,0,Data Science,"Name: Neha Kapoor
College: Indian Institute of Technology Delhi
City: Chennai
Employment Gap: None

Education Details MCA YMCAUST, Faridabad, Haryana Data Science internship Skill Details Data Structure- Exprience - Less than 1 year months C- Exprience - Less than 1 year months Data Analysis- Exprience - Less than 1 year months Python- Exprience - Less than 1 year months Core Java- Exprience - Less than 1 year months Database Management- Exprience - Less than 1 year monthsCompany Details company - Itechpower description -","MCA YMCAUST, Faridabad, Haryana Data Science internship",found,Data Structure- Exprience - Less than 1 year months C- Exprience - Less than 1 year months Data Analysis- Exprience - Less than 1 year months Python- Exprience - Less than 1 year months Core Java- Exprience - Less than 1 year months Database Management- Exprience - Less than 1 year months,company - Itechpower description -
R102,Neha Kapoor,Indian Institute of Science Bangalore,1,Bangalore,1,0,Web Designing,"Name: Neha Kapoor
College: Indian Institute of Science Bangalore
City: Bangalore
Employment Gap: None

IT SKILLS Languages: C (Basic), JAVA (Basic) Web Technologies: HTML5, CSS3, Bootstrap, JavaScript, jQuery, Corel Draw, Photoshop, Illustrator Databases: MySQL5.0 IDE & Tools: Sublime Text, Notepad Operating Systems: Windows XP, Windows 7Education Details September 2015 Bachelor of Engineer Information technology Nagpur, Maharashtra Nagpur University May 2011 HSC Secondary & Higher Secondary State Board of Secondary June 2009 SSC Secondary & Higher Secondary Maharashtra State Board of Secondary Web and Graphics Designer Web and Graphics Designer - Virtuous Media Point, Pune Skill Details BOOTSTRAP- Exprience - 24 months HTML5- Exprience - 24 months JAVASCRIPT- Exprience - 24 months jQuery- Exprience - 24 months COREL DRAW- Exprience - 24 months Adobe Photoshop- Exprience - 24 months Adobe Illustrator- Exprience - 12 months CSS3- Exprience - 24 monthsCompany Details company - Virtuous Media Point description - company - CNC Web World description - Internship Program: At e-sense IT Solution pvt.ltd. Nagpur as a Web Designing and Developement. * Presented in Project Competition in Innovesta 15 of Priyadarshini Indira Gandhi College of Engineering, Nagpur. * Presented in National Level","September 2015 Bachelor of Engineer Information technology Nagpur, Maharashtra Nagpur University May 2011 HSC Secondary & Higher Secondary State Board of Secondary June 2009 SSC Secondary & Higher Secondary Maharashtra State Board of Secondary Web and Graphics Designer Web and Graphics Designer - Virtuous Media Point, Pune",found,BOOTSTRAP- Exprience - 24 months HTML5- Exprience - 24 months JAVASCRIPT- Exprience - 24 months jQuery- Exprience - 24 months COREL DRAW- Exprience - 24 months Adobe Photoshop- Exprience - 24 months Adobe Illustrator- Exprience - 12 months CSS3- Exprience - 24 months,"company - Virtuous Media Point description - company - CNC Web World description - Internship Program: At e-sense IT Solution pvt.ltd. Nagpur as a Web Designing and Developement. * Presented in Project Competition in Innovesta 15 of Priyadarshini Indira Gandhi College of Engineering, Nagpur. * Presented in National Level"
R103,Divya Rao,BITS Pilani,1,Kolkata,1,0,Network Security Engineer,"Name: Divya Rao
College: BITS Pilani
City: Kolkata
Employment Gap: None

Technical Expertise: â¢ Cisco ASA, Checkpoint firewall (GAIA, Splat), Palo Alto firewalls â¢ Firewall management tools: Cisco security management (CSM), Checkpoint Smart center, Palo Alto Panorama â¢ F5 load balancer (LTM) â¢ Networking Hands on Cisco Router and Cisco Switches, â¢ Security Management & Event Management: RSAEnvision 4.1, â¢ Ticketing tools - BMC Remedy, Service-now Other Technologies: Software languages: Python, VB ScriptingEducation Details January 2006 to January 2010 Bachelor of Engineering Information Technology Mumbai, Maharashtra Mumbai University Senior Network security Analyst Senior Network security Analyst - Accenture Skill Details FIREWALLS- Exprience - 97 months CISCO- Exprience - 89 months SECURITY- Exprience - 72 months FIREWALL- Exprience - 45 months CHECKPOINT- Exprience - 44 monthsCompany Details company - Accenture description - Install, configure, upgrades and troubleshoot Cisco ASA firewalls ( 5500-X) which includes Single and multi-context firewalls â¢ F5 LTM configuration (VIP, pools), SSL offloading, certificate renewals, Code upgrade and troubleshoot issues â¢ Pulse secure (Juniper) management includes creating Roles/ Realm, polices","January 2006 to January 2010 Bachelor of Engineering Information Technology Mumbai, Maharashtra Mumbai University Senior Network security Analyst Senior Network security Analyst - Accenture",found,FIREWALLS- Exprience - 97 months CISCO- Exprience - 89 months SECURITY- Exprience - 72 months FIREWALL- Exprience - 45 months CHECKPOINT- Exprience - 44 months,"company - Accenture description - Install, configure, upgrades and troubleshoot Cisco ASA firewalls ( 5500-X) which includes Single and multi-context firewalls â¢ F5 LTM configuration (VIP, pools), SSL offloading, certificate renewals, Code upgrade and troubleshoot issues â¢ Pulse secure (Juniper) management includes creating Roles/ Realm, polices"
R104,Ishita Chopra,BITS Pilani,1,Mumbai,1,0,PMO,"Name: Ishita Chopra
College: BITS Pilani
City: Mumbai
Employment Gap: None

CORE COMPETENCIES â¢ Maintain processes to ensure project management documentation, reports and plans are relevant, accurate and complete â¢ Report automation, Dashboard preparation and sharing feedbacks basis on performance of Project Manager â¢ Forecasting data regarding future risks, Project changes and updating the delivery team on timely basis â¢ Good understanding of project management lifecycle â¢ Proven excellence in Risk Management and control â¢ Good understanding of Software Development Lifecycle (SDLC) â¢ Ability to synthesize qualitative and quantitative data quickly and draw meaningful insights â¢ Knowledge of Programme/Project Management methodologies with full project reporting and governance â¢ Ability to work with different cross-functional stakeholders to establish and ensure a reliable and productive working relationship â¢ Strong time management and organizational skills â¢ Multitasking skills and ability to meet deadlines COMPUTER SKILLS AND CERTIFICATION â¢ Advance knowledge in MS office 2013 and Macros. SKILLS â¢ Strategic thinking and decision making ability â¢ Sound Analytical skills â¢ Multi-tasking skills in fast paced environment. â¢",,not_available,"â¢ Maintain processes to ensure project management documentation, reports and plans are relevant, accurate and complete â¢ Report automation, Dashboard preparation and sharing feedbacks basis on performance of Project Manager â¢ Forecasting data regarding future risks, Project changes and updating the delivery team on timely basis â¢ Good understanding of project management lifecycle â¢ Proven excellence in Risk Management and control â¢ Good understanding of Software Development Lifecycle (SDLC) â¢ Ability to synthesize qualitative and quantitative data quickly and draw meaningful insights â¢ Knowledge of Programme/Project Management methodologies with full project reporting and governance â¢ Ability to work with different cross-functional stakeholders to establish and ensure a reliable and productive working relationship â¢ Strong time management and organizational skills â¢ Multitasking skills and ability to meet deadlines COMPUTER SKILLS AND CERTIFICATION â¢ Advance knowledge in MS office 2013 and Macros. SKILLS â¢ Strategic thinking and decision making ability â¢ Sound Analytical skills â¢ Multi-tasking skills in fast paced environment. â¢",
R105,Aditya Verma,Indian Institute of Science Bangalore,1,Delhi,1,0,Electrical Engineering,"Name: Aditya Verma
College: Indian Institute of Science Bangalore
City: Delhi
Employment Gap: None

Education Details January 2012 to January 2013 B.E. Electrical Shivaji University September 2008 HSC Pune, Maharashtra Pune University July 2006 SSC Pune, Maharashtra Pune University Electrical Engineer Electrical Engineer - R K ELECTRICAL PVT. LTD Skill Details Company Details company - R K ELECTRICAL PVT. LTD description - Experience:- 1 Year 3 Months Troubleshooting and Maintenance of following Electrical Equipment:- â¢ All Type of Maintenance of Utility. â¢ Electrical and Mechanical Maintenance. â¢ Two 625 KVA Diesel Generator Set (Kirloskar) â¢ HT/LT Switchgear With Protection System Using Relays and Provision For Interlocking (C&S, Kirloskar) â¢ Handling HT Vacuum & SF6 Circuit Breaker, Transformer Up to 5000 KVA, LT Air circuit Breaker 2000A â¢ Maintenance of STP and WTP Plant. â¢ Maintenance of Air Blower, Actuators, Soft Starter, EOT Crane, Mono Rail, Centrifugal or Vertical Pumps, Hydraulic Machine, Rolling Machine, Lath Machine, Drill Machine, AHU, HVAC, Chiller etc. â¢ Basic knowledge of PLC/SCADA Operation. â¢ Trouble shooting of Switchgear and Control Panel, Pump and Motor â¢ Maintenance of UPS, Battery Charger and Battery Bank â¢ Motor Testing Both HT &","January 2012 to January 2013 B.E. Electrical Shivaji University September 2008 HSC Pune, Maharashtra Pune University July 2006 SSC Pune, Maharashtra Pune University Electrical Engineer Electrical Engineer - R K ELECTRICAL PVT. LTD",found,,"company - R K ELECTRICAL PVT. LTD description - Experience:- 1 Year 3 Months Troubleshooting and Maintenance of following Electrical Equipment:- â¢ All Type of Maintenance of Utility. â¢ Electrical and Mechanical Maintenance. â¢ Two 625 KVA Diesel Generator Set (Kirloskar) â¢ HT/LT Switchgear With Protection System Using Relays and Provision For Interlocking (C&S, Kirloskar) â¢ Handling HT Vacuum & SF6 Circuit Breaker, Transformer Up to 5000 KVA, LT Air circuit Breaker 2000A â¢ Maintenance of STP and WTP Plant. â¢ Maintenance of Air Blower, Actuators, Soft Starter, EOT Crane, Mono Rail, Centrifugal or Vertical Pumps, Hydraulic Machine, Rolling Machine, Lath Machine, Drill Machine, AHU, HVAC, Chiller etc. â¢ Basic knowledge of PLC/SCADA Operation. â¢ Trouble shooting of Switchgear and Control Panel, Pump and Motor â¢ Maintenance of UPS, Battery Charger and Battery Bank â¢ Motor Testing Both HT &"
R106,Rohan Gupta,Indian Institute of Science Bangalore,1,Delhi,1,0,PMO,"Name: Rohan Gupta
College: Indian Institute of Science Bangalore
City: Delhi
Employment Gap: None

CORE COMPETENCIES â¢ Maintain processes to ensure project management documentation, reports and plans are relevant, accurate and complete â¢ Report automation, Dashboard preparation and sharing feedbacks basis on performance of Project Manager â¢ Forecasting data regarding future risks, Project changes and updating the delivery team on timely basis â¢ Good understanding of project management lifecycle â¢ Proven excellence in Risk Management and control â¢ Good understanding of Software Development Lifecycle (SDLC) â¢ Ability to synthesize qualitative and quantitative data quickly and draw meaningful insights â¢ Knowledge of Programme/Project Management methodologies with full project reporting and governance â¢ Ability to work with different cross-functional stakeholders to establish and ensure a reliable and productive working relationship â¢ Strong time management and organizational skills â¢ Multitasking skills and ability to meet deadlines COMPUTER SKILLS AND CERTIFICATION â¢ Advance knowledge in MS office 2013 and Macros. SKILLS â¢ Strategic thinking and decision making ability â¢ Sound Analytical skills â¢ Multi-tasking skills in fast paced environment. â¢",,not_available,"â¢ Maintain processes to ensure project management documentation, reports and plans are relevant, accurate and complete â¢ Report automation, Dashboard preparation and sharing feedbacks basis on performance of Project Manager â¢ Forecasting data regarding future risks, Project changes and updating the delivery team on timely basis â¢ Good understanding of project management lifecycle â¢ Proven excellence in Risk Management and control â¢ Good understanding of Software Development Lifecycle (SDLC) â¢ Ability to synthesize qualitative and quantitative data quickly and draw meaningful insights â¢ Knowledge of Programme/Project Management methodologies with full project reporting and governance â¢ Ability to work with different cross-functional stakeholders to establish and ensure a reliable and productive working relationship â¢ Strong time management and organizational skills â¢ Multitasking skills and ability to meet deadlines COMPUTER SKILLS AND CERTIFICATION â¢ Advance knowledge in MS office 2013 and Macros. SKILLS â¢ Strategic thinking and decision making ability â¢ Sound Analytical skills â¢ Multi-tasking skills in fast paced environment. â¢",
R107,Priya Nair,BITS Pilani,1,Bangalore,1,0,HR,"Name: Priya Nair
College: BITS Pilani
City: Bangalore
Employment Gap: None

Education Details June 2012 to May 2015 B.A Economics Chennai, Tamil Nadu Sdnbvc Hr Skill Details Company Details company - Anything IT Solution description - Hr","June 2012 to May 2015 B.A Economics Chennai, Tamil Nadu Sdnbvc Hr",found,,company - Anything IT Solution description - Hr
R108,Vikram Reddy,Indian Institute of Science Bangalore,1,Chennai,1,0,Health and fitness,"Name: Vikram Reddy
College: Indian Institute of Science Bangalore
City: Chennai
Employment Gap: None

Education Details January 2009 P.G. Sports science Dr. BMN College of Home Science January 2008 BSc Food Science & Nutrition Dr. BMN College of Home Science January 2004 HSC Central Railway's Jr. college of Science and Commerce January 2002 SSC HISTORY IES's Modern English School MSc Nutrition College of Home Science nutritionist and health promoter 9yrs experience as a nutritionist and health coach Skill Details Company Details company - UGC NET description - CAREER OBJECTIVE- To use my qualifications as a nutritionist and health promoter to contribute to the well being of individuals in the community. UGC NET Certificate for Lectureship MAR- 2013 SKILLS LEARNT â¢ Working in a team environment. â¢ Working as an individual. â¢ Time management to ensure all customers are served sufficiently and all tasks are completed to a high standard. â¢ Working under pressure and in a busy environment â¢ Personal presentation Communication Skills â¢ 9 years of work experience at healthcare startups, health clubs has enhanced my communication skills through discussions with health & fitness professionals & clients, writing articles and designing customized diet plans. â¢ Confident in",January 2009 P.G. Sports science Dr. BMN College of Home Science January 2008 BSc Food Science & Nutrition Dr. BMN College of Home Science January 2004 HSC Central Railway's Jr. college of Science and Commerce January 2002 SSC HISTORY IES's Modern English School MSc Nutrition College of Home Science nutritionist and health promoter 9yrs experience as a nutritionist and health coach,found,,"company - UGC NET description - CAREER OBJECTIVE- To use my qualifications as a nutritionist and health promoter to contribute to the well being of individuals in the community. UGC NET Certificate for Lectureship MAR- 2013 SKILLS LEARNT â¢ Working in a team environment. â¢ Working as an individual. â¢ Time management to ensure all customers are served sufficiently and all tasks are completed to a high standard. â¢ Working under pressure and in a busy environment â¢ Personal presentation Communication Skills â¢ 9 years of work experience at healthcare startups, health clubs has enhanced my communication skills through discussions with health & fitness professionals & clients, writing articles and designing customized diet plans. â¢ Confident in"
R109,Neha Kapoor,Indian Institute of Technology Kanpur,1,Kolkata,1,0,Operations Manager,"Name: Neha Kapoor
College: Indian Institute of Technology Kanpur
City: Kolkata
Employment Gap: None

Education Details August 2000 B.E Electronics Pune, Maharashtra Pune University Operations Manager Operations Manager - Delta Controls, Dubai FZCO Skill Details Company Details company - Delta Controls, Dubai FZCO description - Heading Pune Branch [M/s Deltannex Integrators Pvt. Ltd.] From Aug '17 till date Designation - Operations Manager [1st Employee] 1. Reporting to the GM-Operations 2. Review of SOW, RFQ, Assist the proposal Team on the Engineering man hours, Project Schedule, Organization Chart and Meeting the client for pre-sales support 3. Review of SOW, RFQ, Client's Purchase Order or contract terms & conditions 4. Project Execution Plans after through discussion with client & consultants 5. Kick of meeting & Ad-hoc meetings with client 6. Project evaluation in terms of outlays & profits 7. Ensuring an appropriate project management framework 8. Management of all contractual and commercial issues related to the project 9. Monitoring, reviewing & reporting of the project progress 10. Coordinating and fostering teamwork & prioritization of team activities 11. Monitor the project budget 12. Apply quality management system and processes 13. Liaison with and reporting to","August 2000 B.E Electronics Pune, Maharashtra Pune University Operations Manager Operations Manager - Delta Controls, Dubai FZCO",found,,"company - Delta Controls, Dubai FZCO description - Heading Pune Branch [M/s Deltannex Integrators Pvt. Ltd.] From Aug '17 till date Designation - Operations Manager [1st Employee] 1. Reporting to the GM-Operations 2. Review of SOW, RFQ, Assist the proposal Team on the Engineering man hours, Project Schedule, Organization Chart and Meeting the client for pre-sales support 3. Review of SOW, RFQ, Client's Purchase Order or contract terms & conditions 4. Project Execution Plans after through discussion with client & consultants 5. Kick of meeting & Ad-hoc meetings with client 6. Project evaluation in terms of outlays & profits 7. Ensuring an appropriate project management framework 8. Management of all contractual and commercial issues related to the project 9. Monitoring, reviewing & reporting of the project progress 10. Coordinating and fostering teamwork & prioritization of team activities 11. Monitor the project budget 12. Apply quality management system and processes 13. Liaison with and reporting to"
R110,Aditya Verma,Indian Institute of Technology Guwahati,1,Kolkata,1,0,PMO,"Name: Aditya Verma
College: Indian Institute of Technology Guwahati
City: Kolkata
Employment Gap: None

Skills Exceptional communication and networking skills Successful working in a team environment, as well as independently Ability to work under pressure and multi-task Strategies & Campaigns Corporate Communications MIS Reporting & Documentation Training & Development Sales Support & Back Office Operations New Process Development & Launch Handling customer escalationsEducation Details BACHELOR OF BUSINESS ADMINISTRATION BUSINESS ADMINISTRATION ICFAI Business School Integrated Institute Of Management &Technology HIGHER SECONDARY SCHOOL, B.I.S.S School Delhi, Delhi SENIOR SECONDARY SCHOOL, Delhi Public School Senior Manager - PMO Skill Details TRAINING- Exprience - 30 months DOCUMENTATION- Exprience - 16 months OPERATIONS- Exprience - 16 months SALES- Exprience - 8 months CORPORATE COMMUNICATIONS- Exprience - 6 monthsCompany Details company - description - Review and understand existing business processes to identify functional requirements to eliminate waste, improve controllership and deliver flexibility Identify processes for re-design, prototype potential solutions, calculate trade-offs, costs, and suggest a recommended course of action by identifying modifications to the","BACHELOR OF BUSINESS ADMINISTRATION BUSINESS ADMINISTRATION ICFAI Business School Integrated Institute Of Management &Technology HIGHER SECONDARY SCHOOL, B.I.S.S School Delhi, Delhi SENIOR SECONDARY SCHOOL, Delhi Public School Senior Manager - PMO",found,TRAINING- Exprience - 30 months DOCUMENTATION- Exprience - 16 months OPERATIONS- Exprience - 16 months SALES- Exprience - 8 months CORPORATE COMMUNICATIONS- Exprience - 6 months,"company - description - Review and understand existing business processes to identify functional requirements to eliminate waste, improve controllership and deliver flexibility Identify processes for re-design, prototype potential solutions, calculate trade-offs, costs, and suggest a recommended course of action by identifying modifications to the"
R111,Arjun Sharma,Indian Institute of Technology Delhi,1,Pune,1,0,Hadoop,"Name: Arjun Sharma
College: Indian Institute of Technology Delhi
City: Pune
Employment Gap: None

Technical Skills Programming Languages: C, C++, Java, .Net., J2EE, HTML5, CSS, MapReduce Scripting Languages: Javascript, Python Databases: Oracle (PL-SQL), MY-SQL, IBM DB2 Tools:IBM Rational Rose, R, Weka Operating Systems: Windows XP, Vista, UNIX, Windows 7, Red Hat 7Education Details January 2015 B.E Pimpri Chinchwad, MAHARASHTRA, IN Pimpri Chinchwad College of Engineering January 2012 Diploma MSBTE Dnyanganaga Polytechnic S.S.C New English School Takali Hadoop/Big Data Developer Hadoop/Big Data Developer - British Telecom Skill Details APACHE HADOOP MAPREDUCE- Exprience - 37 months MapReduce- Exprience - 37 months MAPREDUCE- Exprience - 37 months JAVA- Exprience - 32 months .NET- Exprience - 6 monthsCompany Details company - British Telecom description - Project: British Telecom project (UK) Responsibilities: â¢ Working on HDFS, MapReduce, Hive, Spark, Scala, Sqoop, Kerberos etc. technologies â¢ Implemented various data mining algorithms on Spark like K-means clustering, Random forest, Naive bayes etc. â¢ A knowledge of installing, configuring, maintaining and securing Hadoop. company - DXC technology description - HPE legacy), Bangalore â¢ Worked on Hadoop + Java","January 2015 B.E Pimpri Chinchwad, MAHARASHTRA, IN Pimpri Chinchwad College of Engineering January 2012 Diploma MSBTE Dnyanganaga Polytechnic S.S.C New English School Takali Hadoop/Big Data Developer Hadoop/Big Data Developer - British Telecom",found,APACHE HADOOP MAPREDUCE- Exprience - 37 months MapReduce- Exprience - 37 months MAPREDUCE- Exprience - 37 months JAVA- Exprience - 32 months .NET- Exprience - 6 months,"company - British Telecom description - Project: British Telecom project (UK) Responsibilities: â¢ Working on HDFS, MapReduce, Hive, Spark, Scala, Sqoop, Kerberos etc. technologies â¢ Implemented various data mining algorithms on Spark like K-means clustering, Random forest, Naive bayes etc. â¢ A knowledge of installing, configuring, maintaining and securing Hadoop. company - DXC technology description - HPE legacy), Bangalore â¢ Worked on Hadoop + Java"
R112,Vikram Reddy,Indian Institute of Technology Bombay,1,Mumbai,1,0,Data Science,"Name: Vikram Reddy
College: Indian Institute of Technology Bombay
City: Mumbai
Employment Gap: None

Expertise â Data and Quantitative Analysis â Decision Analytics â Predictive Modeling â Data-Driven Personalization â KPI Dashboards â Big Data Queries and Interpretation â Data Mining and Visualization Tools â Machine Learning Algorithms â Business Intelligence (BI) â Research, Reports and Forecasts Education Details PGP in Data Science Mumbai, Maharashtra Aegis School of data science & Business B.E. in Electronics & Communication Electronics & Communication Indore, Madhya Pradesh IES IPS Academy Data Scientist Data Scientist with PR Canada Skill Details Algorithms- Exprience - 6 months BI- Exprience - 6 months Business Intelligence- Exprience - 6 months Machine Learning- Exprience - 24 months Visualization- Exprience - 24 months spark- Exprience - 24 months python- Exprience - 36 months tableau- Exprience - 36 months Data Analysis- Exprience - 24 monthsCompany Details company - Aegis school of Data Science & Business description - Mostly working on industry project for providing solution along with Teaching Appointments: Teach undergraduate and graduate-level courses in Spark and Machine Learning as an adjunct faculty member at Aegis School of Data Science,","PGP in Data Science Mumbai, Maharashtra Aegis School of data science & Business B.E. in Electronics & Communication Electronics & Communication Indore, Madhya Pradesh IES IPS Academy Data Scientist Data Scientist with PR Canada",found,Algorithms- Exprience - 6 months BI- Exprience - 6 months Business Intelligence- Exprience - 6 months Machine Learning- Exprience - 24 months Visualization- Exprience - 24 months spark- Exprience - 24 months python- Exprience - 36 months tableau- Exprience - 36 months Data Analysis- Exprience - 24 months,"company - Aegis school of Data Science & Business description - Mostly working on industry project for providing solution along with Teaching Appointments: Teach undergraduate and graduate-level courses in Spark and Machine Learning as an adjunct faculty member at Aegis School of Data Science,"
R113,Neha Kapoor,Indian Institute of Technology Madras,1,Kolkata,1,0,Testing,"Name: Neha Kapoor
College: Indian Institute of Technology Madras
City: Kolkata
Employment Gap: None

â Willingness to accept the challenges. â Positive thinking. â Good learner. â Team Player. DECLARATION: I hereby declare that the above mentioned information is correct up to my knowledge and I bear the responsibility for the correctness of the above mentioned particulars. Date: / / Name: Dongare Mandakini Murlidhar Signature: Education Details June 2015 Electronics and Telecommunication Engineering Kolhapur, Maharashtra Shivaji University June 2012 Education Secondary and Higher Secondary B.E. Electronics and Telecommunication Jaywant College of Engineering and Management Testing Engineer Electronics Engineer - Abacus Electronics Pvt Ltd Skill Details Language - C, C++- Exprience - Less than 1 year months Operating Systems- Windows 7-8/NT/XP- Exprience - Less than 1 year monthsCompany Details company - Abacus Electronics Pvt Ltd description - Duties: â Perform electronic system testing for acceptance, compliance, warranty and other types. â Develop test plan and procedure for electronic systems. â Maintain complete and accurate documentations for system testing. â Analyze and troubleshoot test defects in a timely fashion. â Write system assembly instructions","June 2015 Electronics and Telecommunication Engineering Kolhapur, Maharashtra Shivaji University June 2012 Education Secondary and Higher Secondary B.E. Electronics and Telecommunication Jaywant College of Engineering and Management Testing Engineer Electronics Engineer - Abacus Electronics Pvt Ltd",found,"Language - C, C++- Exprience - Less than 1 year months Operating Systems- Windows 7-8/NT/XP- Exprience - Less than 1 year months","company - Abacus Electronics Pvt Ltd description - Duties: â Perform electronic system testing for acceptance, compliance, warranty and other types. â Develop test plan and procedure for electronic systems. â Maintain complete and accurate documentations for system testing. â Analyze and troubleshoot test defects in a timely fashion. â Write system assembly instructions"
R114,Rohan Gupta,Indian Institute of Technology Guwahati,1,Pune,1,0,Database,"Name: Rohan Gupta
College: Indian Institute of Technology Guwahati
City: Pune
Employment Gap: None

Education Details January 2016 BSc. Mumbai, Maharashtra Mumbai University January 2013 H.S.C. Maharashtra Board January 2011 S.S.C. Maharashtra Board MySQL Database Administrator 2+ Years of experience in MySQL Database Administrator ( MySQL DBA) Skill Details MySQL DBA , Centos , Backup , Restore , Replication , Query Optimazation- Exprience - 24 monthsCompany Details company - Trimax IT Infrastructure & Services Ltd description - ·       MYSQL Installation, maintenance and Upgrades (Version 5.5 , 5.6) ·       MySQL database administration on a large scale MySQL installation ·       Experience with MySQL on both Linux and Windows ·       MySQL processes, security management and queries optimization. ·       Performed query analysis for slow and problematic queries. ·       Performed Structural changes to Database like creating tables, adding columns according to business requirement ·       Creating and Maintaining Database Maintenance Plans. ·       Writing scripts to Create Jobs for Backup & Restore Plans. ·       Working on MYISAM to INNODB engine. ·       Working on Server shifting , tuning parameter , database purging ·       Working on Mysql master slave Replication ·      ","January 2016 BSc. Mumbai, Maharashtra Mumbai University January 2013 H.S.C. Maharashtra Board January 2011 S.S.C. Maharashtra Board MySQL Database Administrator 2+ Years of experience in MySQL Database Administrator ( MySQL DBA)",found,"MySQL DBA , Centos , Backup , Restore , Replication , Query Optimazation- Exprience - 24 months","company - Trimax IT Infrastructure & Services Ltd description - · MYSQL Installation, maintenance and Upgrades (Version 5.5 , 5.6) · MySQL database administration on a large scale MySQL installation · Experience with MySQL on both Linux and Windows · MySQL processes, security management and queries optimization. · Performed query analysis for slow and problematic queries. · Performed Structural changes to Database like creating tables, adding columns according to business requirement · Creating and Maintaining Database Maintenance Plans. · Writing scripts to Create Jobs for Backup & Restore Plans. · Working on MYISAM to INNODB engine. · Working on Server shifting , tuning parameter , database purging · Working on Mysql master slave Replication ·"
R115,Aditya Verma,Indian Institute of Technology Bombay,1,Delhi,1,0,Civil Engineer,"Name: Aditya Verma
College: Indian Institute of Technology Bombay
City: Delhi
Employment Gap: None

Education Details January 2005 S.S.C Baramati, Maharashtra M.E.S. Highschool B.E. Civil Engineering Pune, Maharashtra Singhad Institute Of Technology And Science civil site engineer Civil engineer Skill Details Site Engineer- Exprience - 60 monthsCompany Details company - Vasundhara nirmiti properties description - Civil engineer company - shri balaji housing company description - Execution of all civil work company - Ganesh construction description - Site engineer","January 2005 S.S.C Baramati, Maharashtra M.E.S. Highschool B.E. Civil Engineering Pune, Maharashtra Singhad Institute Of Technology And Science civil site engineer Civil engineer",found,Site Engineer- Exprience - 60 months,company - Vasundhara nirmiti properties description - Civil engineer company - shri balaji housing company description - Execution of all civil work company - Ganesh construction description - Site engineer
R116,Priya Nair,Indian Institute of Technology Madras,1,Mumbai,1,0,Python Developer,"Name: Priya Nair
College: Indian Institute of Technology Madras
City: Mumbai
Employment Gap: None

Education Details June 2013 to June 2016 Diploma Computer science Pune, Maharashtra Aissms June 2016 BE pursuing Computer science Pune, Maharashtra Anantrao pawar college of Engineering & Research centre Python Developer Skill Details Company Details company - Cybage Software Pvt. Ltd description - I want to work in organisation as a python developer to utilize my knowledge & To gain more knowledge with our organisation.","June 2013 to June 2016 Diploma Computer science Pune, Maharashtra Aissms June 2016 BE pursuing Computer science Pune, Maharashtra Anantrao pawar college of Engineering & Research centre Python Developer",found,,company - Cybage Software Pvt. Ltd description - I want to work in organisation as a python developer to utilize my knowledge & To gain more knowledge with our organisation.
R117,Neha Kapoor,NIT Tiruchirappalli,1,Bangalore,1,0,Civil Engineer,"Name: Neha Kapoor
College: NIT Tiruchirappalli
City: Bangalore
Employment Gap: None

SKILLS â¢ 1.Autocad â¢ 2.Pro v â¢ 3.Catia â¢ 4.word, excel â¢ 5.Photoshop INDUSTRIAL EXPOSURE Industrial Visit at: â¢ Larsen & Tubro (L & T)-3 months industrial training Inplant Training at: â¢ Ashoka Buildcon-Training for infrastructure setup and maintenance.Education Details January 2017 Masters in structure Nashik, Maharashtra Universal University Nashik Civil Engineer Civil Engineer Skill Details Autocad- Exprience - 1 months Catia- Exprience - 6 months maintenance- Exprience - 48 months photoshop- Exprience - 1 months training- Exprience - 6 monthsCompany Details company - Color Sky Decor LLC Dubai description - Role: Civil Engineer company - Girija Construction And Devolopers description - Role: Civil Engineer company - Showrooms, Villa's, Hotels description - â¢ 1.Exterior and Interior Of buildings, villa's etc. â¢ 2.Construction of new building and villa's. â¢ 3.Preparing bill of quantities, scheduling etc. company - Showrooms, Villa's, Hotels description - Maintenance and Interior outfit works of apartments, Showrooms, Villa's, Hotels etc. Description: 1 Analyze photographs, drawings and maps to inform the direction of projects as well as the overall budget","January 2017 Masters in structure Nashik, Maharashtra Universal University Nashik Civil Engineer Civil Engineer",found,Autocad- Exprience - 1 months Catia- Exprience - 6 months maintenance- Exprience - 48 months photoshop- Exprience - 1 months training- Exprience - 6 months,"company - Color Sky Decor LLC Dubai description - Role: Civil Engineer company - Girija Construction And Devolopers description - Role: Civil Engineer company - Showrooms, Villa's, Hotels description - â¢ 1.Exterior and Interior Of buildings, villa's etc. â¢ 2.Construction of new building and villa's. â¢ 3.Preparing bill of quantities, scheduling etc. company - Showrooms, Villa's, Hotels description - Maintenance and Interior outfit works of apartments, Showrooms, Villa's, Hotels etc. Description: 1 Analyze photographs, drawings and maps to inform the direction of projects as well as the overall budget"
R118,Karan Mehta,Indian Institute of Technology Madras,1,Mumbai,1,0,Mechanical Engineer,"Name: Karan Mehta
College: Indian Institute of Technology Madras
City: Mumbai
Employment Gap: None

* I'm hard working person. * I'm self confident and can mould myself to all work environments.Education Details January 2016 B.E MECHANICAL ENGINEERING ALAMURI RATNAMALA INSTITUTE OF ENGINEERING & TECHNOLOGY January 2010 H.S.C. Mumbai, Maharashtra MUMBAI UNIVERSITY Secured January 2008 S.S.C. PRAKASH Jr. COLLEGE OF SCIENCE & COMMERCE S.M.T. RAJDEVI HINDI HIGH SCHOOL MAHARSHTRA STATE BOARD Secured Design Engineer (Mechanical) Skill Details Autocad, solidworks, catia- Exprience - 12 monthsCompany Details company - SANARCO ENGINEERING PVT LTD description - * 1year in SANARCO ENGINEERING PVT. LTD. As a mechanical design engineer. * Working in SURYA FITNESS as a design engineer. Major project: * Project based on AUTOMATIC WALL PLASTERING MACHINE. * Automated plastering machine is unique and perhaps one kind of automated plastering machinery ideally suitable for the construction/building industry. * Automated plastering machine makes rendering easier, faster, and effortless as compare to manual application. * Automated plastering machine works with conventional cement mortar which brings it to a smooth, flat finish. * It has good future scope. Personal Detais: * Father's Name: Gyandatt","January 2016 B.E MECHANICAL ENGINEERING ALAMURI RATNAMALA INSTITUTE OF ENGINEERING & TECHNOLOGY January 2010 H.S.C. Mumbai, Maharashtra MUMBAI UNIVERSITY Secured January 2008 S.S.C. PRAKASH Jr. COLLEGE OF SCIENCE & COMMERCE S.M.T. RAJDEVI HINDI HIGH SCHOOL MAHARSHTRA STATE BOARD Secured Design Engineer (Mechanical)",found,"Autocad, solidworks, catia- Exprience - 12 months","company - SANARCO ENGINEERING PVT LTD description - * 1year in SANARCO ENGINEERING PVT. LTD. As a mechanical design engineer. * Working in SURYA FITNESS as a design engineer. Major project: * Project based on AUTOMATIC WALL PLASTERING MACHINE. * Automated plastering machine is unique and perhaps one kind of automated plastering machinery ideally suitable for the construction/building industry. * Automated plastering machine makes rendering easier, faster, and effortless as compare to manual application. * Automated plastering machine works with conventional cement mortar which brings it to a smooth, flat finish. * It has good future scope. Personal Detais: * Father's Name: Gyandatt"
R119,Vikram Reddy,Indian Institute of Technology Kharagpur,1,Mumbai,1,0,Hadoop,"Name: Vikram Reddy
College: Indian Institute of Technology Kharagpur
City: Mumbai
Employment Gap: None

Technical Skills Programming Languages: C, C++, Java, .Net., J2EE, HTML5, CSS, MapReduce Scripting Languages: Javascript, Python Databases: Oracle (PL-SQL), MY-SQL, IBM DB2 Tools:IBM Rational Rose, R, Weka Operating Systems: Windows XP, Vista, UNIX, Windows 7, Red Hat 7Education Details January 2015 B.E Pimpri Chinchwad, MAHARASHTRA, IN Pimpri Chinchwad College of Engineering January 2012 Diploma MSBTE Dnyanganaga Polytechnic S.S.C New English School Takali Hadoop/Big Data Developer Hadoop/Big Data Developer - British Telecom Skill Details APACHE HADOOP MAPREDUCE- Exprience - 37 months MapReduce- Exprience - 37 months MAPREDUCE- Exprience - 37 months JAVA- Exprience - 32 months .NET- Exprience - 6 monthsCompany Details company - British Telecom description - Project: British Telecom project (UK) Responsibilities: â¢ Working on HDFS, MapReduce, Hive, Spark, Scala, Sqoop, Kerberos etc. technologies â¢ Implemented various data mining algorithms on Spark like K-means clustering, Random forest, Naive bayes etc. â¢ A knowledge of installing, configuring, maintaining and securing Hadoop. company - DXC technology description - HPE legacy), Bangalore â¢ Worked on Hadoop + Java","January 2015 B.E Pimpri Chinchwad, MAHARASHTRA, IN Pimpri Chinchwad College of Engineering January 2012 Diploma MSBTE Dnyanganaga Polytechnic S.S.C New English School Takali Hadoop/Big Data Developer Hadoop/Big Data Developer - British Telecom",found,APACHE HADOOP MAPREDUCE- Exprience - 37 months MapReduce- Exprience - 37 months MAPREDUCE- Exprience - 37 months JAVA- Exprience - 32 months .NET- Exprience - 6 months,"company - British Telecom description - Project: British Telecom project (UK) Responsibilities: â¢ Working on HDFS, MapReduce, Hive, Spark, Scala, Sqoop, Kerberos etc. technologies â¢ Implemented various data mining algorithms on Spark like K-means clustering, Random forest, Naive bayes etc. â¢ A knowledge of installing, configuring, maintaining and securing Hadoop. company - DXC technology description - HPE legacy), Bangalore â¢ Worked on Hadoop + Java"
R120,Neha Kapoor,Indian Institute of Technology Kanpur,1,Chennai,1,0,Arts,"Name: Neha Kapoor
College: Indian Institute of Technology Kanpur
City: Chennai
Employment Gap: None

Education Details August 2018 to January 2021 Entermediate Maths Mumbai, Maharashtra Sunbeam academy , samne ghat , varanasi Martial arts (fitness job) Skill Details Company Details company - Sports Authority description - I am 2nd dan black belt in karate (martial arts) I am in a searching of personal trainer job for fitness. I won 3 gold medals in national karate championship. I won 7 gold medals in state karate championship. 3 times best player of the year of uttar pradesh award .. Represented india and Selected for world karate championship held at Croatia , Europe. â¢","August 2018 to January 2021 Entermediate Maths Mumbai, Maharashtra Sunbeam academy , samne ghat , varanasi Martial arts (fitness job)",found,,"company - Sports Authority description - I am 2nd dan black belt in karate (martial arts) I am in a searching of personal trainer job for fitness. I won 3 gold medals in national karate championship. I won 7 gold medals in state karate championship. 3 times best player of the year of uttar pradesh award .. Represented india and Selected for world karate championship held at Croatia , Europe. â¢"
R121,Priya Nair,Indian Institute of Technology Kharagpur,1,Pune,1,0,Mechanical Engineer,"Name: Priya Nair
College: Indian Institute of Technology Kharagpur
City: Pune
Employment Gap: None

* I'm hard working person. * I'm self confident and can mould myself to all work environments.Education Details January 2016 B.E MECHANICAL ENGINEERING ALAMURI RATNAMALA INSTITUTE OF ENGINEERING & TECHNOLOGY January 2010 H.S.C. Mumbai, Maharashtra MUMBAI UNIVERSITY Secured January 2008 S.S.C. PRAKASH Jr. COLLEGE OF SCIENCE & COMMERCE S.M.T. RAJDEVI HINDI HIGH SCHOOL MAHARSHTRA STATE BOARD Secured Design Engineer (Mechanical) Skill Details Autocad, solidworks, catia- Exprience - 12 monthsCompany Details company - SANARCO ENGINEERING PVT LTD description - * 1year in SANARCO ENGINEERING PVT. LTD. As a mechanical design engineer. * Working in SURYA FITNESS as a design engineer. Major project: * Project based on AUTOMATIC WALL PLASTERING MACHINE. * Automated plastering machine is unique and perhaps one kind of automated plastering machinery ideally suitable for the construction/building industry. * Automated plastering machine makes rendering easier, faster, and effortless as compare to manual application. * Automated plastering machine works with conventional cement mortar which brings it to a smooth, flat finish. * It has good future scope. Personal Detais: * Father's Name: Gyandatt","January 2016 B.E MECHANICAL ENGINEERING ALAMURI RATNAMALA INSTITUTE OF ENGINEERING & TECHNOLOGY January 2010 H.S.C. Mumbai, Maharashtra MUMBAI UNIVERSITY Secured January 2008 S.S.C. PRAKASH Jr. COLLEGE OF SCIENCE & COMMERCE S.M.T. RAJDEVI HINDI HIGH SCHOOL MAHARSHTRA STATE BOARD Secured Design Engineer (Mechanical)",found,"Autocad, solidworks, catia- Exprience - 12 months","company - SANARCO ENGINEERING PVT LTD description - * 1year in SANARCO ENGINEERING PVT. LTD. As a mechanical design engineer. * Working in SURYA FITNESS as a design engineer. Major project: * Project based on AUTOMATIC WALL PLASTERING MACHINE. * Automated plastering machine is unique and perhaps one kind of automated plastering machinery ideally suitable for the construction/building industry. * Automated plastering machine makes rendering easier, faster, and effortless as compare to manual application. * Automated plastering machine works with conventional cement mortar which brings it to a smooth, flat finish. * It has good future scope. Personal Detais: * Father's Name: Gyandatt"
R122,Ishita Chopra,Indian Institute of Technology Madras,1,Chennai,1,0,Electrical Engineering,"Name: Ishita Chopra
College: Indian Institute of Technology Madras
City: Chennai
Employment Gap: None

Education Details July 2016 to May 2019 BE Electrical And Electronics Engineering Bhopal, Madhya Pradesh RGPV July 2012 to May 2015 Diploma in Electrical Electrical Engineering Bhopal, Madhya Pradesh Rgpv university Bhopal Matric GHS BHULI Electrical Engineering Skill Details Basic Computer, Electrical Machine, Electrical wiring, Solar power Plant, Distribution Substation- Exprience - Less than 1 year monthsCompany Details company - Enigma Business Advisor description - Solar Energy 1. Solar power plant Installation 2. Maintenance Transmission and Distribution Line 1. Installation","July 2016 to May 2019 BE Electrical And Electronics Engineering Bhopal, Madhya Pradesh RGPV July 2012 to May 2015 Diploma in Electrical Electrical Engineering Bhopal, Madhya Pradesh Rgpv university Bhopal Matric GHS BHULI Electrical Engineering",found,"Basic Computer, Electrical Machine, Electrical wiring, Solar power Plant, Distribution Substation- Exprience - Less than 1 year months",company - Enigma Business Advisor description - Solar Energy 1. Solar power plant Installation 2. Maintenance Transmission and Distribution Line 1. Installation
R123,Rohan Gupta,Indian Institute of Technology Madras,1,Pune,1,0,Database,"Name: Rohan Gupta
College: Indian Institute of Technology Madras
City: Pune
Employment Gap: None

Technical Skills Databases: Oracle RDBMS- 10g, 11g & 12c Technology/utilities: Data Pump, RMAN, Data guard, ASM, RAC, Golden Gate Tools: OCC, PUTTY, SQLPLUS, SQL Developer, Netbackup, SCOM, SCCM, VMWare Vsphere Operating Systems: RHEL 6.0, RHEL 6.5, UNIX and Microsoft WindowsEducation Details Database Administrator Database Administrator - BNY Mellon Skill Details DATABASES- Exprience - 24 months ORACLE- Exprience - 24 months RMAN- Exprience - 24 months NETBACKUP- Exprience - 24 months SCOM- Exprience - 24 monthsCompany Details company - BNY Mellon description - Databases: 600+ Team Size: 8 Duration: Jan 2017 - Till Date Clients: Over 130+ investment banking organizations who are hosted with Eagle Responsibilities: Database Management (Support and managing critical production, Pre-production, test and reporting databases in different platforms), Capacity Management Upgrades. â¢ Handling day to day database activities monitoring and incident management. â¢ Building new databases as per the requirement and prepare them for go live with the help of multiple teams. â¢ Working on scheduled activity of database patching (CPU, PSU) â¢ Installing latest path on production, Dev and",Database Administrator Database Administrator - BNY Mellon,found,DATABASES- Exprience - 24 months ORACLE- Exprience - 24 months RMAN- Exprience - 24 months NETBACKUP- Exprience - 24 months SCOM- Exprience - 24 months,"company - BNY Mellon description - Databases: 600+ Team Size: 8 Duration: Jan 2017 - Till Date Clients: Over 130+ investment banking organizations who are hosted with Eagle Responsibilities: Database Management (Support and managing critical production, Pre-production, test and reporting databases in different platforms), Capacity Management Upgrades. â¢ Handling day to day database activities monitoring and incident management. â¢ Building new databases as per the requirement and prepare them for go live with the help of multiple teams. â¢ Working on scheduled activity of database patching (CPU, PSU) â¢ Installing latest path on production, Dev and"
R124,Arjun Sharma,Indian Institute of Technology Madras,1,Hyderabad,1,0,Database,"Name: Arjun Sharma
College: Indian Institute of Technology Madras
City: Hyderabad
Employment Gap: None

Areas of Expertise â¢ Oracle Databases 12c, 11g, 10g â¢ Weblogic 12c, 11g â¢ Grid Infrastructure â¢ RMAN â¢ ASM â¢ Middleware: OIM, OAM, SOA â¢ Shell Scripts â¢ DataGuard â¢ Web servers - OHS, Apache â¢ Architecture Designs â¢ Proof of Concepts â¢ DevOpsEducation Details January 2007 Bachelor of Engineering Information Technology Sangli, Maharashtra Walchand College January 2004 Diploma Computer Engineering Jalgaon, Maharashtra Govt. Polytechnic Lead Database Administrator Lead Database Administrator - Tieto Software Skill Details DATABASES- Exprience - 108 months MIDDLEWARE- Exprience - 96 months RMAN- Exprience - 84 months SHELL SCRIPTS- Exprience - 48 monthsCompany Details company - Tieto Software description - As a part of AO (Application Operations) team, scope in project is quite wide than typical database administration. Range of accomplishments are extended right from Data Tier to Middle Tier & Application Tier: - Maximized availability of applications from 99.3% to 99.8% - Raised business by presenting Proof of Concepts for 10+ cases - Delivered upgrades of various applications time to time to keep it on supported platform - Saved SLAs as per contract by means","January 2007 Bachelor of Engineering Information Technology Sangli, Maharashtra Walchand College January 2004 Diploma Computer Engineering Jalgaon, Maharashtra Govt. Polytechnic Lead Database Administrator Lead Database Administrator - Tieto Software",found,DATABASES- Exprience - 108 months MIDDLEWARE- Exprience - 96 months RMAN- Exprience - 84 months SHELL SCRIPTS- Exprience - 48 months,"company - Tieto Software description - As a part of AO (Application Operations) team, scope in project is quite wide than typical database administration. Range of accomplishments are extended right from Data Tier to Middle Tier & Application Tier: - Maximized availability of applications from 99.3% to 99.8% - Raised business by presenting Proof of Concepts for 10+ cases - Delivered upgrades of various applications time to time to keep it on supported platform - Saved SLAs as per contract by means"
R125,Karan Mehta,Indian Institute of Technology Kanpur,1,Kolkata,1,0,Arts,"Name: Karan Mehta
College: Indian Institute of Technology Kanpur
City: Kolkata
Employment Gap: None

â¢ Operating Systems: Windows XP / Vista / 07Education Details January 2018 M.F.A painting Nagpur, Maharashtra Nagpur University January 2016 B.F.A. Painting Nagpur, Maharashtra Nagpur University January 2012 Diploma Art Maharashtra State Board January 2010 H.S.C. Maharashtra State Board January 2008 S.S.C. Maharashtra State Board Fine arts lecturer Skill Details Ms-Cit- Exprience - 96 monthsCompany Details company - Shubhankan Fine Arts College, indore description - â¢ I'm doing a job as a Lecturer in Shubhankan Fine Arts College Indore from Nov 2018. â¢ I'm an Artist, completed ATD, BFA and MFA in painting. â¢ I'm searching for a job in my faculty in my area and comfort place. To improve my knowledge and experience in this field. company - description - I have a experience of classes of painting, rangoli, drawing, summer classes, etc Health: Physical Disability ( Orthopedically)","January 2018 M.F.A painting Nagpur, Maharashtra Nagpur University January 2016 B.F.A. Painting Nagpur, Maharashtra Nagpur University January 2012 Diploma Art Maharashtra State Board January 2010 H.S.C. Maharashtra State Board January 2008 S.S.C. Maharashtra State Board Fine arts lecturer",found,Ms-Cit- Exprience - 96 months,"company - Shubhankan Fine Arts College, indore description - â¢ I'm doing a job as a Lecturer in Shubhankan Fine Arts College Indore from Nov 2018. â¢ I'm an Artist, completed ATD, BFA and MFA in painting. â¢ I'm searching for a job in my faculty in my area and comfort place. To improve my knowledge and experience in this field. company - description - I have a experience of classes of painting, rangoli, drawing, summer classes, etc Health: Physical Disability ( Orthopedically)"
R126,Rohan Gupta,Indian Institute of Technology Delhi,1,Pune,1,0,Advocate,"Name: Rohan Gupta
College: Indian Institute of Technology Delhi
City: Pune
Employment Gap: None

Education Details November 2016 to January 2019 Llm Masters in Law Hyderabad, Telangana Sultan Ul Uloom College Of Law September 2011 to May 2016 BA.llb Bachelors in Law Hyderabad, Telangana Osmania University PG College Of Law Advocate Experienced in Litigation, Recently Acquired Masters Degree in Law Skill Details Microsoft word- Exprience - Less than 1 year months litigation- Exprience - Less than 1 year months Legal Research- Exprience - Less than 1 year months Contracts- Exprience - Less than 1 year months Internet Savvy- Exprience - Less than 1 year months Drafting- Exprience - Less than 1 year monthsCompany Details company - LRC Office description - â¢ Working under Senior Advocate L Ravichander in the High Court of Telangana. â¢ Experience in drafting â¢ Legal Correspondence","November 2016 to January 2019 Llm Masters in Law Hyderabad, Telangana Sultan Ul Uloom College Of Law September 2011 to May 2016 BA.llb Bachelors in Law Hyderabad, Telangana Osmania University PG College Of Law Advocate Experienced in Litigation, Recently Acquired Masters Degree in Law",found,Microsoft word- Exprience - Less than 1 year months litigation- Exprience - Less than 1 year months Legal Research- Exprience - Less than 1 year months Contracts- Exprience - Less than 1 year months Internet Savvy- Exprience - Less than 1 year months Drafting- Exprience - Less than 1 year months,company - LRC Office description - â¢ Working under Senior Advocate L Ravichander in the High Court of Telangana. â¢ Experience in drafting â¢ Legal Correspondence
R127,Arjun Sharma,Indian Institute of Technology Guwahati,1,Chennai,1,0,Blockchain,"Name: Arjun Sharma
College: Indian Institute of Technology Guwahati
City: Chennai
Employment Gap: None

SKILLS Bitcoin, Ethereum Solidity Hyperledger, Beginner Go, Beginner R3 Corda, Beginner Tendermint, Nodejs, C Programming, Java, Machine Learning specilaized in Brain Computer Interface, Computer Networking and Server Admin, Computer Vision, Data Analytics, Cloud Computing, Reactjs, angularEducation Details January 2014 to January 2018 Bachelor of Engineering Computer Science & Engineering Thakur College of Engineering and Technology September 2016 to March 2017 Dynamic Blood Bank System Mumbai, Maharashtra IIT January 2014 CBSE Senior Secondary January 2011 CBSE Banking VIDYASHRAM PUBLIC SCHOOL Blockchain Developer Blockchain Developer - Zhypility Technologies Skill Details NETWORKING- Exprience - 27 months DATA ANALYTICS- Exprience - 11 months COMPUTER VISION- Exprience - 6 months JAVA- Exprience - 6 months MACHINE LEARNING- Exprience - 6 monthsCompany Details company - Zhypility Technologies description - une 2018 company - Area Business Owner Amway Enterprise Limited description - Business Strategizing Promotion, Analytics and Networking Terms company - Virtual description - Developing Prototype of Smart India Hackthon to deployment level. 3.Networking And Switch Intern Bharti","January 2014 to January 2018 Bachelor of Engineering Computer Science & Engineering Thakur College of Engineering and Technology September 2016 to March 2017 Dynamic Blood Bank System Mumbai, Maharashtra IIT January 2014 CBSE Senior Secondary January 2011 CBSE Banking VIDYASHRAM PUBLIC SCHOOL Blockchain Developer Blockchain Developer - Zhypility Technologies",found,NETWORKING- Exprience - 27 months DATA ANALYTICS- Exprience - 11 months COMPUTER VISION- Exprience - 6 months JAVA- Exprience - 6 months MACHINE LEARNING- Exprience - 6 months,"company - Zhypility Technologies description - une 2018 company - Area Business Owner Amway Enterprise Limited description - Business Strategizing Promotion, Analytics and Networking Terms company - Virtual description - Developing Prototype of Smart India Hackthon to deployment level. 3.Networking And Switch Intern Bharti"
R128,Ananya Iyer,Indian Institute of Technology Guwahati,1,Hyderabad,1,0,PMO,"Name: Ananya Iyer
College: Indian Institute of Technology Guwahati
City: Hyderabad
Employment Gap: None

Skills Exceptional communication and networking skills Successful working in a team environment, as well as independently Ability to work under pressure and multi-task Strategies & Campaigns Corporate Communications MIS Reporting & Documentation Training & Development Sales Support & Back Office Operations New Process Development & Launch Handling customer escalationsEducation Details BACHELOR OF BUSINESS ADMINISTRATION BUSINESS ADMINISTRATION ICFAI Business School Integrated Institute Of Management &Technology HIGHER SECONDARY SCHOOL, B.I.S.S School Delhi, Delhi SENIOR SECONDARY SCHOOL, Delhi Public School Senior Manager - PMO Skill Details TRAINING- Exprience - 30 months DOCUMENTATION- Exprience - 16 months OPERATIONS- Exprience - 16 months SALES- Exprience - 8 months CORPORATE COMMUNICATIONS- Exprience - 6 monthsCompany Details company - description - Review and understand existing business processes to identify functional requirements to eliminate waste, improve controllership and deliver flexibility Identify processes for re-design, prototype potential solutions, calculate trade-offs, costs, and suggest a recommended course of action by identifying modifications to the","BACHELOR OF BUSINESS ADMINISTRATION BUSINESS ADMINISTRATION ICFAI Business School Integrated Institute Of Management &Technology HIGHER SECONDARY SCHOOL, B.I.S.S School Delhi, Delhi SENIOR SECONDARY SCHOOL, Delhi Public School Senior Manager - PMO",found,TRAINING- Exprience - 30 months DOCUMENTATION- Exprience - 16 months OPERATIONS- Exprience - 16 months SALES- Exprience - 8 months CORPORATE COMMUNICATIONS- Exprience - 6 months,"company - description - Review and understand existing business processes to identify functional requirements to eliminate waste, improve controllership and deliver flexibility Identify processes for re-design, prototype potential solutions, calculate trade-offs, costs, and suggest a recommended course of action by identifying modifications to the"
R129,Vikram Reddy,Indian Institute of Technology Kanpur,1,Chennai,1,0,Business Analyst,"Name: Vikram Reddy
College: Indian Institute of Technology Kanpur
City: Chennai
Employment Gap: None

IT Skills: Area Exposure Modeling Tool: Bizagi, MS Visio Prototyping Tool: Indigo Studio. Documentation: MS Office (MS Word, MS Excel, MS Power Point) Testing Proficiency: Smoke, Sanity, Integration, Functional, Acceptance and UI Methodology implemented: Waterfall, Agile (Scrum) Database: SQL Testing Tool: HPQC Business Exposure Education Details Bachelor Of Computer Engineering Computer Engineering Mumbai, Maharashtra Thadomal Shahani Engineering college Diploma Computer Engineering Ulhasnagar, Maharashtra Institute of Technology Secondary School Certificate Ulhasnagar, Maharashtra New English High School Senior Business Analyst - RPA Senior Business Analyst - RPA - Hexaware Technologies Skill Details DOCUMENTATION- Exprience - 47 months TESTING- Exprience - 29 months INTEGRATION- Exprience - 25 months INTEGRATOR- Exprience - 25 months PROTOTYPE- Exprience - 13 monthsCompany Details company - Hexaware Technologies description - Working as a RPA Business Analyst company - BBH- Brown Brothers Harriman & Co description - is a private bank that provides commercial banking, investment management, brokerage, and trust services to private companies and individuals. It also performs","Bachelor Of Computer Engineering Computer Engineering Mumbai, Maharashtra Thadomal Shahani Engineering college Diploma Computer Engineering Ulhasnagar, Maharashtra Institute of Technology Secondary School Certificate Ulhasnagar, Maharashtra New English High School Senior Business Analyst - RPA Senior Business Analyst - RPA - Hexaware Technologies",found,DOCUMENTATION- Exprience - 47 months TESTING- Exprience - 29 months INTEGRATION- Exprience - 25 months INTEGRATOR- Exprience - 25 months PROTOTYPE- Exprience - 13 months,"company - Hexaware Technologies description - Working as a RPA Business Analyst company - BBH- Brown Brothers Harriman & Co description - is a private bank that provides commercial banking, investment management, brokerage, and trust services to private companies and individuals. It also performs"
R130,Arjun Sharma,Indian Institute of Technology Kanpur,1,Pune,1,0,Web Designing,"Name: Arjun Sharma
College: Indian Institute of Technology Kanpur
City: Pune
Employment Gap: None

Technical Skills Web Technologies: Angular JS, HTML5, CSS3, SASS, Bootstrap, Jquery, Javascript. Software: Brackets, Visual Studio, Photoshop, Visual Studio Code Education Details January 2015 B.E CSE Nagpur, Maharashtra G.H.Raisoni College of Engineering October 2009 Photography Competition Click Nagpur, Maharashtra Maharashtra State Board College Magazine OCEAN Web Designer Web Designer - Trust Systems and Software Skill Details PHOTOSHOP- Exprience - 28 months BOOTSTRAP- Exprience - 6 months HTML5- Exprience - 6 months JAVASCRIPT- Exprience - 6 months CSS3- Exprience - Less than 1 year months Angular 4- Exprience - Less than 1 year monthsCompany Details company - Trust Systems and Software description - Projects worked on: 1. TrustBank-CBS Project Description: TrustBank-CBS is a core banking solution by Trust Systems. Roles and Responsibility: â Renovated complete UI to make it more modern, user-friendly, maintainable and optimised for bank use. â Shared the UI structure and guidelines to be incorporated, with development team of around 50 members. â Achieved the target of project completion in given time frame. â Made required graphics for the project in photoshop 2.","January 2015 B.E CSE Nagpur, Maharashtra G.H.Raisoni College of Engineering October 2009 Photography Competition Click Nagpur, Maharashtra Maharashtra State Board College Magazine OCEAN Web Designer Web Designer - Trust Systems and Software",found,PHOTOSHOP- Exprience - 28 months BOOTSTRAP- Exprience - 6 months HTML5- Exprience - 6 months JAVASCRIPT- Exprience - 6 months CSS3- Exprience - Less than 1 year months Angular 4- Exprience - Less than 1 year months,"company - Trust Systems and Software description - Projects worked on: 1. TrustBank-CBS Project Description: TrustBank-CBS is a core banking solution by Trust Systems. Roles and Responsibility: â Renovated complete UI to make it more modern, user-friendly, maintainable and optimised for bank use. â Shared the UI structure and guidelines to be incorporated, with development team of around 50 members. â Achieved the target of project completion in given time frame. â Made required graphics for the project in photoshop 2."
R131,Neha Kapoor,Indian Institute of Science Bangalore,1,Delhi,1,0,ETL Developer,"Name: Neha Kapoor
College: Indian Institute of Science Bangalore
City: Delhi
Employment Gap: None

Computer skills: - Yes. SQL knowledge-yes Unix knowledge-yes Data warehouse knowledge-yes Ab intio -yee MY HOBBIES: - â¢ Playing Cricket, football. â¢ Reading books â¢ Visiting new places/Travelling. DECLARATION:- I hereby declare that the above mentioned information is factual and correct up to the best of my knowledge and belief. Date: -.27.01.2019 MR. MANISH PRABHAKAR PATIL Place: -MUMBAI Education Details June 2014 to June 2015 Bachelor's Electronics and Telecommunication A C Patil college of Engineering January 2009 to January 2011 Engineering Navi Mumbai, Maharashtra Bharati vidyapeeth January 2008 H.S.C. Mumbai, Maharashtra Khalsa college ETL Informatica Developer ETL DEVELOPER Skill Details ETL- Exprience - Less than 1 year months Data Warehouse- Exprience - Less than 1 year months Datastage- Exprience - Less than 1 year monthsCompany Details company - Reliance Infocomm description - I havevbeen working as ETL Developer in reliance industries in India for the past 3years.I have very good knowledge of Informatica and SQL as well as good knowledge of Unix.I am willing to work in yours company as Developer.","June 2014 to June 2015 Bachelor's Electronics and Telecommunication A C Patil college of Engineering January 2009 to January 2011 Engineering Navi Mumbai, Maharashtra Bharati vidyapeeth January 2008 H.S.C. Mumbai, Maharashtra Khalsa college ETL Informatica Developer ETL DEVELOPER",found,ETL- Exprience - Less than 1 year months Data Warehouse- Exprience - Less than 1 year months Datastage- Exprience - Less than 1 year months,company - Reliance Infocomm description - I havevbeen working as ETL Developer in reliance industries in India for the past 3years.I have very good knowledge of Informatica and SQL as well as good knowledge of Unix.I am willing to work in yours company as Developer.
R132,Vikram Reddy,Indian Institute of Technology Kharagpur,1,Pune,1,0,Mechanical Engineer,"Name: Vikram Reddy
College: Indian Institute of Technology Kharagpur
City: Pune
Employment Gap: None

Education Details January 2018 Bachelor's of Engineering Engineering Mumbai, Maharashtra MGM College of Engineering Diploma Mechanical Pune, Maharashtra MIT President of Mechanical Engineering Student's Association President of Mechanical Engineering Student's Association Skill Details Company Details company - Full Throttle description - conducted by IIT Bombay. â¢ Worked as a President of Mechanical Engineering Student's Association [MESA] in MIT, Pune. company - R.C Car Race of STEPCONE description - paper & project contest and exhibition conducted by GMR Instiute of Technology.","January 2018 Bachelor's of Engineering Engineering Mumbai, Maharashtra MGM College of Engineering Diploma Mechanical Pune, Maharashtra MIT President of Mechanical Engineering Student's Association President of Mechanical Engineering Student's Association",found,,"company - Full Throttle description - conducted by IIT Bombay. â¢ Worked as a President of Mechanical Engineering Student's Association [MESA] in MIT, Pune. company - R.C Car Race of STEPCONE description - paper & project contest and exhibition conducted by GMR Instiute of Technology."
R133,Aditya Verma,Indian Institute of Technology Kharagpur,1,Mumbai,1,0,SAP Developer,"Name: Aditya Verma
College: Indian Institute of Technology Kharagpur
City: Mumbai
Employment Gap: None

Competencies: SAP Business Intelligence Version SAP BO 4.2 BO Tools Design Studio, IDT, Webi, UDT, CMC activities Backend DB HANA, BW, Bex Queries, SQLEducation Details SAP BO Developer and SAP HANA Developer SAP BO Developer - Credit Suisse Skill Details Sap Bi- Exprience - 72 months CMC- Exprience - 72 months HANA- Exprience - 36 months BUSINESS INTELLIGENCE- Exprience - 72 months SQL- Exprience - 72 months SAP BO- Exprience - 72 monthsCompany Details company - Accenture description - Company Accenture, Pune Environment SAP BO 4.2, IDT, HANA views Role SAP BO Developer and HANA developer Description: This Project aims to provide reporting solution for Swiss business users.The universe supports analyzing customer funds purchase order patterns and order lifecycle reporting. The purpose of reports is to provide an end-to-end view of the entire sales order transaction, and to track the investment orders in various funds, including the status of orders, order types along with the gross value and net value to be generated from these orders. Roles & Responsibilities: â¢ Analyzed user requirements and sorted the best possible ways of optimizing performance of universe. â¢ CV and",SAP BO Developer and SAP HANA Developer SAP BO Developer - Credit Suisse,found,Sap Bi- Exprience - 72 months CMC- Exprience - 72 months HANA- Exprience - 36 months BUSINESS INTELLIGENCE- Exprience - 72 months SQL- Exprience - 72 months SAP BO- Exprience - 72 months,"company - Accenture description - Company Accenture, Pune Environment SAP BO 4.2, IDT, HANA views Role SAP BO Developer and HANA developer Description: This Project aims to provide reporting solution for Swiss business users.The universe supports analyzing customer funds purchase order patterns and order lifecycle reporting. The purpose of reports is to provide an end-to-end view of the entire sales order transaction, and to track the investment orders in various funds, including the status of orders, order types along with the gross value and net value to be generated from these orders. Roles & Responsibilities: â¢ Analyzed user requirements and sorted the best possible ways of optimizing performance of universe. â¢ CV and"
R134,Priya Nair,Indian Institute of Science Bangalore,1,Bangalore,1,0,Database,"Name: Priya Nair
College: Indian Institute of Science Bangalore
City: Bangalore
Employment Gap: None

Education Details January 2016 BSc. Mumbai, Maharashtra Mumbai University January 2013 H.S.C. Maharashtra Board January 2011 S.S.C. Maharashtra Board MySQL Database Administrator 2+ Years of experience in MySQL Database Administrator ( MySQL DBA) Skill Details MySQL DBA , Centos , Backup , Restore , Replication , Query Optimazation- Exprience - 24 monthsCompany Details company - Trimax IT Infrastructure & Services Ltd description - ·       MYSQL Installation, maintenance and Upgrades (Version 5.5 , 5.6) ·       MySQL database administration on a large scale MySQL installation ·       Experience with MySQL on both Linux and Windows ·       MySQL processes, security management and queries optimization. ·       Performed query analysis for slow and problematic queries. ·       Performed Structural changes to Database like creating tables, adding columns according to business requirement ·       Creating and Maintaining Database Maintenance Plans. ·       Writing scripts to Create Jobs for Backup & Restore Plans. ·       Working on MYISAM to INNODB engine. ·       Working on Server shifting , tuning parameter , database purging ·       Working on Mysql master slave Replication ·      ","January 2016 BSc. Mumbai, Maharashtra Mumbai University January 2013 H.S.C. Maharashtra Board January 2011 S.S.C. Maharashtra Board MySQL Database Administrator 2+ Years of experience in MySQL Database Administrator ( MySQL DBA)",found,"MySQL DBA , Centos , Backup , Restore , Replication , Query Optimazation- Exprience - 24 months","company - Trimax IT Infrastructure & Services Ltd description - · MYSQL Installation, maintenance and Upgrades (Version 5.5 , 5.6) · MySQL database administration on a large scale MySQL installation · Experience with MySQL on both Linux and Windows · MySQL processes, security management and queries optimization. · Performed query analysis for slow and problematic queries. · Performed Structural changes to Database like creating tables, adding columns according to business requirement · Creating and Maintaining Database Maintenance Plans. · Writing scripts to Create Jobs for Backup & Restore Plans. · Working on MYISAM to INNODB engine. · Working on Server shifting , tuning parameter , database purging · Working on Mysql master slave Replication ·"
R135,Ishita Chopra,Indian Institute of Science Bangalore,1,Mumbai,1,0,Mechanical Engineer,"Name: Ishita Chopra
College: Indian Institute of Science Bangalore
City: Mumbai
Employment Gap: None

SKILLS: â¢ Knowledge of software / computer: Auto CAD (Included Diploma Academic Syllabus) â¢ MSCIT â¢ CNC Programming (Fanuc Series) - milling STRENGTHS: â¢ Strong Dedication towards work. â¢ Quick Learner. â¢ Positive thinking and self-confidence. â¢ Honest, discipline and hardworking. INDUSTRIAL EXPERIENCE: â¢ 10 Day's Industrial Training at Nagpur agro Components, Hingna Road, Nagpur. â¢ 10 Day's Industrial Training at METAL FAB High-tech Pvt. Ltd, Hingna Road, Nagpur. EXTRA CRICULUM ACTIVITY: Education Details B.E RTMNU Mechanical engineering Skill Details AUTO CAD- Exprience - 6 months AUTOMOTIVE- Exprience - 6 months AUTOMOTIVE CNC- Exprience - 6 months CAD- Exprience - 6 months CNC- Exprience - 6 monthsCompany Details company - Tata motors, adani, maruti suzuki,jet airways. Air india. description - 1. I am student of mechanical engineering in the final year. I'm fresher so don't have any experiance in industry. 2. But in 3 rd year the industrial training program conducted by the so 10 days training experiance in the industry. 3. In the 5 th semister the 10 days working in Nagpur Agro Components. While the working all the machine and CNC machine i have seen in",B.E RTMNU Mechanical engineering,found,AUTO CAD- Exprience - 6 months AUTOMOTIVE- Exprience - 6 months AUTOMOTIVE CNC- Exprience - 6 months CAD- Exprience - 6 months CNC- Exprience - 6 months,"company - Tata motors, adani, maruti suzuki,jet airways. Air india. description - 1. I am student of mechanical engineering in the final year. I'm fresher so don't have any experiance in industry. 2. But in 3 rd year the industrial training program conducted by the so 10 days training experiance in the industry. 3. In the 5 th semister the 10 days working in Nagpur Agro Components. While the working all the machine and CNC machine i have seen in"
R136,Priya Nair,NIT Tiruchirappalli,1,Pune,1,0,Network Security Engineer,"Name: Priya Nair
College: NIT Tiruchirappalli
City: Pune
Employment Gap: None

Skill Set â¢ Experience in Implementing, and troubleshooting network security solutions â¢ Planning and Implementation knowledge of multi vendor firewalls (Cisco ASA, Checkpoint (Upto R.80) Juniper/Netscreen, Fortinet, FWSM) â¢ Familiarity with the latest hardware and network security technologies â¢ Excellent analytical and problem solving skills â¢ Skilled in analyzing and monitoring network security solutions using a variety of Monitoring solutions (Zenoss, Solarwinds, Cisco Prime) â¢ Work Experience on multi client data center environments. â¢ Knowledge and Work experience on Firewall IOS Upgrade projects â¢ Configuration of F5 load balancers, SSL certificate updates, I-Rule. F5 upgrades â¢ Configuration of Cisco Routers ( series- 1800, 1900, 2500, 2600, 2800, 3600, Nexus - 5k, 7k) â¢ Configuration of Cisco switches (series - 2960, 3750, catalyst, 4500, 3600) â¢ Working knowledge of Bluecoat Proxy â¢ Knowledge of ITIL process.Education Details September 2006 to August 2011 Bachelor of Engineering (BE) Electronics Pune, Maharashtra A.I.S.S.M.S College of Engineering, University of Pune July 2004 to February 2006 Higher Secondary Certificate Science Pune, Maharashtra","September 2006 to August 2011 Bachelor of Engineering (BE) Electronics Pune, Maharashtra A.I.S.S.M.S College of Engineering, University of Pune July 2004 to February 2006 Higher Secondary Certificate Science Pune, Maharashtra",found,"â¢ Experience in Implementing, and troubleshooting network security solutions â¢ Planning and Implementation knowledge of multi vendor firewalls (Cisco ASA, Checkpoint (Upto R.80) Juniper/Netscreen, Fortinet, FWSM) â¢ Familiarity with the latest hardware and network security technologies â¢ Excellent analytical and problem solving skills â¢ Skilled in analyzing and monitoring network security solutions using a variety of Monitoring solutions (Zenoss, Solarwinds, Cisco Prime) â¢ Work Experience on multi client data center environments. â¢ Knowledge and Work experience on Firewall IOS Upgrade projects â¢ Configuration of F5 load balancers, SSL certificate updates, I-Rule. F5 upgrades â¢ Configuration of Cisco Routers ( series- 1800, 1900, 2500, 2600, 2800, 3600, Nexus - 5k, 7k) â¢ Configuration of Cisco switches (series - 2960, 3750, catalyst, 4500, 3600) â¢ Working knowledge of Bluecoat Proxy â¢ Knowledge of ITIL process.",on multi client data center environments. â¢ Knowledge and Work experience on Firewall IOS Upgrade
R137,Neha Kapoor,Indian Institute of Technology Kharagpur,1,Pune,1,0,Data Science,"Name: Neha Kapoor
College: Indian Institute of Technology Kharagpur
City: Pune
Employment Gap: None

Skills â¢ Python â¢ Tableau â¢ Data Visualization â¢ R Studio â¢ Machine Learning â¢ Statistics IABAC Certified Data Scientist with versatile experience over 1+ years in managing business, data science consulting and leading innovation projects, bringing business ideas to working real world solutions. Being a strong advocator of augmented era, where human capabilities are enhanced by machines, Fahed is passionate about bringing business concepts in area of machine learning, AI, robotics etc., to real life solutions.Education Details January 2017 B. Tech Computer Science & Engineering Mohali, Punjab Indo Global College of Engineering Data Science Consultant Data Science Consultant - Datamites Skill Details MACHINE LEARNING- Exprience - 13 months PYTHON- Exprience - 24 months SOLUTIONS- Exprience - 24 months DATA SCIENCE- Exprience - 24 months DATA VISUALIZATION- Exprience - 24 months Tableau- Exprience - 24 monthsCompany Details company - Datamites description - â¢ Analyzed and processed complex data sets using advanced querying, visualization and analytics tools. â¢ Responsible for loading, extracting and validation of client data. â¢ Worked on manipulating, cleaning &","January 2017 B. Tech Computer Science & Engineering Mohali, Punjab Indo Global College of Engineering Data Science Consultant Data Science Consultant - Datamites",found,MACHINE LEARNING- Exprience - 13 months PYTHON- Exprience - 24 months SOLUTIONS- Exprience - 24 months DATA SCIENCE- Exprience - 24 months DATA VISUALIZATION- Exprience - 24 months Tableau- Exprience - 24 months,"company - Datamites description - â¢ Analyzed and processed complex data sets using advanced querying, visualization and analytics tools. â¢ Responsible for loading, extracting and validation of client data. â¢ Worked on manipulating, cleaning &"
R138,Ishita Chopra,BITS Pilani,1,Delhi,1,0,Electrical Engineering,"Name: Ishita Chopra
College: BITS Pilani
City: Delhi
Employment Gap: None

Skills: 1) MC Office 2) AutoCAD 2016 3) Introductory Knowledge of EPLAN 4) SAP-ERP for Product specific coding Strengths: 1. Ability to complete the work within stipulated time. 2. Keeping calm under pressure. 3. Multi-Tasking 4. Experienced in a project engineering role. 5. Good interpersonal skills, team spirit, flexibility, can cope with stress. 6. Fluent in English. 7. Good knowledge of international standards and rules like ISO, ATEX, NFPA, IEC, NEC, Shell DEP etc. College Final Year Project: Topic: Study & Control of State Power Grid, Maharashtra. â¢ Supervisor: Prof. Jawaleker â¢ Place: Shri Sant Gajanan Maharaj College of Engineering, Shegaon, Maharashtra. â¢ Description: The project aims to study of Power Grid network & Operation for Maharashtra state at Regional Power Grid Centre, Nagpur, India. Education Details Thermal Power Plant Engineering Nangal, Punjab National Power Training Institute B.E. Electrical Engineering Shegaon, Maharashtra Shri Sant Gajanan Maharaj College of Engineering, Shegaon, Maharashtra, India HSC Chandrapur, Maharashtra Vidya Niketan Jr. College SSC Chandrapur, Maharashtra Vidya Mandir High School Industrial Electrical Design Engineering along","Thermal Power Plant Engineering Nangal, Punjab National Power Training Institute B.E. Electrical Engineering Shegaon, Maharashtra Shri Sant Gajanan Maharaj College of Engineering, Shegaon, Maharashtra, India HSC Chandrapur, Maharashtra Vidya Niketan Jr. College SSC Chandrapur, Maharashtra Vidya Mandir High School Industrial Electrical Design Engineering along",found,,
R139,Karan Mehta,NIT Tiruchirappalli,1,Chennai,1,0,Sales,"Name: Karan Mehta
College: NIT Tiruchirappalli
City: Chennai
Employment Gap: None

KEY SKILLS: â¢ Planning & Strategizing â¢ Presentation skill â¢ Client relationship â¢ Energy level â¢ Enquiry Generation â¢ Achieving Targets QUALIFICATIONS: A university in marketing or business studies is preferred or a minimum of three years of related experience in sales & marketing sector. Problem - solving and analytical skills to interpret sales performance and market trend information. Proven ability to motivate and lead the sales team. Experience in developing marketing and sales strategies. Excellent oral and written communication skills, plus a good working knowledge of Microsoft Office. Computer KNOWLEDGE â¢ Knowledge of MS Excel, MS Word, MS PowerPoint achievements and Interests â¢ I played Cricket for National Team (Maharashtra Cricket Association) â¢ Played Regional level Cricket Tournament Thee times for School team â¢ Worked as a Sports Secretary in college annual meet. â¢ Worked as a volunteer for road show in POONA College. â¢ Worked as a Group leader for college presentation. â¢ My Interest are Learning various computers languages & Tricks and Techniques of computer and Playing Cricket. personal Information . Education Details MBA Operations Dr.",MBA Operations Dr.,found,,
R140,Vikram Reddy,Indian Institute of Technology Bombay,1,Pune,1,0,DevOps Engineer,"Name: Vikram Reddy
College: Indian Institute of Technology Bombay
City: Pune
Employment Gap: None

Skills VISA B1-VISA (USA) Onsite Visits to Sweden & US (Seattle) Education Details January 2013 Post Graduate Diploma Information Technology Pune, Maharashtra Symbiosis Institute January 2007 Bachelor of Engineering Electronics and Telecommunications Pune, Maharashtra Pune University Cloud Operations Architect (DevOps) Cloud Operations Architect (DevOps) - DevOps Skill Details Cloud Computing- Exprience - 48 months Shell Scripting- Exprience - 96 months Python- Exprience - 6 months Automation- Exprience - 72 months Solution Architect- Exprience - Less than 1 year months Azure- Exprience - Less than 1 year months AWS- Exprience - Less than 1 year monthsCompany Details company - DevOps description - Type: DevOps Engineer. Platform: AWS Cloud, Azure Cloud. Services: AWS EC2, RDS, CloudFormation Template, Lambda, Dynamo DB, Cloud Watch, Auto-scaling, Elastic Bean stalk, Appdynamics. Here I manage Tibco Spotfire enterprise & Cloud Product support. Being the only Ops member in India I got a chance to recruit & build entire team of 15 members. I also worked on 4 different Projects / products simultaneously and added the hired members into these products. My responsibilities in this","January 2013 Post Graduate Diploma Information Technology Pune, Maharashtra Symbiosis Institute January 2007 Bachelor of Engineering Electronics and Telecommunications Pune, Maharashtra Pune University Cloud Operations Architect (DevOps) Cloud Operations Architect (DevOps) - DevOps",found,Cloud Computing- Exprience - 48 months Shell Scripting- Exprience - 96 months Python- Exprience - 6 months Automation- Exprience - 72 months Solution Architect- Exprience - Less than 1 year months Azure- Exprience - Less than 1 year months AWS- Exprience - Less than 1 year months,"company - DevOps description - Type: DevOps Engineer. Platform: AWS Cloud, Azure Cloud. Services: AWS EC2, RDS, CloudFormation Template, Lambda, Dynamo DB, Cloud Watch, Auto-scaling, Elastic Bean stalk, Appdynamics. Here I manage Tibco Spotfire enterprise & Cloud Product support. Being the only Ops member in India I got a chance to recruit & build entire team of 15 members. I also worked on 4 different Projects / products simultaneously and added the hired members into these products. My responsibilities in this"
R141,Arjun Sharma,BITS Pilani,1,Chennai,1,0,DotNet Developer,"Name: Arjun Sharma
College: BITS Pilani
City: Chennai
Employment Gap: None

TECHNICAL SKILLS â¢ Web Technologies: ASP .NET, HTML, CSS, Jquery. â¢ Languages: C, C++, C#.NET, MVC 5. â¢ Database: SQL SERVER 2005/2008/2016. â¢ Reporting Tools.: Kindo UI, Telerik functions, Crystal Report. â¢ Platforms: Visual Stadio 2010/2014. Education Details January 2014 B.E Satara, Maharashtra L.N.B.C.College of Engg Satara. January 2011 Diploma Thergaon Pune, Maharashtra M.M.Polytechnic Dot net developer Skill Details .NET- Exprience - 24 months ASP- Exprience - 24 months C#- Exprience - 24 months C++- Exprience - 6 months CRYSTAL REPORT- Exprience - 6 months Html- Exprience - Less than 1 year months Css- Exprience - Less than 1 year months Entityframewok,jquery,javascript- Exprience - Less than 1 year months Mvc- Exprience - 6 months Sql- Exprience - 24 monthsCompany Details company - Corecode technology description - Worked on web application using asp,c#,mvc as well as sql for database and also bootstrap,css,html for designing.created reports using kindo and telerik controls company - Inetsoft solution description - Created web application using asp and c# and also used sql for database.","January 2014 B.E Satara, Maharashtra L.N.B.C.College of Engg Satara. January 2011 Diploma Thergaon Pune, Maharashtra M.M.Polytechnic Dot net developer",found,".NET- Exprience - 24 months ASP- Exprience - 24 months C#- Exprience - 24 months C++- Exprience - 6 months CRYSTAL REPORT- Exprience - 6 months Html- Exprience - Less than 1 year months Css- Exprience - Less than 1 year months Entityframewok,jquery,javascript- Exprience - Less than 1 year months Mvc- Exprience - 6 months Sql- Exprience - 24 months","company - Corecode technology description - Worked on web application using asp,c#,mvc as well as sql for database and also bootstrap,css,html for designing.created reports using kindo and telerik controls company - Inetsoft solution description - Created web application using asp and c# and also used sql for database."
R142,Neha Kapoor,Indian Institute of Technology Roorkee,1,Delhi,1,0,DotNet Developer,"Name: Neha Kapoor
College: Indian Institute of Technology Roorkee
City: Delhi
Employment Gap: None

Participated in intra college cricket competition and various other sports events. Group dance in college cultural programme Education Details Msc Computer Science Pune, Maharashtra Pune University Bsc Computer Science Pune, Maharashtra Pune University HSC Semi-English Pune, Maharashtra Maharashatra Board SSC Semi-English Pune, Maharashtra Maharashatra Board DOT NET Developer Dot Net Developer Skill Details Asp.Net,C#, HTML, CSS, SQL- Exprience - 6 months Javascript- Exprience - Less than 1 year months sql server 2008/2012- Exprience - Less than 1 year monthsCompany Details company - description -","Msc Computer Science Pune, Maharashtra Pune University Bsc Computer Science Pune, Maharashtra Pune University HSC Semi-English Pune, Maharashtra Maharashatra Board SSC Semi-English Pune, Maharashtra Maharashatra Board DOT NET Developer Dot Net Developer",found,"Asp.Net,C#, HTML, CSS, SQL- Exprience - 6 months Javascript- Exprience - Less than 1 year months sql server 2008/2012- Exprience - Less than 1 year months",company - description -
R143,Neha Kapoor,NIT Tiruchirappalli,1,Hyderabad,1,0,Blockchain,"Name: Neha Kapoor
College: NIT Tiruchirappalli
City: Hyderabad
Employment Gap: None

Skills Strong CS fundamentals and problem solving Ethereum, Smart Contracts, Solidity skills Golang, Node, Angular, React Culturally fit for startup environment MongoDB, PostGresql, MySql Enthusiastic to learn new technologies AWS, Docker, Microservices Blockchain, Protocol, ConsensusEducation Details January 2014 M.Tech Computer Engineering Jaipur, Rajasthan Malaviya National Institute Of Technology Jaipur January 2011 B.E. Computer Science And Engg Kolhapur, Maharashtra Shivaji University Blockchain Engineer Blockchain Engineer - XINFIN Orgnization Skill Details MONGODB- Exprience - 16 months CONTRACTS- Exprience - 12 months MYSQL- Exprience - 9 months AWS- Exprience - 6 months PROBLEM SOLVING- Exprience - 6 monthsCompany Details company - XINFIN Orgnization description - Xinfin is a global open source Hybrid Blockchain protocol. Rolled out multiple blockchain based pilot projects on different use cases for various clients. Eg. Tradefinex (Supply chain Management), Land Registry (Govt of MH), inFactor (Invoice Factoring) Build a secure and scalable hosted wallet based on ERC 20 standards for XINFIN Network. Working on production level blockchain use cases. Technology: Ethereum","January 2014 M.Tech Computer Engineering Jaipur, Rajasthan Malaviya National Institute Of Technology Jaipur January 2011 B.E. Computer Science And Engg Kolhapur, Maharashtra Shivaji University Blockchain Engineer Blockchain Engineer - XINFIN Orgnization",found,MONGODB- Exprience - 16 months CONTRACTS- Exprience - 12 months MYSQL- Exprience - 9 months AWS- Exprience - 6 months PROBLEM SOLVING- Exprience - 6 months,"company - XINFIN Orgnization description - Xinfin is a global open source Hybrid Blockchain protocol. Rolled out multiple blockchain based pilot projects on different use cases for various clients. Eg. Tradefinex (Supply chain Management), Land Registry (Govt of MH), inFactor (Invoice Factoring) Build a secure and scalable hosted wallet based on ERC 20 standards for XINFIN Network. Working on production level blockchain use cases. Technology: Ethereum"
R144,Priya Nair,Indian Institute of Science Bangalore,1,Kolkata,1,0,Sales,"Name: Priya Nair
College: Indian Institute of Science Bangalore
City: Kolkata
Employment Gap: None

SKILLS 1. MS-Office 2. Good Communication skills and Convincing Power 3. Knowledge of sales and marketing 4. Customer sales management 5. Talent management 6. Direct sales management STRENGTHS 1. Dedication and dependability 2. Flexibility: able to work in taxing and demanding conditions on reasonably stretchable time slots 3. Team work: able to work cooperatively in a team and lead the team to success Education Details Sales manager Skill Details AND MARKETING- Exprience - 6 months DIRECT SALES- Exprience - 36 months MARKETING- Exprience - 6 months OF SALES- Exprience - 36 months SALES- Exprience - 36 monthsCompany Details company - Bajaj finance description - company - Bajaj finance description - SBI BANK AS A OFFICE ASSISTENCE FOR 1 YEAR K G N SHOPE AS A OFFICE ASSISTENCE 6 MONTH VODAFONE AS A TELLE CALLER 1 YEAR Bajaj Finserv Ltd AS An Assistant Sales Manager 11 MONTH Square Capital AS A Sales Manager 5 MONTH At present working in Bajaj Housing Finance Ltd AS An Assistant Sales Manager",Sales manager,found,AND MARKETING- Exprience - 6 months DIRECT SALES- Exprience - 36 months MARKETING- Exprience - 6 months OF SALES- Exprience - 36 months SALES- Exprience - 36 months,company - Bajaj finance description - company - Bajaj finance description - SBI BANK AS A OFFICE ASSISTENCE FOR 1 YEAR K G N SHOPE AS A OFFICE ASSISTENCE 6 MONTH VODAFONE AS A TELLE CALLER 1 YEAR Bajaj Finserv Ltd AS An Assistant Sales Manager 11 MONTH Square Capital AS A Sales Manager 5 MONTH At present working in Bajaj Housing Finance Ltd AS An Assistant Sales Manager
R145,Karan Mehta,Indian Institute of Technology Kharagpur,1,Pune,1,0,Business Analyst,"Name: Karan Mehta
College: Indian Institute of Technology Kharagpur
City: Pune
Employment Gap: None

Education Details February 2006 to February 2006 TYBCOM Commerce mumbai Business Analyst Business Analyst Skill Details Company Details company - Motilal Oswal description - Business Analyst Handling IT Operation for Institutional Equities Maintain Daily MIS in Excel for CAG, Research, Derivative, Sales team Preparing Auto Dashboard For Research, Sales, Trading team Working on Excel Macro to Create Innovative Report Working on Block Related Data Working on BD Fund from different GEO Working on Investors Corporate Meeting to track Corporate Block & Fund Interest in Sector company - FSS description - Project Description: Maintain and prepare cash indent, cash report, cash position, and cash planning Responsibilities: â¢ Maintain Daily MIS in excel. â¢ Provide complete information about MIS & ATM. â¢ Maintain and prepare cash indent, cash report, cash position., cash planning â¢ Co-ordinate with BANK CASH DEPARTMENT. â¢ Co-ordinate with custodians . DEGREE/ COURSE YEAR of PASSING GRADE INSTITUTE UNIVERSITY/ BOARD PERCENTAGE company - ANGEL BROKING description - Reporting: Assistant Manager / SR. Manger Responsibilities: â¢ Handling team of 14 Quality assurance team members â¢",February 2006 to February 2006 TYBCOM Commerce mumbai Business Analyst Business Analyst,found,,"company - Motilal Oswal description - Business Analyst Handling IT Operation for Institutional Equities Maintain Daily MIS in Excel for CAG, Research, Derivative, Sales team Preparing Auto Dashboard For Research, Sales, Trading team Working on Excel Macro to Create Innovative Report Working on Block Related Data Working on BD Fund from different GEO Working on Investors Corporate Meeting to track Corporate Block & Fund Interest in Sector company - FSS description - Project Description: Maintain and prepare cash indent, cash report, cash position, and cash planning Responsibilities: â¢ Maintain Daily MIS in excel. â¢ Provide complete information about MIS & ATM. â¢ Maintain and prepare cash indent, cash report, cash position., cash planning â¢ Co-ordinate with BANK CASH DEPARTMENT. â¢ Co-ordinate with custodians . DEGREE/ COURSE YEAR of PASSING GRADE INSTITUTE UNIVERSITY/ BOARD PERCENTAGE company - ANGEL BROKING description - Reporting: Assistant Manager / SR. Manger Responsibilities: â¢ Handling team of 14 Quality assurance team members â¢"
R146,Vikram Reddy,BITS Pilani,1,Bangalore,1,0,Web Designing,"Name: Vikram Reddy
College: BITS Pilani
City: Bangalore
Employment Gap: None

Education Details B.C.A Bachelor Computer Application Pune, Maharashtra Pune University H.S.C. Pune, Maharashtra Pune University S.S.C. Pune, Maharashtra Pune University Web Designing and Developer php Developer - Exposys Pvt. Ltd Skill Details Company Details company - Exposys Pvt. Ltd description - Technical Skills Web Development: HTML5, CSS3, Bootstrap, PHP, Ajax, Jquery, JavaScript. Database: MySQL. Development Tools: Notepad++, Sublime Text2. Framework: Codeigniter. Server: Apache tomcat, Xampp Control Panel. Operating Systems: Windows. company - Exposys Pvt. Ltd description - Pune. Augest 2017 to till date Project Details: Project-I: Pragat Bharat System Technologies Used: HTML, CSS, BOOTSTRAP, PHP, JQUERY, AJAX. Database Used: My SQL. Team size: 1 Position: Software Developer Synopsis: This project aim is specially design for people. It is used to collect information to diifernt sector. Project-II: Go Ayur System Technologies Used: HTML, CSS, BOOTSTRAP, PHP, JQUERY, AJAX. Database Used: My SQL. Team size: 2 Position: Software Developer Synopsis: Go Ayurveda Panchakarma center is one of most traditionally well established, professional and innovative providers of Classical","B.C.A Bachelor Computer Application Pune, Maharashtra Pune University H.S.C. Pune, Maharashtra Pune University S.S.C. Pune, Maharashtra Pune University Web Designing and Developer php Developer - Exposys Pvt. Ltd",found,"Web Development: HTML5, CSS3, Bootstrap, PHP, Ajax, Jquery, JavaScript. Database: MySQL. Development Tools: Notepad++, Sublime Text2. Framework: Codeigniter. Server: Apache tomcat, Xampp Control Panel. Operating Systems: Windows. company - Exposys Pvt. Ltd description - Pune. Augest 2017 to till date Project Details: Project-I: Pragat Bharat System Technologies Used: HTML, CSS, BOOTSTRAP, PHP, JQUERY, AJAX. Database Used: My SQL. Team size: 1 Position: Software Developer Synopsis: This project aim is specially design for people. It is used to collect information to diifernt sector. Project-II: Go Ayur System Technologies Used: HTML, CSS, BOOTSTRAP, PHP, JQUERY, AJAX. Database Used: My SQL. Team size: 2 Position: Software Developer Synopsis: Go Ayurveda Panchakarma center is one of most traditionally well established, professional and innovative providers of Classical","company - Exposys Pvt. Ltd description - Technical Skills Web Development: HTML5, CSS3, Bootstrap, PHP, Ajax, Jquery, JavaScript. Database: MySQL. Development Tools: Notepad++, Sublime Text2. Framework: Codeigniter. Server: Apache tomcat, Xampp Control Panel. Operating Systems: Windows. company - Exposys Pvt. Ltd description - Pune. Augest 2017 to till date Project Details: Project-I: Pragat Bharat System Technologies Used: HTML, CSS, BOOTSTRAP, PHP, JQUERY, AJAX. Database Used: My SQL. Team size: 1 Position: Software Developer Synopsis: This project aim is specially design for people. It is used to collect information to diifernt sector. Project-II: Go Ayur System Technologies Used: HTML, CSS, BOOTSTRAP, PHP, JQUERY, AJAX. Database Used: My SQL. Team size: 2 Position: Software Developer Synopsis: Go Ayurveda Panchakarma center is one of most traditionally well established, professional and innovative providers of Classical"
R147,Ananya Iyer,Indian Institute of Technology Roorkee,1,Pune,1,0,Data Science,"Name: Ananya Iyer
College: Indian Institute of Technology Roorkee
City: Pune
Employment Gap: None

Education Details B.Tech Rayat and Bahra Institute of Engineering and Biotechnology Data Science Data Science Skill Details Numpy- Exprience - Less than 1 year months Machine Learning- Exprience - Less than 1 year months Tensorflow- Exprience - Less than 1 year months Scikit- Exprience - Less than 1 year months Python- Exprience - Less than 1 year months GCP- Exprience - Less than 1 year months Pandas- Exprience - Less than 1 year months Neural Network- Exprience - Less than 1 year monthsCompany Details company - Wipro description - Bhawana Aggarwal E-Mail:bhawana.chd@gmail.com Phone: 09876971076 VVersatile, high-energy professional targeting challenging assignments in Machine PROFILE SUMMARY âª An IT professional with knowledge and experience of 2 years in Wipro Technologies in Machine Learning, Deep Learning, Data Science, Python, Software Development. âª Skilled in managing end-to-end development and software products / projects from inception, requirement specs, planning, designing, implementation, configuration and documentation. âª Knowledge on Python , Machine Learning, Deep Learning, data Science, Algorithms, Neural Network, NLP, GCP. âª Knowledge on Python Libraries",B.Tech Rayat and Bahra Institute of Engineering and Biotechnology Data Science Data Science,found,Numpy- Exprience - Less than 1 year months Machine Learning- Exprience - Less than 1 year months Tensorflow- Exprience - Less than 1 year months Scikit- Exprience - Less than 1 year months Python- Exprience - Less than 1 year months GCP- Exprience - Less than 1 year months Pandas- Exprience - Less than 1 year months Neural Network- Exprience - Less than 1 year months,"company - Wipro description - Bhawana Aggarwal E-Mail:bhawana.chd@gmail.com Phone: 09876971076 VVersatile, high-energy professional targeting challenging assignments in Machine PROFILE SUMMARY âª An IT professional with knowledge and experience of 2 years in Wipro Technologies in Machine Learning, Deep Learning, Data Science, Python, Software Development. âª Skilled in managing end-to-end development and software products / projects from inception, requirement specs, planning, designing, implementation, configuration and documentation. âª Knowledge on Python , Machine Learning, Deep Learning, data Science, Algorithms, Neural Network, NLP, GCP. âª Knowledge on Python Libraries"
R148,Rohan Gupta,NIT Tiruchirappalli,1,Kolkata,1,0,Electrical Engineering,"Name: Rohan Gupta
College: NIT Tiruchirappalli
City: Kolkata
Employment Gap: None

Education Details July 2016 to May 2019 BE Electrical And Electronics Engineering Bhopal, Madhya Pradesh RGPV July 2012 to May 2015 Diploma in Electrical Electrical Engineering Bhopal, Madhya Pradesh Rgpv university Bhopal Matric GHS BHULI Electrical Engineering Skill Details Basic Computer, Electrical Machine, Electrical wiring, Solar power Plant, Distribution Substation- Exprience - Less than 1 year monthsCompany Details company - Enigma Business Advisor description - Solar Energy 1. Solar power plant Installation 2. Maintenance Transmission and Distribution Line 1. Installation","July 2016 to May 2019 BE Electrical And Electronics Engineering Bhopal, Madhya Pradesh RGPV July 2012 to May 2015 Diploma in Electrical Electrical Engineering Bhopal, Madhya Pradesh Rgpv university Bhopal Matric GHS BHULI Electrical Engineering",found,"Basic Computer, Electrical Machine, Electrical wiring, Solar power Plant, Distribution Substation- Exprience - Less than 1 year months",company - Enigma Business Advisor description - Solar Energy 1. Solar power plant Installation 2. Maintenance Transmission and Distribution Line 1. Installation
R149,Karan Mehta,BITS Pilani,1,Mumbai,1,0,SAP Developer,"Name: Karan Mehta
College: BITS Pilani
City: Mumbai
Employment Gap: None

Skills: â¢ ETL â¢ Data Warehousing â¢ SQL/PL SQL â¢ Basic Core Java â¢ Basic Python Tools: â¢ SAP BODS â¢ SAP BO â¢ Oracle 11g â¢ Sybase Education Details August 2008 to July 2012 Bachelor of Engineering Navi Mumbai Panvel, Maharashtra Mumbai University June 2006 to May 2007 B.E Computer Engineering Navi Mumbai, Maharashtra Ryan International School SAP BO/BODS Developer/Administrator, Tata Consultancy Services Limited SAP BP/BODS Developer/Administrator, Tata Consultancy - SAP BODS Skill Details DATA WAREHOUSING- Exprience - 6 months SAP BO ADMIN- Exprience - Less than 1 year months SAP BODS- Exprience - Less than 1 year months ETL- Exprience - Less than 1 year months BASIC CORE JAVA- Exprience - Less than 1 year months SAP BO- Exprience - Less than 1 year months SAP BODS ADMIN- Exprience - Less than 1 year months BASIC PYTHON- Exprience - Less than 1 year monthsCompany Details company - SAP BODS description - â¢ Client: Royal Bank of Canada â¢ Developed BODS jobs and created/modified packages during migration from Sybase to Oracle Database. â¢ Taking up regular performance enhancement activities by co-coordinating with other teams like database team, Server Team,","August 2008 to July 2012 Bachelor of Engineering Navi Mumbai Panvel, Maharashtra Mumbai University June 2006 to May 2007 B.E Computer Engineering Navi Mumbai, Maharashtra Ryan International School SAP BO/BODS Developer/Administrator, Tata Consultancy Services Limited SAP BP/BODS Developer/Administrator, Tata Consultancy - SAP BODS",found,DATA WAREHOUSING- Exprience - 6 months SAP BO ADMIN- Exprience - Less than 1 year months SAP BODS- Exprience - Less than 1 year months ETL- Exprience - Less than 1 year months BASIC CORE JAVA- Exprience - Less than 1 year months SAP BO- Exprience - Less than 1 year months SAP BODS ADMIN- Exprience - Less than 1 year months BASIC PYTHON- Exprience - Less than 1 year months,"company - SAP BODS description - â¢ Client: Royal Bank of Canada â¢ Developed BODS jobs and created/modified packages during migration from Sybase to Oracle Database. â¢ Taking up regular performance enhancement activities by co-coordinating with other teams like database team, Server Team,"
R150,Vikram Reddy,Indian Institute of Science Bangalore,1,Chennai,1,0,Business Analyst,"Name: Vikram Reddy
College: Indian Institute of Science Bangalore
City: Chennai
Employment Gap: None

IT Skills: Area Exposure Modeling Tool: Bizagi, MS Visio Prototyping Tool: Indigo Studio. Documentation: MS Office (MS Word, MS Excel, MS Power Point) Testing Proficiency: Smoke, Sanity, Integration, Functional, Acceptance and UI Methodology implemented: Waterfall, Agile (Scrum) Database: SQL Testing Tool: HPQC Business Exposure Education Details Bachelor Of Computer Engineering Computer Engineering Mumbai, Maharashtra Thadomal Shahani Engineering college Diploma Computer Engineering Ulhasnagar, Maharashtra Institute of Technology Secondary School Certificate Ulhasnagar, Maharashtra New English High School Senior Business Analyst - RPA Senior Business Analyst - RPA - Hexaware Technologies Skill Details DOCUMENTATION- Exprience - 47 months TESTING- Exprience - 29 months INTEGRATION- Exprience - 25 months INTEGRATOR- Exprience - 25 months PROTOTYPE- Exprience - 13 monthsCompany Details company - Hexaware Technologies description - Working as a RPA Business Analyst company - BBH- Brown Brothers Harriman & Co description - is a private bank that provides commercial banking, investment management, brokerage, and trust services to private companies and individuals. It also performs","Bachelor Of Computer Engineering Computer Engineering Mumbai, Maharashtra Thadomal Shahani Engineering college Diploma Computer Engineering Ulhasnagar, Maharashtra Institute of Technology Secondary School Certificate Ulhasnagar, Maharashtra New English High School Senior Business Analyst - RPA Senior Business Analyst - RPA - Hexaware Technologies",found,DOCUMENTATION- Exprience - 47 months TESTING- Exprience - 29 months INTEGRATION- Exprience - 25 months INTEGRATOR- Exprience - 25 months PROTOTYPE- Exprience - 13 months,"company - Hexaware Technologies description - Working as a RPA Business Analyst company - BBH- Brown Brothers Harriman & Co description - is a private bank that provides commercial banking, investment management, brokerage, and trust services to private companies and individuals. It also performs"
R151,Karan Mehta,NIT Tiruchirappalli,1,Hyderabad,1,0,DotNet Developer,"Name: Karan Mehta
College: NIT Tiruchirappalli
City: Hyderabad
Employment Gap: None

Technical Skills â¢ Languages: C#, ASP .NET MVC, HTML, CSS, JavaScript, AngularJs â¢ Primary Skill: Entity Framework. â¢ Tools Used: SQL Server 14, Visual Studio 13. Project Details: 1.Project Name: Transport Management System Role: Dot Net Developer Platform Used: MVC, AngularJs, SQL Server Description: This project is about the Transport Management System. This project is used to keeps all the record of the Vehicle, Customer, Employee. Reduce costs with centralized planning and execution of logistics activities. Vehicle owner can add his vehicle for rent of the specific day into the application from their location. Admin can easily access the data of Vehicle, Customer & Employee. Responsibilities: Used 3-tier architecture for presentation layer, the Business and Data Access Layers and were coded using C# as per user Requirements. Make changes in the project with discussing the group for new requirement. Work on Customer and Vehicle model. 2.Project Name: CRM Role: Dot Net Developer Platform Used: MVC, SQL Server Description: It's kind of CRM Application where a training institute can easily track their student data. where we have different user store or access and utilise to",,not_available,"â¢ Languages: C#, ASP .NET MVC, HTML, CSS, JavaScript, AngularJs â¢ Primary Skill: Entity Framework. â¢ Tools Used: SQL Server 14, Visual Studio 13. Project Details: 1.Project Name: Transport Management System Role: Dot Net Developer Platform Used: MVC, AngularJs, SQL Server Description: This project is about the Transport Management System. This project is used to keeps all the record of the Vehicle, Customer, Employee. Reduce costs with centralized planning and execution of logistics activities. Vehicle owner can add his vehicle for rent of the specific day into the application from their location. Admin can easily access the data of Vehicle, Customer & Employee. Responsibilities: Used 3-tier architecture for presentation layer, the Business and Data Access Layers and were coded using C# as per user Requirements. Make changes in the project with discussing the group for new requirement. Work on Customer and Vehicle model. 2.Project Name: CRM Role: Dot Net Developer Platform Used: MVC, SQL Server Description: It's kind of CRM Application where a training institute can easily track their student data. where we have different user store or access and utilise to",
R152,Divya Rao,Indian Institute of Technology Guwahati,1,Ahmedabad,1,0,DotNet Developer,"Name: Divya Rao
College: Indian Institute of Technology Guwahati
City: Ahmedabad
Employment Gap: None

Technical Skills CATEGORY SKILLS Language C, C#, OOP, Dot Net Technologies ASP.Net MVC, ADO.Net, Entity Framework, LINQ Web Technologies HTML, CSS Browser Scripting JavaScript, Jquery, Ajax, JSON Web Browser Internet Explorer 8.0, Mozilla Firefox10 Front-end-framework Bootstrap, Kendo UI Database SQL Server 2012 Development Tools Visual Studio 2013 Operating Systems MS Window 2007 Project Details Projects Worked On: 1. Project Name: Politician Website Role: Trainee Project Description: I developed Politician website. In this website there is Home Page, Quick Facts, Category, Biography, Gallery, and ContactUs Page. It is a totally dynamic website. Environment: Operating System: Windows 7 Development Tools: Visual Studio 2013 Database Server: SQL Server 2012 Technology: .NET Framework 4.5, ASP.Net MVC5 Presentation Layer: HTML, CSS, Jquery, Bootstrap Role and Responsibilities: â¢ Understanding requirements, Coding and unit testing. 2. Project Name: Coaching Management System (CMS) Project Description: This software is helps to manage institute (Student, Teacher, Courses, Batches, Fees, Attendance, and Marks) . Provide easy reports like outstanding Fees, Marks, and Attendance etc.",,not_available,"CATEGORY SKILLS Language C, C#, OOP, Dot Net Technologies ASP.Net MVC, ADO.Net, Entity Framework, LINQ Web Technologies HTML, CSS Browser Scripting JavaScript, Jquery, Ajax, JSON Web Browser Internet Explorer 8.0, Mozilla Firefox10 Front-end-framework Bootstrap, Kendo UI Database SQL Server 2012 Development Tools Visual Studio 2013 Operating Systems MS Window 2007 Project Details Projects Worked On: 1. Project Name: Politician Website Role: Trainee Project Description: I developed Politician website. In this website there is Home Page, Quick Facts, Category, Biography, Gallery, and ContactUs Page. It is a totally dynamic website. Environment: Operating System: Windows 7 Development Tools: Visual Studio 2013 Database Server: SQL Server 2012 Technology: .NET Framework 4.5, ASP.Net MVC5 Presentation Layer: HTML, CSS, Jquery, Bootstrap Role and Responsibilities: â¢ Understanding requirements, Coding and unit testing. 2. Project Name: Coaching Management System (CMS) Project Description: This software is helps to manage institute (Student, Teacher, Courses, Batches, Fees, Attendance, and Marks) . Provide easy reports like outstanding Fees, Marks, and Attendance etc.",
R153,Ananya Iyer,BITS Pilani,1,Ahmedabad,1,0,SAP Developer,"Name: Ananya Iyer
College: BITS Pilani
City: Ahmedabad
Employment Gap: None

Education Details January 2016 Bachelor Of Engineering LEAN PROJECTS Mumbai, Maharashtra Mumbai University January 2013 Diploma Computer Engineering Ratnagiri, Maharashtra Maharashtra State Board of Technical Education SAP CONSULTANT SAP CONSULTANT - Quick Learner Skill Details Company Details company - Quick Learner description - Groomed skills with Microsoft Excel. Job Responsibilities: Working on Centralized SAP Security project which includes User â¢ VBA programming for automation. Level authorizations including Role creation and changes. and Compliance policy maintenance for SAP systems. â¢ Confidence and Positive Attitude. Assisting users in troubleshooting and identifying authorization issues using SU53 and trace analysis. Willingness to learn & work in team. Working on GRC 10.X Access Control application and all its component. â¢ Strong analytical thinking, documentation and design skills Assisting in defining the scope of a project/opportunities, estimating efforts and project timelines. Hands on experience in SAP Market Place for creating User / â¢ Adaptable to new environment, with ability to get along with OSS Ids/Developer Keys. people.","January 2016 Bachelor Of Engineering LEAN PROJECTS Mumbai, Maharashtra Mumbai University January 2013 Diploma Computer Engineering Ratnagiri, Maharashtra Maharashtra State Board of Technical Education SAP CONSULTANT SAP CONSULTANT - Quick Learner",found,,"company - Quick Learner description - Groomed skills with Microsoft Excel. Job Responsibilities: Working on Centralized SAP Security project which includes User â¢ VBA programming for automation. Level authorizations including Role creation and changes. and Compliance policy maintenance for SAP systems. â¢ Confidence and Positive Attitude. Assisting users in troubleshooting and identifying authorization issues using SU53 and trace analysis. Willingness to learn & work in team. Working on GRC 10.X Access Control application and all its component. â¢ Strong analytical thinking, documentation and design skills Assisting in defining the scope of a project/opportunities, estimating efforts and project timelines. Hands on experience in SAP Market Place for creating User / â¢ Adaptable to new environment, with ability to get along with OSS Ids/Developer Keys. people."
R154,Rohan Gupta,Indian Institute of Technology Delhi,1,Kolkata,1,0,HR,"Name: Rohan Gupta
College: Indian Institute of Technology Delhi
City: Kolkata
Employment Gap: None

Education Details June 2012 to May 2015 B.A Economics Chennai, Tamil Nadu Sdnbvc Hr Skill Details Company Details company - Anything IT Solution description - Hr","June 2012 to May 2015 B.A Economics Chennai, Tamil Nadu Sdnbvc Hr",found,,company - Anything IT Solution description - Hr
R155,Aditya Verma,NIT Tiruchirappalli,1,Hyderabad,1,0,HR,"Name: Aditya Verma
College: NIT Tiruchirappalli
City: Hyderabad
Employment Gap: None

KEY SKILLS: â¢ Computerized accounting with tally â¢ Sincere & hard working â¢ Management accounting & income tax â¢ Good communication & leadership â¢ Two and four wheeler driving license â¢ Internet & Ecommerce management COMPUTER SKILLS: â¢ C Language â¢ Web programing â¢ Tally â¢ Dbms Education Details June 2017 to June 2019 Mba Finance/hr India Mlrit June 2014 to June 2017 Bcom Computer Hyderabad, Telangana Osmania university June 2012 to April 2014 Inter MEC India Srimedhav Hr Nani Skill Details accounting- Exprience - 6 months DATABASE MANAGEMENT SYSTEM- Exprience - 6 months Dbms- Exprience - 6 months Management accounting- Exprience - 6 months Ecommerce- Exprience - 6 monthsCompany Details company - Valuelabs description - They will give the RRF form the required DLT then the hand over to RLT then scrum master will take the form from the RLT then scrum master will give the forms to trainee which we can work on the requirement till the candidate receive the offer from the company","June 2017 to June 2019 Mba Finance/hr India Mlrit June 2014 to June 2017 Bcom Computer Hyderabad, Telangana Osmania university June 2012 to April 2014 Inter MEC India Srimedhav Hr Nani",found,accounting- Exprience - 6 months DATABASE MANAGEMENT SYSTEM- Exprience - 6 months Dbms- Exprience - 6 months Management accounting- Exprience - 6 months Ecommerce- Exprience - 6 months,company - Valuelabs description - They will give the RRF form the required DLT then the hand over to RLT then scrum master will take the form from the RLT then scrum master will give the forms to trainee which we can work on the requirement till the candidate receive the offer from the company
R156,Priya Nair,Indian Institute of Technology Kanpur,1,Kolkata,1,0,Health and fitness,"Name: Priya Nair
College: Indian Institute of Technology Kanpur
City: Kolkata
Employment Gap: None

Education Details May 2014 Diploma Nutrition Education Bengaluru, Karnataka IGNOU University June 2004 Bachelor of Science Clinical Nutrition and Dietetics Bengaluru, Karnataka Smt. VHD Institute of HomeScience Health and wellness coach Advance PG diploma in Clinical research, Clinical data management and SAS Skill Details Company Details company - GOQii Technologies Ltd description - â¢ Motivate players (i.e. GOQii subscribers) to make a permanent shift to a healthier lifestyle and enhance health, nutrition and karma â¢ Track and analyse player's lifestyle and fitness data captured through the GOQii band. â¢ Design custom wellness/fitness goals mutually with players and coach them in meeting these goals. â¢ Interact with GOQii Players on a daily basis via GOQii App text/audio. company - description - VIA Health Marketing & Innovations â¢ Viamedia health had jointly organized a National Campaign of Maternal Nutrition Evaluation with GlaxoSmithKline-Consumer Healthcare. â¢ Conduct Maternal Nutritional Counselling Camps with practicing Gynaecologists at different hospitals/clinics allotted by the medical representative. â¢ Conveying the Importance of every nutrient required","May 2014 Diploma Nutrition Education Bengaluru, Karnataka IGNOU University June 2004 Bachelor of Science Clinical Nutrition and Dietetics Bengaluru, Karnataka Smt. VHD Institute of HomeScience Health and wellness coach Advance PG diploma in Clinical research, Clinical data management and SAS",found,,"company - GOQii Technologies Ltd description - â¢ Motivate players (i.e. GOQii subscribers) to make a permanent shift to a healthier lifestyle and enhance health, nutrition and karma â¢ Track and analyse player's lifestyle and fitness data captured through the GOQii band. â¢ Design custom wellness/fitness goals mutually with players and coach them in meeting these goals. â¢ Interact with GOQii Players on a daily basis via GOQii App text/audio. company - description - VIA Health Marketing & Innovations â¢ Viamedia health had jointly organized a National Campaign of Maternal Nutrition Evaluation with GlaxoSmithKline-Consumer Healthcare. â¢ Conduct Maternal Nutritional Counselling Camps with practicing Gynaecologists at different hospitals/clinics allotted by the medical representative. â¢ Conveying the Importance of every nutrient required"
R157,Ananya Iyer,Indian Institute of Technology Kanpur,1,Bangalore,1,0,ETL Developer,"Name: Ananya Iyer
College: Indian Institute of Technology Kanpur
City: Bangalore
Employment Gap: None

TechnicalProficiencies DB: Oracle 11g Domains: Investment Banking, Advertising, Insurance. Programming Skills: SQL, PLSQL BI Tools: Informatica 9.1 OS: Windows, Unix Professional Development Trainings â¢ Concepts in Data Warehousing, Business Intelligence, ETL. â¢ BI Tools -Informatica 9X Education Details BCA Nanded, Maharashtra Nanded University ETL Developer ETL Developer - Sun Trust Bank NY Skill Details ETL- Exprience - 39 months EXTRACT, TRANSFORM, AND LOAD- Exprience - 39 months INFORMATICA- Exprience - 39 months ORACLE- Exprience - 39 months UNIX- Exprience - 39 monthsCompany Details company - Sun Trust Bank NY description - Sun Trust Bank, NY JAN 2018 to present Client: Sun Trust Bank NY Environment: Informatica Power Center 9.1, Oracle 11g, unix. Role: ETL Developer Project Profile: Sun Trust Bank is a US based multinational financial services holding company, headquarters in NY that operates the Bank in New York and other financial services investments. The company is organized as a stock corporation with four divisions: investment banking, private banking, Retail banking and a shared services group that provides Financial services and support to the other divisions.","BCA Nanded, Maharashtra Nanded University ETL Developer ETL Developer - Sun Trust Bank NY",found,"ETL- Exprience - 39 months EXTRACT, TRANSFORM, AND LOAD- Exprience - 39 months INFORMATICA- Exprience - 39 months ORACLE- Exprience - 39 months UNIX- Exprience - 39 months","company - Sun Trust Bank NY description - Sun Trust Bank, NY JAN 2018 to present Client: Sun Trust Bank NY Environment: Informatica Power Center 9.1, Oracle 11g, unix. Role: ETL Developer Project Profile: Sun Trust Bank is a US based multinational financial services holding company, headquarters in NY that operates the Bank in New York and other financial services investments. The company is organized as a stock corporation with four divisions: investment banking, private banking, Retail banking and a shared services group that provides Financial services and support to the other divisions."
R158,Arjun Sharma,Indian Institute of Technology Bombay,1,Chennai,1,0,DevOps Engineer,"Name: Arjun Sharma
College: Indian Institute of Technology Bombay
City: Chennai
Employment Gap: None

Skills VISA B1-VISA (USA) Onsite Visits to Sweden & US (Seattle) Education Details January 2013 Post Graduate Diploma Information Technology Pune, Maharashtra Symbiosis Institute January 2007 Bachelor of Engineering Electronics and Telecommunications Pune, Maharashtra Pune University Cloud Operations Architect (DevOps) Cloud Operations Architect (DevOps) - DevOps Skill Details Cloud Computing- Exprience - 48 months Shell Scripting- Exprience - 96 months Python- Exprience - 6 months Automation- Exprience - 72 months Solution Architect- Exprience - Less than 1 year months Azure- Exprience - Less than 1 year months AWS- Exprience - Less than 1 year monthsCompany Details company - DevOps description - Type: DevOps Engineer. Platform: AWS Cloud, Azure Cloud. Services: AWS EC2, RDS, CloudFormation Template, Lambda, Dynamo DB, Cloud Watch, Auto-scaling, Elastic Bean stalk, Appdynamics. Here I manage Tibco Spotfire enterprise & Cloud Product support. Being the only Ops member in India I got a chance to recruit & build entire team of 15 members. I also worked on 4 different Projects / products simultaneously and added the hired members into these products. My responsibilities in this","January 2013 Post Graduate Diploma Information Technology Pune, Maharashtra Symbiosis Institute January 2007 Bachelor of Engineering Electronics and Telecommunications Pune, Maharashtra Pune University Cloud Operations Architect (DevOps) Cloud Operations Architect (DevOps) - DevOps",found,Cloud Computing- Exprience - 48 months Shell Scripting- Exprience - 96 months Python- Exprience - 6 months Automation- Exprience - 72 months Solution Architect- Exprience - Less than 1 year months Azure- Exprience - Less than 1 year months AWS- Exprience - Less than 1 year months,"company - DevOps description - Type: DevOps Engineer. Platform: AWS Cloud, Azure Cloud. Services: AWS EC2, RDS, CloudFormation Template, Lambda, Dynamo DB, Cloud Watch, Auto-scaling, Elastic Bean stalk, Appdynamics. Here I manage Tibco Spotfire enterprise & Cloud Product support. Being the only Ops member in India I got a chance to recruit & build entire team of 15 members. I also worked on 4 different Projects / products simultaneously and added the hired members into these products. My responsibilities in this"
R159,Divya Rao,NIT Tiruchirappalli,1,Delhi,1,0,Advocate,"Name: Divya Rao
College: NIT Tiruchirappalli
City: Delhi
Employment Gap: None

Skills Legal Writing Efficient researcher Legal Education Family Law Criminal Defence Environment law and litigation Business legal issue Banking Law and commercial lawEducation Details January 2014 LLM Criminology Pune, Maharashtra University of Pune January 2012 LLB Law Pune, Maharashtra University of Pune January 2012 Diploma Labour Law Pune, Maharashtra University of Pune Advocate Advocate Skill Details LEGAL WRITING- Exprience - 6 months LITIGATION- Exprience - 6 monthsCompany Details company - Family, Criminal in District and Session Court description - Legal consultancy services for Co-operative Banks, Scheduled Banks and Private Banks Clients Federal Bank (Chinchwad, Pune) Bharat Co-Operative Bank (Chinchwad, Pune) ICICI Bank Scope of work Finalising Loan Agreements, Mortgage agreement, Release Deed and Notice of Intimation, Title Deed, Search Report DRT cases Legal notices for recovery of dues, Filing Summary suits Paper Notice, Power of Attorney Indemnity bond Family Law Legal Consultancy and representation for matters relating to Family disputes such as Marriage and Divorce, Succession, Adoption etc. Lok Adalat Panel Judicial Member - Four Times","January 2014 LLM Criminology Pune, Maharashtra University of Pune January 2012 LLB Law Pune, Maharashtra University of Pune January 2012 Diploma Labour Law Pune, Maharashtra University of Pune Advocate Advocate",found,LEGAL WRITING- Exprience - 6 months LITIGATION- Exprience - 6 months,"company - Family, Criminal in District and Session Court description - Legal consultancy services for Co-operative Banks, Scheduled Banks and Private Banks Clients Federal Bank (Chinchwad, Pune) Bharat Co-Operative Bank (Chinchwad, Pune) ICICI Bank Scope of work Finalising Loan Agreements, Mortgage agreement, Release Deed and Notice of Intimation, Title Deed, Search Report DRT cases Legal notices for recovery of dues, Filing Summary suits Paper Notice, Power of Attorney Indemnity bond Family Law Legal Consultancy and representation for matters relating to Family disputes such as Marriage and Divorce, Succession, Adoption etc. Lok Adalat Panel Judicial Member - Four Times"
R160,Divya Rao,Indian Institute of Technology Roorkee,1,Chennai,1,0,Java Developer,"Name: Divya Rao
College: Indian Institute of Technology Roorkee
City: Chennai
Employment Gap: None

TECHNICAL STRENGTHS Computer Language Java/J2EE, Swift, HTML, Shell script, MySQL Databases MySQL Tools SVN, Jenkins, Hudson, Weblogic12c Software Android Studio, Eclipse, Oracle, Xcode Operating Systems Win 10, Mac (High Sierra) Education Details June 2016 B.E. Information Technology Goregaon, MAHARASHTRA, IN Vidyalankar Institute of Technology May 2013 Mumbai, Maharashtra Thakur Polytechnic May 2010 Mumbai, Maharashtra St. John's Universal School Java developer Java developer - Tech Mahindra Skill Details JAVA- Exprience - 21 months MYSQL- Exprience - 21 months DATABASES- Exprience - 17 months J2EE- Exprience - 17 months ANDROID- Exprience - 6 monthsCompany Details company - Tech Mahindra description - Team Size: 5 Environment: Java, Mysql, Shell script. Webserver: Jenkins. Description: OR-Formatter is an application which takes the input file as Geneva Modified File GMF from Geneva server and reads the data to generate Bill backup and Bill Invoices for Client customers of BT. These invoices would be sent across to all the clients after billing. Contribution: â¢ Played the role of Java developer involved in applying change request to current modules. â¢ Worked on requirement","June 2016 B.E. Information Technology Goregaon, MAHARASHTRA, IN Vidyalankar Institute of Technology May 2013 Mumbai, Maharashtra Thakur Polytechnic May 2010 Mumbai, Maharashtra St. John's Universal School Java developer Java developer - Tech Mahindra",found,JAVA- Exprience - 21 months MYSQL- Exprience - 21 months DATABASES- Exprience - 17 months J2EE- Exprience - 17 months ANDROID- Exprience - 6 months,"company - Tech Mahindra description - Team Size: 5 Environment: Java, Mysql, Shell script. Webserver: Jenkins. Description: OR-Formatter is an application which takes the input file as Geneva Modified File GMF from Geneva server and reads the data to generate Bill backup and Bill Invoices for Client customers of BT. These invoices would be sent across to all the clients after billing. Contribution: â¢ Played the role of Java developer involved in applying change request to current modules. â¢ Worked on requirement"
R161,Karan Mehta,Indian Institute of Technology Guwahati,1,Pune,1,0,ETL Developer,"Name: Karan Mehta
College: Indian Institute of Technology Guwahati
City: Pune
Employment Gap: None

Education Details January 2015 Bachelor of Engineering EXTC Mumbai, Maharashtra Mumbai University January 2012 Diploma Industrial Electronics Vashi, MAHARASHTRA, IN Fr. Agnel Polytechnic ETL Developer ETL Developer Skill Details informatica- Exprience - 36 monthsCompany Details company - Blue Shield of California description - Duration: (Mar 2016 - Sept 2017) Description: Blue Shield of California (BSC) is health plan provider. The intent of this project is to process feeds coming in and going out of BSC system related to eligibility, enrollment, and claims subject areas. All these feeds comes in different formats and are processed using Informatica 9.6.1, Oracle 11g, Facets 5.0 &Tidal. Technical environment: ETL tool (Informatica power Center 9.6.1), Oracle 11g (SQL, PL-SQL), UNIX, Facets, Tidal, JIRA, Putty. Role: ETL Developer Responsibilities: â¢ Responsible for analyzing the business requirement document â¢ Involved in development of Informatica mappings using different transformations like source qualifier, expression, filter, router, joiner, union, aggregator, normalizer, sorter, lookup and its corresponding sessions and workflows. â¢ Extensively used Informatica","January 2015 Bachelor of Engineering EXTC Mumbai, Maharashtra Mumbai University January 2012 Diploma Industrial Electronics Vashi, MAHARASHTRA, IN Fr. Agnel Polytechnic ETL Developer ETL Developer",found,informatica- Exprience - 36 months,"company - Blue Shield of California description - Duration: (Mar 2016 - Sept 2017) Description: Blue Shield of California (BSC) is health plan provider. The intent of this project is to process feeds coming in and going out of BSC system related to eligibility, enrollment, and claims subject areas. All these feeds comes in different formats and are processed using Informatica 9.6.1, Oracle 11g, Facets 5.0 &Tidal. Technical environment: ETL tool (Informatica power Center 9.6.1), Oracle 11g (SQL, PL-SQL), UNIX, Facets, Tidal, JIRA, Putty. Role: ETL Developer Responsibilities: â¢ Responsible for analyzing the business requirement document â¢ Involved in development of Informatica mappings using different transformations like source qualifier, expression, filter, router, joiner, union, aggregator, normalizer, sorter, lookup and its corresponding sessions and workflows. â¢ Extensively used Informatica"
R162,Ananya Iyer,Indian Institute of Technology Madras,1,Mumbai,1,0,DevOps Engineer,"Name: Ananya Iyer
College: Indian Institute of Technology Madras
City: Mumbai
Employment Gap: None

Software Proficiency: â¢ Languages: Basics of C, SQL, PL/SQL,JAVA,JAVAEE,Javascript,HTML,CSS,jquery,mysql,Spring ,Hibernate. â¢ Software Tools: Xillinx, Modelsim, Matlab, Multisim. â¢ Operating Systems: Windows XP, Vista, 07, 08, Ubuntu. Project Profile: B.E. Project FPGA Implementation of Team Size: 4. Role: Programmer. AES Algorithm AES is Advanced Encryption Standard which is used in cryptography by which we can protect our data. It encrypted by a Secret Key. T.E. project Sorting Robot. Team Size: 3. Role: Mechanism designer. The TCS 230 sensor sorts the RGB color balls according to their color. Diploma Project RFID Based Student Team Size: 4. Role: Interface. Attendance System Using GSM. In this student show RFID card of his own and then message send via GSM to their parent that his ward is present.Education Details May 2016 B.E. Savitribai Phule Pune, Maharashtra Pune University March 2010 S.S.C Maharashtra Board DevOps Engineer Skill Details C- Exprience - 6 months C++- Exprience - 6 months Sql- Exprience - 6 months Pl/Sql- Exprience - 6 months Core Java- Exprience - 6 months Javascript- Exprience - Less than 1 year months HTML- Exprience - Less than 1 year months CSS-","May 2016 B.E. Savitribai Phule Pune, Maharashtra Pune University March 2010 S.S.C Maharashtra Board DevOps Engineer",found,C- Exprience - 6 months C++- Exprience - 6 months Sql- Exprience - 6 months Pl/Sql- Exprience - 6 months Core Java- Exprience - 6 months Javascript- Exprience - Less than 1 year months HTML- Exprience - Less than 1 year months CSS-,
R163,Priya Nair,Indian Institute of Technology Roorkee,1,Chennai,1,0,Hadoop,"Name: Priya Nair
College: Indian Institute of Technology Roorkee
City: Chennai
Employment Gap: None

Skill Set: Hadoop, Map Reduce, HDFS, Hive, Sqoop, java. Duration: 2016 to 2017. Role: Hadoop Developer Rplus offers an quick, simple and powerful cloud based Solution, Demand Sense to accurately predict demand for your product in all your markets which Combines Enterprise and External Data to predict demand more accurately through Uses Social Conversation and Sentiments to derive demand and Identifies significant drivers of sale out of hordes of factors that Selects the best suited model out of multiple forecasting models for each product. Responsibilities: â¢ Involved in deploying the product for customers, gathering requirements and algorithm optimization at backend of the product. â¢ Load and transform Large Datasets of structured semi structured. â¢ Responsible to manage data coming from different sources and application â¢ Supported Map Reduce Programs those are running on the cluster â¢ Involved in creating Hive tables, loading with data and writing hive queries which will run internally in map reduce way.Education Details Hadoop Developer Hadoop Developer - Braindatawire Skill Details APACHE HADOOP HDFS- Exprience - 49 months APACHE HADOOP SQOOP- Exprience - 49 months",Hadoop Developer Hadoop Developer - Braindatawire,found,APACHE HADOOP HDFS- Exprience - 49 months APACHE HADOOP SQOOP- Exprience - 49 months,
R164,Rohan Gupta,BITS Pilani,1,Ahmedabad,1,0,DotNet Developer,"Name: Rohan Gupta
College: BITS Pilani
City: Ahmedabad
Employment Gap: None

Participated in intra college cricket competition and various other sports events. Group dance in college cultural programme Education Details Msc Computer Science Pune, Maharashtra Pune University Bsc Computer Science Pune, Maharashtra Pune University HSC Semi-English Pune, Maharashtra Maharashatra Board SSC Semi-English Pune, Maharashtra Maharashatra Board DOT NET Developer Dot Net Developer Skill Details Asp.Net,C#, HTML, CSS, SQL- Exprience - 6 months Javascript- Exprience - Less than 1 year months sql server 2008/2012- Exprience - Less than 1 year monthsCompany Details company - description -","Msc Computer Science Pune, Maharashtra Pune University Bsc Computer Science Pune, Maharashtra Pune University HSC Semi-English Pune, Maharashtra Maharashatra Board SSC Semi-English Pune, Maharashtra Maharashatra Board DOT NET Developer Dot Net Developer",found,"Asp.Net,C#, HTML, CSS, SQL- Exprience - 6 months Javascript- Exprience - Less than 1 year months sql server 2008/2012- Exprience - Less than 1 year months",company - description -
R165,Arjun Sharma,BITS Pilani,1,Chennai,1,0,Health and fitness,"Name: Arjun Sharma
College: BITS Pilani
City: Chennai
Employment Gap: None

Education Details January 1992 to January 2003 First year Science Mumbai, Maharashtra St micheal high Personal fitness trainer level3 personal trainer Skill Details Company Details company - Golds gym ,fitness solution,flora hotel description - Certification : american college of sports science golds gym heart saver reps level 3 Responsibilities To obtain a challenging position which will commensurate with my qualification and experience in the field of health and fitness environment. Accomplishments Good Skills Used Fitness","January 1992 to January 2003 First year Science Mumbai, Maharashtra St micheal high Personal fitness trainer level3 personal trainer",found,,"company - Golds gym ,fitness solution,flora hotel description - Certification : american college of sports science golds gym heart saver reps level 3 Responsibilities To obtain a challenging position which will commensurate with my qualification and experience in the field of health and fitness environment. Accomplishments Good Skills Used Fitness"
R166,Priya Nair,Indian Institute of Technology Guwahati,1,Bangalore,1,0,Sales,"Name: Priya Nair
College: Indian Institute of Technology Guwahati
City: Bangalore
Employment Gap: None

KEY SKILLS: â¢ Planning & Strategizing â¢ Presentation skill â¢ Client relationship â¢ Energy level â¢ Enquiry Generation â¢ Achieving Targets QUALIFICATIONS: A university in marketing or business studies is preferred or a minimum of three years of related experience in sales & marketing sector. Problem - solving and analytical skills to interpret sales performance and market trend information. Proven ability to motivate and lead the sales team. Experience in developing marketing and sales strategies. Excellent oral and written communication skills, plus a good working knowledge of Microsoft Office. Computer KNOWLEDGE â¢ Knowledge of MS Excel, MS Word, MS PowerPoint achievements and Interests â¢ I played Cricket for National Team (Maharashtra Cricket Association) â¢ Played Regional level Cricket Tournament Thee times for School team â¢ Worked as a Sports Secretary in college annual meet. â¢ Worked as a volunteer for road show in POONA College. â¢ Worked as a Group leader for college presentation. â¢ My Interest are Learning various computers languages & Tricks and Techniques of computer and Playing Cricket. personal Information . Education Details MBA Operations Dr.",MBA Operations Dr.,found,,
R167,Divya Rao,BITS Pilani,1,Hyderabad,1,0,Electrical Engineering,"Name: Divya Rao
College: BITS Pilani
City: Hyderabad
Employment Gap: None

â¢ Achievement oriented with people management skills and an ability to manage change with ease. â¢ Proven strength in problem solving, coordination and analysis. â¢ Strong communication, interpersonal, learning and organizing skills matched with the ability to manage stress, time and people effectively. â¢ Able to handle multiple task & projects simultaneously. â¢ Willing to travel & relocate.Education Details B.E Electrical and Electronics Engineering Gulbarga, Karnataka VTU (Vishweshwariya University) HSC Wai, Maharashtra Kisanveer Mahavidyalay WAI Kohlapur University Electrical Engineer Electrical Engineer - REFCON ENGINEERING PVT. LTD Skill Details Company Details company - REFCON ENGINEERING PVT. LTD description - GREENFIELD PROJECT: - Project Status 1) LIBS Braseries, Burkena Faso (Africa) Completed 2) Citrus Processing India, Nanded Completed 3) Carlsberg Group, Myanmar (Yangon) Completed 4) U.B (United Breweries), Mysore. Completed 5) U.B (United Breweries), Hyderabad. Completed 6) Haldiram Foods Pvt. Ltd. Nagpur Completed 7) Tetra-Pak India Pvt. Ltd. Amreli Completed 8) U.B (United Breweries), Rajasthan Completed â Handling Activities in Project: - â¢ Preparing","B.E Electrical and Electronics Engineering Gulbarga, Karnataka VTU (Vishweshwariya University) HSC Wai, Maharashtra Kisanveer Mahavidyalay WAI Kohlapur University Electrical Engineer Electrical Engineer - REFCON ENGINEERING PVT. LTD",found,,"company - REFCON ENGINEERING PVT. LTD description - GREENFIELD PROJECT: - Project Status 1) LIBS Braseries, Burkena Faso (Africa) Completed 2) Citrus Processing India, Nanded Completed 3) Carlsberg Group, Myanmar (Yangon) Completed 4) U.B (United Breweries), Mysore. Completed 5) U.B (United Breweries), Hyderabad. Completed 6) Haldiram Foods Pvt. Ltd. Nagpur Completed 7) Tetra-Pak India Pvt. Ltd. Amreli Completed 8) U.B (United Breweries), Rajasthan Completed â Handling Activities in Project: - â¢ Preparing"
R168,Divya Rao,NIT Tiruchirappalli,1,Pune,1,0,Sales,"Name: Divya Rao
College: NIT Tiruchirappalli
City: Pune
Employment Gap: None

Education Details Bachelor's Bachelor's Commerce India Guru Nanak high school Sales Manager Skill Details Data Entry- Exprience - Less than 1 year months Cold Calling- Exprience - Less than 1 year months Sales- Exprience - Less than 1 year months Salesforce- Exprience - Less than 1 year months MS Office- Exprience - Less than 1 year monthsCompany Details company - Emperor Honda description - company - Honda cars india Ltd description - 1. Worked as an Asm at Maruti dealership for 10 years 2. Currently working as Manager sales in Honda car dealership from last 5 years 3. Good sportsmen represent my college in various cricket tournaments 4. Lead Nagpur university cricket team also 5. Searching job in car dealership or cricket academy",Bachelor's Bachelor's Commerce India Guru Nanak high school Sales Manager,found,Data Entry- Exprience - Less than 1 year months Cold Calling- Exprience - Less than 1 year months Sales- Exprience - Less than 1 year months Salesforce- Exprience - Less than 1 year months MS Office- Exprience - Less than 1 year months,company - Emperor Honda description - company - Honda cars india Ltd description - 1. Worked as an Asm at Maruti dealership for 10 years 2. Currently working as Manager sales in Honda car dealership from last 5 years 3. Good sportsmen represent my college in various cricket tournaments 4. Lead Nagpur university cricket team also 5. Searching job in car dealership or cricket academy
R169,Aditya Verma,Indian Institute of Technology Guwahati,1,Bangalore,1,0,Testing,"Name: Aditya Verma
College: Indian Institute of Technology Guwahati
City: Bangalore
Employment Gap: None

COMPUTER SKILLS & SOFTWARE KNOWLEDGE MS-Power Point, MS - Office, C, Protius (PCB Design), Multisim, Micro wind, Matlab, Keil, Latex, Basic I nternet Fundamentals, Software and Hardware Knowledge PROJECT DETAILS Diploma Project: Speed Control of DC Motor Using Heart Beats. Mini Project: Water Gardening System Using Solar Panel. Final Year BE Project: Iris Recognition system.Education Details January 2016 BE EDUCATION Pune, Maharashtra PUNE University January 2010 SSC Maharashtra Board Quality Engineer Quality Engineer - Matrix Technologies Skill Details MATLAB- Exprience - 6 months PCB- Exprience - 6 months PCB DESIGN- Exprience - 6 monthsCompany Details company - Matrix Technologies description - company - RB Electronics description -","January 2016 BE EDUCATION Pune, Maharashtra PUNE University January 2010 SSC Maharashtra Board Quality Engineer Quality Engineer - Matrix Technologies",found,MATLAB- Exprience - 6 months PCB- Exprience - 6 months PCB DESIGN- Exprience - 6 months,company - Matrix Technologies description - company - RB Electronics description -
R170,Divya Rao,Indian Institute of Technology Guwahati,1,Kolkata,1,0,Health and fitness,"Name: Divya Rao
College: Indian Institute of Technology Guwahati
City: Kolkata
Employment Gap: None

Education Details May 2014 Diploma Nutrition Education Bengaluru, Karnataka IGNOU University June 2004 Bachelor of Science Clinical Nutrition and Dietetics Bengaluru, Karnataka Smt. VHD Institute of HomeScience Health and wellness coach Advance PG diploma in Clinical research, Clinical data management and SAS Skill Details Company Details company - GOQii Technologies Ltd description - â¢ Motivate players (i.e. GOQii subscribers) to make a permanent shift to a healthier lifestyle and enhance health, nutrition and karma â¢ Track and analyse player's lifestyle and fitness data captured through the GOQii band. â¢ Design custom wellness/fitness goals mutually with players and coach them in meeting these goals. â¢ Interact with GOQii Players on a daily basis via GOQii App text/audio. company - description - VIA Health Marketing & Innovations â¢ Viamedia health had jointly organized a National Campaign of Maternal Nutrition Evaluation with GlaxoSmithKline-Consumer Healthcare. â¢ Conduct Maternal Nutritional Counselling Camps with practicing Gynaecologists at different hospitals/clinics allotted by the medical representative. â¢ Conveying the Importance of every nutrient required","May 2014 Diploma Nutrition Education Bengaluru, Karnataka IGNOU University June 2004 Bachelor of Science Clinical Nutrition and Dietetics Bengaluru, Karnataka Smt. VHD Institute of HomeScience Health and wellness coach Advance PG diploma in Clinical research, Clinical data management and SAS",found,,"company - GOQii Technologies Ltd description - â¢ Motivate players (i.e. GOQii subscribers) to make a permanent shift to a healthier lifestyle and enhance health, nutrition and karma â¢ Track and analyse player's lifestyle and fitness data captured through the GOQii band. â¢ Design custom wellness/fitness goals mutually with players and coach them in meeting these goals. â¢ Interact with GOQii Players on a daily basis via GOQii App text/audio. company - description - VIA Health Marketing & Innovations â¢ Viamedia health had jointly organized a National Campaign of Maternal Nutrition Evaluation with GlaxoSmithKline-Consumer Healthcare. â¢ Conduct Maternal Nutritional Counselling Camps with practicing Gynaecologists at different hospitals/clinics allotted by the medical representative. â¢ Conveying the Importance of every nutrient required"
R171,Ananya Iyer,Indian Institute of Science Bangalore,1,Ahmedabad,1,0,Sales,"Name: Ananya Iyer
College: Indian Institute of Science Bangalore
City: Ahmedabad
Employment Gap: None

Skill Sets: â¢ Multi-tasking â¢ Collaborative â¢ Optimistic Thinking â¢ Effective teamleader/team trainer â¢ Visualizing the work which is to be done â¢ Good Grip on Communication â¢ Various Languages Known â¢ Value loyalty and is loyal towards my responsibility â¢ Compatible working with MS officeEducation Details January 2017 MBA Marketing & Sales Amity University January 2015 Bsc. Hotel Management P.S.G College of arts and sciences Institution/University/Board Sales Manager Sales and Marketing Management Skill Details MS office- Exprience - 4 monthsCompany Details company - Cohesive Technologies description - I am responsible for Managing company's business in Mumbai area,along with branch Manager,I follow up leads given to me by my corporate office, I meet them personally give them the best solutions and product suitable for their business, I even generate leads by myself by calling up the clients through cold call,My job is like an entrepreneur here, which basically involves managing a small business.",January 2017 MBA Marketing & Sales Amity University January 2015 Bsc. Hotel Management P.S.G College of arts and sciences Institution/University/Board Sales Manager Sales and Marketing Management,found,MS office- Exprience - 4 months,"company - Cohesive Technologies description - I am responsible for Managing company's business in Mumbai area,along with branch Manager,I follow up leads given to me by my corporate office, I meet them personally give them the best solutions and product suitable for their business, I even generate leads by myself by calling up the clients through cold call,My job is like an entrepreneur here, which basically involves managing a small business."
R172,Ananya Iyer,Indian Institute of Science Bangalore,1,Ahmedabad,1,0,SAP Developer,"Name: Ananya Iyer
College: Indian Institute of Science Bangalore
City: Ahmedabad
Employment Gap: None

Education Details July 2008 to February 2012 BE COMPUTER SCIENCE Nagpur, Maharashtra NAGPUR UNIVERSITY SAP HANA Developer SAP HANA Developer - Schlumberger Skill Details SAP HANA- Exprience - 60 months SAP BO- Exprience - 36 monthsCompany Details company - Schlumberger description - Schlumberger is the world's leading provider of technology for reservoir characterization, drilling, production, and processing to the oil and gas industry. Working in more than 85 countries. Role-SAP HANA Developer Team Size: 12 Duration: Feb 2017 to Till Date Responsibilities: Working on Suit on HANA and Native HANA Systems. Working on end to end implementation for Release 2.3 and 2.4. Developing HANA Information Models Calculation Views, Table Functions, Procedures. Actively involved in cutover activities, Dry Runs Production Go live and Post Production Go Live and resolving issues. Worked on HANA functionalities like Currency Conversions and analyzing the Planviz for performance related issues etc. Worked on to bring the Tables in SAP HANA Landing zone using SDA. Working on to resolve the performance issues in HANA views by applying filter, joins etc. Interacting with the Business and functional","July 2008 to February 2012 BE COMPUTER SCIENCE Nagpur, Maharashtra NAGPUR UNIVERSITY SAP HANA Developer SAP HANA Developer - Schlumberger",found,SAP HANA- Exprience - 60 months SAP BO- Exprience - 36 months,"company - Schlumberger description - Schlumberger is the world's leading provider of technology for reservoir characterization, drilling, production, and processing to the oil and gas industry. Working in more than 85 countries. Role-SAP HANA Developer Team Size: 12 Duration: Feb 2017 to Till Date Responsibilities: Working on Suit on HANA and Native HANA Systems. Working on end to end implementation for Release 2.3 and 2.4. Developing HANA Information Models Calculation Views, Table Functions, Procedures. Actively involved in cutover activities, Dry Runs Production Go live and Post Production Go Live and resolving issues. Worked on HANA functionalities like Currency Conversions and analyzing the Planviz for performance related issues etc. Worked on to bring the Tables in SAP HANA Landing zone using SDA. Working on to resolve the performance issues in HANA views by applying filter, joins etc. Interacting with the Business and functional"
R173,Priya Nair,Indian Institute of Science Bangalore,1,Chennai,1,0,Advocate,"Name: Priya Nair
College: Indian Institute of Science Bangalore
City: Chennai
Employment Gap: None

QUALIFICATION: Introduction to Computer EXTRAEducation Details January 2001 to January 2003 Master Law Chennai, Tamil Nadu Dr.Ambedkar Law University January 1998 to January 2001 Bachelor Law Chennai, Tamil Nadu Dr. Ambedkar Law University January 1995 to January 1998 Bachelor English Literature Tirunelveli, Tamil Nadu Manonmaniam Sundaranar university Advocate Advocate Skill Details Company Details company - Practiced description - at * High Court of Judicature at Madras, India * City Civil Court, Chennai * Debt Recovery Tribunal, Chennai * Consumer Forums, Chennai * Labour Courts * Small Causes Courts * Rent control Courts * Legal advisor for Christian Institute of Management, Chennai in 2016 * Legal Advisor for Ruah church, Chennai and NESSA Trust till 2018","January 2001 to January 2003 Master Law Chennai, Tamil Nadu Dr.Ambedkar Law University January 1998 to January 2001 Bachelor Law Chennai, Tamil Nadu Dr. Ambedkar Law University January 1995 to January 1998 Bachelor English Literature Tirunelveli, Tamil Nadu Manonmaniam Sundaranar university Advocate Advocate",found,,"company - Practiced description - at * High Court of Judicature at Madras, India * City Civil Court, Chennai * Debt Recovery Tribunal, Chennai * Consumer Forums, Chennai * Labour Courts * Small Causes Courts * Rent control Courts * Legal advisor for Christian Institute of Management, Chennai in 2016 * Legal Advisor for Ruah church, Chennai and NESSA Trust till 2018"
R174,Vikram Reddy,Indian Institute of Technology Kharagpur,1,Hyderabad,1,0,Health and fitness,"Name: Vikram Reddy
College: Indian Institute of Technology Kharagpur
City: Hyderabad
Employment Gap: None

SKILLS: Computer: â¢ Can easily operate in Operating System like Windows 10. â¢ Can work in Ms-Office (Word, Excel, and PowerPoint). â¢ Can easily operate internet & Gym Management Software (website & mobile application).Education Details January 2010 Advance Diploma in Hotel Management J&W Institute of Hotel Management Gym management & Consultant Gym management & Consultant - Sculpt Fitness Centre Skill Details Excel- Exprience - 96 months PowerPoint- Exprience - 96 months Word- Exprience - 96 months Gym Management Software- Exprience - 96 monthsCompany Details company - Sculpt Fitness Centre description - 2015 - Present Sales, Fitness, Operations company - AB's Fitness Club description - Fitness, Sales, Administration, Facility & House-keeping company - AB's Fitness Club description - Sales, Fitness, Operations company - Ultimate Fitness Club description - company - Tripod Fitness Arena description - Sales, Administration company - C K Fitness description - Sales & Fitness Staff Recruitment KEY ROLES: â¢ Designing and promoting activities to meet customer demand and generate revenue; â¢ Advertising and promoting the club or Centre to increase usage, considering market",January 2010 Advance Diploma in Hotel Management J&W Institute of Hotel Management Gym management & Consultant Gym management & Consultant - Sculpt Fitness Centre,found,Excel- Exprience - 96 months PowerPoint- Exprience - 96 months Word- Exprience - 96 months Gym Management Software- Exprience - 96 months,"company - Sculpt Fitness Centre description - 2015 - Present Sales, Fitness, Operations company - AB's Fitness Club description - Fitness, Sales, Administration, Facility & House-keeping company - AB's Fitness Club description - Sales, Fitness, Operations company - Ultimate Fitness Club description - company - Tripod Fitness Arena description - Sales, Administration company - C K Fitness description - Sales & Fitness Staff Recruitment KEY ROLES: â¢ Designing and promoting activities to meet customer demand and generate revenue; â¢ Advertising and promoting the club or Centre to increase usage, considering market"
R175,Aditya Verma,Indian Institute of Technology Delhi,1,Bangalore,1,0,Hadoop,"Name: Aditya Verma
College: Indian Institute of Technology Delhi
City: Bangalore
Employment Gap: None

Technical Skill Set: Programming Languages Apache Hadoop, Python, shell scripting, SQL Technologies Hive, Pig, Sqoop, Flume, Oozie, Impala, hdfs Tools Dataiku, Unravel, Cloudera, Putty, HUE, Cloudera Manager, Eclipse, Resource Manager Initial Learning Program: Tata Consultancy Services: June 2015 to August 2015 Description: This is a learning program conducted by TCS for the newly joined employees, to accomplish them to learn the working standard of the organization. During this period employee are groomed with various technical as well as ethical aspects. Education Details B.E. Electronics & Communication Indore, Madhya Pradesh Medi-caps Institute of Technology & Management Hadoop developer hadoop,hive,sqoop,flume,pig,mapreduce,python,impala,spark,scala,sql,unix. Skill Details APACHE HADOOP SQOOP- Exprience - 31 months Hadoop- Exprience - 31 months HADOOP- Exprience - 31 months Hive- Exprience - 31 months SQOOP- Exprience - 31 months python- Exprience - Less than 1 year months hdfs- Exprience - Less than 1 year months unix- Exprience - Less than 1 year months impala- Exprience - Less than 1 year months pig- Exprience - Less than 1 year months unravel- Exprience - Less than 1 year","B.E. Electronics & Communication Indore, Madhya Pradesh Medi-caps Institute of Technology & Management Hadoop developer hadoop,hive,sqoop,flume,pig,mapreduce,python,impala,spark,scala,sql,unix.",found,APACHE HADOOP SQOOP- Exprience - 31 months Hadoop- Exprience - 31 months HADOOP- Exprience - 31 months Hive- Exprience - 31 months SQOOP- Exprience - 31 months python- Exprience - Less than 1 year months hdfs- Exprience - Less than 1 year months unix- Exprience - Less than 1 year months impala- Exprience - Less than 1 year months pig- Exprience - Less than 1 year months unravel- Exprience - Less than 1 year,
R176,Rohan Gupta,Indian Institute of Technology Kanpur,1,Pune,1,0,Testing,"Name: Rohan Gupta
College: Indian Institute of Technology Kanpur
City: Pune
Employment Gap: None

COMPUTER PROFICIENCY â¢ Basic: MS-Office (PowerPoint, word, Outlook, Excel) â¢ Language Known: Basics of C, CPP, Java. â¢ Basics of Networking â¢ Basics command of Linux PROJECT DETAILS Minor Project Details: â¢ Title: Applocker for Android. â¢ Project Area: Android Application. â¢ Description: Applocker provides the protection of the System applications as well as the Third party applications installed in the Android devices. The password protection is provided with the help of patterns of volume keys. Hence, an extra measure of privacy is acquired. Major Project Details: â¢ Title: Online Complaint System For Cyber Crimes. â¢ Project Area: Android Application â¢ Description: Online Complaint System for Cyber Crimes is an android application which will be in use after a person lodged a complaint in Police station regarding cyber crime but no action has been taken against it within the prescribed time constraint. Such person will directly use this application which will help him/her to directly lodge the complaint to Commissioner Office and it will get store in the Commissioner's database and necessary action will be taken against it. STRENGTHS â¢ Belief in team work",,not_available,,
R177,Rohan Gupta,Indian Institute of Technology Kanpur,1,Delhi,1,0,DevOps Engineer,"Name: Rohan Gupta
College: Indian Institute of Technology Kanpur
City: Delhi
Employment Gap: None

Total IT Experience 15 years. Core expertise in Data Base Design, PHP, Python, MySql, JavaScript, HTML 5, Ajax, Jquery, XML, Agile Methodology, DevOps Methodology, Scrum Framework, JIRA Tool, GIT, Bitbucket, Anjular JS 1, Angular JS 2, Core Java, J2EE. Education Details April 2004 MCM Computer Management Pune, Maharashtra Pune University April 1998 B.Sc Maths Kerala University Project Manager Project Manager Skill Details Data Base Design, PHP, Python, MySql, JavaScript, HTML, Ajax, XML, Agile Methodology, DevOps Methodology, Scrum Framework, JIRA Tool, GIT, Bitbucket, Jquery, AngularJs, Amazon MWS , Bootstrap, Node.js, Laravel, Scrum- Exprience - 120 monthsCompany Details company - Knoxed Infotech Pvt. Ltd. description - ï· Client interaction ï· Maintain work processes ï· Creates project plans through Agile Model & Methodology ï· Maintains project objectives ï· Working with multi-profiled teams of technical and non technical stakeholders ï· Monitors production and quality to customer/stakeholder/sponsor standards ï· Conduct office management tasks ï· Ensuring that the day-to-day operations of the business run smoothly ï· Introducing key performance indicators (KPI's) and","April 2004 MCM Computer Management Pune, Maharashtra Pune University April 1998 B.Sc Maths Kerala University Project Manager Project Manager",found,"Data Base Design, PHP, Python, MySql, JavaScript, HTML, Ajax, XML, Agile Methodology, DevOps Methodology, Scrum Framework, JIRA Tool, GIT, Bitbucket, Jquery, AngularJs, Amazon MWS , Bootstrap, Node.js, Laravel, Scrum- Exprience - 120 months",company - Knoxed Infotech Pvt. Ltd. description - ï· Client interaction ï· Maintain work processes ï· Creates project plans through Agile Model & Methodology ï· Maintains project objectives ï· Working with multi-profiled teams of technical and non technical stakeholders ï· Monitors production and quality to customer/stakeholder/sponsor standards ï· Conduct office management tasks ï· Ensuring that the day-to-day operations of the business run smoothly ï· Introducing key performance indicators (KPI's) and
R178,Karan Mehta,Indian Institute of Technology Roorkee,1,Hyderabad,1,0,Web Designing,"Name: Karan Mehta
College: Indian Institute of Technology Roorkee
City: Hyderabad
Employment Gap: None

Education Details B.C.A Bachelor Computer Application Pune, Maharashtra Pune University H.S.C. Pune, Maharashtra Pune University S.S.C. Pune, Maharashtra Pune University Web Designing and Developer php Developer - Exposys Pvt. Ltd Skill Details Company Details company - Exposys Pvt. Ltd description - Technical Skills Web Development: HTML5, CSS3, Bootstrap, PHP, Ajax, Jquery, JavaScript. Database: MySQL. Development Tools: Notepad++, Sublime Text2. Framework: Codeigniter. Server: Apache tomcat, Xampp Control Panel. Operating Systems: Windows. company - Exposys Pvt. Ltd description - Pune. Augest 2017 to till date Project Details: Project-I: Pragat Bharat System Technologies Used: HTML, CSS, BOOTSTRAP, PHP, JQUERY, AJAX. Database Used: My SQL. Team size: 1 Position: Software Developer Synopsis: This project aim is specially design for people. It is used to collect information to diifernt sector. Project-II: Go Ayur System Technologies Used: HTML, CSS, BOOTSTRAP, PHP, JQUERY, AJAX. Database Used: My SQL. Team size: 2 Position: Software Developer Synopsis: Go Ayurveda Panchakarma center is one of most traditionally well established, professional and innovative providers of Classical","B.C.A Bachelor Computer Application Pune, Maharashtra Pune University H.S.C. Pune, Maharashtra Pune University S.S.C. Pune, Maharashtra Pune University Web Designing and Developer php Developer - Exposys Pvt. Ltd",found,"Web Development: HTML5, CSS3, Bootstrap, PHP, Ajax, Jquery, JavaScript. Database: MySQL. Development Tools: Notepad++, Sublime Text2. Framework: Codeigniter. Server: Apache tomcat, Xampp Control Panel. Operating Systems: Windows. company - Exposys Pvt. Ltd description - Pune. Augest 2017 to till date Project Details: Project-I: Pragat Bharat System Technologies Used: HTML, CSS, BOOTSTRAP, PHP, JQUERY, AJAX. Database Used: My SQL. Team size: 1 Position: Software Developer Synopsis: This project aim is specially design for people. It is used to collect information to diifernt sector. Project-II: Go Ayur System Technologies Used: HTML, CSS, BOOTSTRAP, PHP, JQUERY, AJAX. Database Used: My SQL. Team size: 2 Position: Software Developer Synopsis: Go Ayurveda Panchakarma center is one of most traditionally well established, professional and innovative providers of Classical","company - Exposys Pvt. Ltd description - Technical Skills Web Development: HTML5, CSS3, Bootstrap, PHP, Ajax, Jquery, JavaScript. Database: MySQL. Development Tools: Notepad++, Sublime Text2. Framework: Codeigniter. Server: Apache tomcat, Xampp Control Panel. Operating Systems: Windows. company - Exposys Pvt. Ltd description - Pune. Augest 2017 to till date Project Details: Project-I: Pragat Bharat System Technologies Used: HTML, CSS, BOOTSTRAP, PHP, JQUERY, AJAX. Database Used: My SQL. Team size: 1 Position: Software Developer Synopsis: This project aim is specially design for people. It is used to collect information to diifernt sector. Project-II: Go Ayur System Technologies Used: HTML, CSS, BOOTSTRAP, PHP, JQUERY, AJAX. Database Used: My SQL. Team size: 2 Position: Software Developer Synopsis: Go Ayurveda Panchakarma center is one of most traditionally well established, professional and innovative providers of Classical"
R179,Aditya Verma,Indian Institute of Technology Guwahati,1,Pune,1,0,Database,"Name: Aditya Verma
College: Indian Institute of Technology Guwahati
City: Pune
Employment Gap: None

Education Details May 2011 to May 2014 Bachelor of science Information technology Mumbai, Maharashtra Mumbai university Oracle DBA Oracle database administrator Skill Details Installation of Oracle on RH Linux & Windows. Creating/Managing user profiles and analyzing their privileges and tablespace quotas Backup of database Logical and Physical procedures. Recovery of database in case of database crash, disk/media failure, etc. Standard DBA functions like space management, Rollback segments, Extents. Database Management and Monitoring the database. Willing to learn new things. Being a constructive team member, contributing practically to the success of the team.- Exprience - 48 monthsCompany Details company - Accelya kale solutions ltd description - Database Administrator working in 24*7 support environment maintaining Databases running on Oracle 11g, 12c. Database Up-gradation from Oracle 11g to Oracle 12c. Installation of Database critical patches. Taking cold and hot backups on scheduled times and monitoring backups. Importing the export dump to another database as per demands. Automating most of the daily activities through cronjobs, shell scripts or schedulers. Making Plan of","May 2011 to May 2014 Bachelor of science Information technology Mumbai, Maharashtra Mumbai university Oracle DBA Oracle database administrator",found,"Installation of Oracle on RH Linux & Windows. Creating/Managing user profiles and analyzing their privileges and tablespace quotas Backup of database Logical and Physical procedures. Recovery of database in case of database crash, disk/media failure, etc. Standard DBA functions like space management, Rollback segments, Extents. Database Management and Monitoring the database. Willing to learn new things. Being a constructive team member, contributing practically to the success of the team.- Exprience - 48 months","company - Accelya kale solutions ltd description - Database Administrator working in 24*7 support environment maintaining Databases running on Oracle 11g, 12c. Database Up-gradation from Oracle 11g to Oracle 12c. Installation of Database critical patches. Taking cold and hot backups on scheduled times and monitoring backups. Importing the export dump to another database as per demands. Automating most of the daily activities through cronjobs, shell scripts or schedulers. Making Plan of"
R180,Arjun Sharma,Indian Institute of Technology Kanpur,1,Pune,1,0,Testing,"Name: Arjun Sharma
College: Indian Institute of Technology Kanpur
City: Pune
Employment Gap: None

â¢ Good logical and analytical skills â¢ Positive attitude towards solving problems and accepting challenges â¢ A team player & leader â¢ A good organizer PRESONAL DETAILS: DOB: 20/07/1995. Marital status: Single.Education Details July 2015 to June 2018 BE Electrical Pune, Maharashtra Sinhagad institute of technology January 2012 DIPLOMA MSBTE Kopargaon, MAHARASHTRA, IN K.B.P.Polytechnic January 2010 SSC S.G.Vidyalaya state board Testing Engineer Electrical engineer Skill Details Company Details company - Intelux Electronics Pvt Ltd description - 1. Power management system Testing department","July 2015 to June 2018 BE Electrical Pune, Maharashtra Sinhagad institute of technology January 2012 DIPLOMA MSBTE Kopargaon, MAHARASHTRA, IN K.B.P.Polytechnic January 2010 SSC S.G.Vidyalaya state board Testing Engineer Electrical engineer",found,,company - Intelux Electronics Pvt Ltd description - 1. Power management system Testing department
R181,Karan Mehta,NIT Tiruchirappalli,1,Mumbai,1,0,Data Science,"Name: Karan Mehta
College: NIT Tiruchirappalli
City: Mumbai
Employment Gap: None

Skills â¢ Python â¢ Tableau â¢ Data Visualization â¢ R Studio â¢ Machine Learning â¢ Statistics IABAC Certified Data Scientist with versatile experience over 1+ years in managing business, data science consulting and leading innovation projects, bringing business ideas to working real world solutions. Being a strong advocator of augmented era, where human capabilities are enhanced by machines, Fahed is passionate about bringing business concepts in area of machine learning, AI, robotics etc., to real life solutions.Education Details January 2017 B. Tech Computer Science & Engineering Mohali, Punjab Indo Global College of Engineering Data Science Consultant Data Science Consultant - Datamites Skill Details MACHINE LEARNING- Exprience - 13 months PYTHON- Exprience - 24 months SOLUTIONS- Exprience - 24 months DATA SCIENCE- Exprience - 24 months DATA VISUALIZATION- Exprience - 24 months Tableau- Exprience - 24 monthsCompany Details company - Datamites description - â¢ Analyzed and processed complex data sets using advanced querying, visualization and analytics tools. â¢ Responsible for loading, extracting and validation of client data. â¢ Worked on manipulating, cleaning &","January 2017 B. Tech Computer Science & Engineering Mohali, Punjab Indo Global College of Engineering Data Science Consultant Data Science Consultant - Datamites",found,MACHINE LEARNING- Exprience - 13 months PYTHON- Exprience - 24 months SOLUTIONS- Exprience - 24 months DATA SCIENCE- Exprience - 24 months DATA VISUALIZATION- Exprience - 24 months Tableau- Exprience - 24 months,"company - Datamites description - â¢ Analyzed and processed complex data sets using advanced querying, visualization and analytics tools. â¢ Responsible for loading, extracting and validation of client data. â¢ Worked on manipulating, cleaning &"
R182,Ishita Chopra,Indian Institute of Technology Roorkee,1,Ahmedabad,1,0,Sales,"Name: Ishita Chopra
College: Indian Institute of Technology Roorkee
City: Ahmedabad
Employment Gap: None

Skill Sets: â¢ Multi-tasking â¢ Collaborative â¢ Optimistic Thinking â¢ Effective teamleader/team trainer â¢ Visualizing the work which is to be done â¢ Good Grip on Communication â¢ Various Languages Known â¢ Value loyalty and is loyal towards my responsibility â¢ Compatible working with MS officeEducation Details January 2017 MBA Marketing & Sales Amity University January 2015 Bsc. Hotel Management P.S.G College of arts and sciences Institution/University/Board Sales Manager Sales and Marketing Management Skill Details MS office- Exprience - 4 monthsCompany Details company - Cohesive Technologies description - I am responsible for Managing company's business in Mumbai area,along with branch Manager,I follow up leads given to me by my corporate office, I meet them personally give them the best solutions and product suitable for their business, I even generate leads by myself by calling up the clients through cold call,My job is like an entrepreneur here, which basically involves managing a small business.",January 2017 MBA Marketing & Sales Amity University January 2015 Bsc. Hotel Management P.S.G College of arts and sciences Institution/University/Board Sales Manager Sales and Marketing Management,found,MS office- Exprience - 4 months,"company - Cohesive Technologies description - I am responsible for Managing company's business in Mumbai area,along with branch Manager,I follow up leads given to me by my corporate office, I meet them personally give them the best solutions and product suitable for their business, I even generate leads by myself by calling up the clients through cold call,My job is like an entrepreneur here, which basically involves managing a small business."
R183,Arjun Sharma,Indian Institute of Technology Kharagpur,1,Kolkata,1,0,PMO,"Name: Arjun Sharma
College: Indian Institute of Technology Kharagpur
City: Kolkata
Employment Gap: None

CORE COMPETENCIES â¢ Maintain processes to ensure project management documentation, reports and plans are relevant, accurate and complete â¢ Report automation, Dashboard preparation and sharing feedbacks basis on performance of Project Manager â¢ Forecasting data regarding future risks, Project changes and updating the delivery team on timely basis â¢ Good understanding of project management lifecycle â¢ Proven excellence in Risk Management and control â¢ Good understanding of Software Development Lifecycle (SDLC) â¢ Ability to synthesize qualitative and quantitative data quickly and draw meaningful insights â¢ Knowledge of Programme/Project Management methodologies with full project reporting and governance â¢ Ability to work with different cross-functional stakeholders to establish and ensure a reliable and productive working relationship â¢ Strong time management and organizational skills â¢ Multitasking skills and ability to meet deadlines COMPUTER SKILLS AND CERTIFICATION â¢ Advance knowledge in MS office 2013 and Macros. SKILLS â¢ Strategic thinking and decision making ability â¢ Sound Analytical skills â¢ Multi-tasking skills in fast paced environment. â¢",,not_available,"â¢ Maintain processes to ensure project management documentation, reports and plans are relevant, accurate and complete â¢ Report automation, Dashboard preparation and sharing feedbacks basis on performance of Project Manager â¢ Forecasting data regarding future risks, Project changes and updating the delivery team on timely basis â¢ Good understanding of project management lifecycle â¢ Proven excellence in Risk Management and control â¢ Good understanding of Software Development Lifecycle (SDLC) â¢ Ability to synthesize qualitative and quantitative data quickly and draw meaningful insights â¢ Knowledge of Programme/Project Management methodologies with full project reporting and governance â¢ Ability to work with different cross-functional stakeholders to establish and ensure a reliable and productive working relationship â¢ Strong time management and organizational skills â¢ Multitasking skills and ability to meet deadlines COMPUTER SKILLS AND CERTIFICATION â¢ Advance knowledge in MS office 2013 and Macros. SKILLS â¢ Strategic thinking and decision making ability â¢ Sound Analytical skills â¢ Multi-tasking skills in fast paced environment. â¢",
R184,Karan Mehta,Indian Institute of Technology Roorkee,1,Chennai,1,0,DevOps Engineer,"Name: Karan Mehta
College: Indian Institute of Technology Roorkee
City: Chennai
Employment Gap: None

Software Proficiency: â¢ Languages: Basics of C, SQL, PL/SQL,JAVA,JAVAEE,Javascript,HTML,CSS,jquery,mysql,Spring ,Hibernate. â¢ Software Tools: Xillinx, Modelsim, Matlab, Multisim. â¢ Operating Systems: Windows XP, Vista, 07, 08, Ubuntu. Project Profile: B.E. Project FPGA Implementation of Team Size: 4. Role: Programmer. AES Algorithm AES is Advanced Encryption Standard which is used in cryptography by which we can protect our data. It encrypted by a Secret Key. T.E. project Sorting Robot. Team Size: 3. Role: Mechanism designer. The TCS 230 sensor sorts the RGB color balls according to their color. Diploma Project RFID Based Student Team Size: 4. Role: Interface. Attendance System Using GSM. In this student show RFID card of his own and then message send via GSM to their parent that his ward is present.Education Details May 2016 B.E. Savitribai Phule Pune, Maharashtra Pune University March 2010 S.S.C Maharashtra Board DevOps Engineer Skill Details C- Exprience - 6 months C++- Exprience - 6 months Sql- Exprience - 6 months Pl/Sql- Exprience - 6 months Core Java- Exprience - 6 months Javascript- Exprience - Less than 1 year months HTML- Exprience - Less than 1 year months CSS-","May 2016 B.E. Savitribai Phule Pune, Maharashtra Pune University March 2010 S.S.C Maharashtra Board DevOps Engineer",found,C- Exprience - 6 months C++- Exprience - 6 months Sql- Exprience - 6 months Pl/Sql- Exprience - 6 months Core Java- Exprience - 6 months Javascript- Exprience - Less than 1 year months HTML- Exprience - Less than 1 year months CSS-,
R185,Divya Rao,Indian Institute of Technology Kanpur,1,Kolkata,1,0,PMO,"Name: Divya Rao
College: Indian Institute of Technology Kanpur
City: Kolkata
Employment Gap: None

CORE COMPETENCIES â¢ Maintain processes to ensure project management documentation, reports and plans are relevant, accurate and complete â¢ Report automation, Dashboard preparation and sharing feedbacks basis on performance of Project Manager â¢ Forecasting data regarding future risks, Project changes and updating the delivery team on timely basis â¢ Good understanding of project management lifecycle â¢ Proven excellence in Risk Management and control â¢ Good understanding of Software Development Lifecycle (SDLC) â¢ Ability to synthesize qualitative and quantitative data quickly and draw meaningful insights â¢ Knowledge of Programme/Project Management methodologies with full project reporting and governance â¢ Ability to work with different cross-functional stakeholders to establish and ensure a reliable and productive working relationship â¢ Strong time management and organizational skills â¢ Multitasking skills and ability to meet deadlines COMPUTER SKILLS AND CERTIFICATION â¢ Advance knowledge in MS office 2013 and Macros. SKILLS â¢ Strategic thinking and decision making ability â¢ Sound Analytical skills â¢ Multi-tasking skills in fast paced environment. â¢",,not_available,"â¢ Maintain processes to ensure project management documentation, reports and plans are relevant, accurate and complete â¢ Report automation, Dashboard preparation and sharing feedbacks basis on performance of Project Manager â¢ Forecasting data regarding future risks, Project changes and updating the delivery team on timely basis â¢ Good understanding of project management lifecycle â¢ Proven excellence in Risk Management and control â¢ Good understanding of Software Development Lifecycle (SDLC) â¢ Ability to synthesize qualitative and quantitative data quickly and draw meaningful insights â¢ Knowledge of Programme/Project Management methodologies with full project reporting and governance â¢ Ability to work with different cross-functional stakeholders to establish and ensure a reliable and productive working relationship â¢ Strong time management and organizational skills â¢ Multitasking skills and ability to meet deadlines COMPUTER SKILLS AND CERTIFICATION â¢ Advance knowledge in MS office 2013 and Macros. SKILLS â¢ Strategic thinking and decision making ability â¢ Sound Analytical skills â¢ Multi-tasking skills in fast paced environment. â¢",
R186,Karan Mehta,Indian Institute of Technology Guwahati,1,Mumbai,1,0,Automation Testing,"Name: Karan Mehta
College: Indian Institute of Technology Guwahati
City: Mumbai
Employment Gap: None

SOCIAL SKILLS: â¢ Ability to establish trust and work with a team. â¢ Determined with good work ethics. â¢ Ability to work under difficult situations.Education Details January 2011 to January 2016 Mumbai, Maharashtra MUMBAI UNIVERSITY Bachelor of Electronics Engineering Electronics Engineering Mumbai, Maharashtra Atharva College of Engineering at Malad Automation and Electrical engineer Automation and Electrical Engineer - SMEC AUTOMATION PVT. LTD Skill Details Company Details company - SMEC AUTOMATION PVT. LTD description - -18, Supply, installation, testing and commissioning of water level sensor and valve actuators for water tanks at BARC hospital Anushaktinagar, Trombay and BARC facility at Kalyan. â¢ Implemented of academy projects like Automatically tank filling with relay and float sensor level control, bottle filling on conveyor belt motion, and waste material crashing then separated on conveyor belt motion with PLC controlling. Role of Automation and Instrumentation Engineer (Marine and Industrial Automation): â¢ Re-calibration of field Instruments like control valve actuators, sensors and transmitters for pneumatic and electrical. â¢ Research and developing on new","January 2011 to January 2016 Mumbai, Maharashtra MUMBAI UNIVERSITY Bachelor of Electronics Engineering Electronics Engineering Mumbai, Maharashtra Atharva College of Engineering at Malad Automation and Electrical engineer Automation and Electrical Engineer - SMEC AUTOMATION PVT. LTD",found,,"company - SMEC AUTOMATION PVT. LTD description - -18, Supply, installation, testing and commissioning of water level sensor and valve actuators for water tanks at BARC hospital Anushaktinagar, Trombay and BARC facility at Kalyan. â¢ Implemented of academy projects like Automatically tank filling with relay and float sensor level control, bottle filling on conveyor belt motion, and waste material crashing then separated on conveyor belt motion with PLC controlling. Role of Automation and Instrumentation Engineer (Marine and Industrial Automation): â¢ Re-calibration of field Instruments like control valve actuators, sensors and transmitters for pneumatic and electrical. â¢ Research and developing on new"
R187,Karan Mehta,Indian Institute of Technology Kharagpur,1,Pune,1,0,Automation Testing,"Name: Karan Mehta
College: Indian Institute of Technology Kharagpur
City: Pune
Employment Gap: None

SKILLS Agile Methodology Scrum, Kanban, Extreme Programming(XP), Test-driven development (TDD) and Feature Driven development(FDD) Domain Industrial Automation, Retail, Banking, Insurance, Health care. Automation Framework Modular, Data driven, BPT, Hybrid Test automation tool HP UFT, TAF, Load Runner, Selenium, Rational Robot, DCMTK, sikuli languages VB Script, C++, Python, Shell Script Bug Tracking Tool Bugzilla, Jira, HP Quality Control, AP Test, Clear Quest Version management Clear case, Win CVS, SVN Database Oracle, SQL server, MySQL Network Protocols TCP/IP, HTTP, HTTPS, VPN, FTP, LDAP Healthcare DICOM, PACS, HL7, Image Archiving, Image reconstruction, Rockwell Automation Logix Designer, Factory Talk, RSLinx Classic, Control Flash, Compare Tool, I/O modules and Profiles. Education Details Bachelor of Science Computer Science Mumbai, Maharashtra Mumbai University QA Automation Lead QA Automation Lead Skill Details C++- Exprience - 63 months PYTHON- Exprience - 109 months UFT- Exprience - 85 months SELENIUM- Exprience - 85 months SQL- Exprience - 69 monthsCompany Details company - Leading Industrial Automation description - Responsibilities: â¢ Test Rockwell Automation","Bachelor of Science Computer Science Mumbai, Maharashtra Mumbai University QA Automation Lead QA Automation Lead",found,C++- Exprience - 63 months PYTHON- Exprience - 109 months UFT- Exprience - 85 months SELENIUM- Exprience - 85 months SQL- Exprience - 69 months,company - Leading Industrial Automation description - Responsibilities: â¢ Test Rockwell Automation
R188,Rohan Gupta,Indian Institute of Technology Guwahati,1,Bangalore,1,0,Operations Manager,"Name: Rohan Gupta
College: Indian Institute of Technology Guwahati
City: Bangalore
Employment Gap: None

Education Details BCA Vinayaka Missions University Operations Manager Operations Manager Skill Details Operations Management- Exprience - Less than 1 year monthsCompany Details company - BNY Mellon International Operations (India) Pvt. Ltd description - Organization: BNY Mellon International Operations (India) Pvt. Ltd.: Sept 2009- till date BNY Mellon provides a broad range of products and services in the areas of Investment Management, Investment Services and Treasury Services. Our customers are institutions, corporations, and high-net-worth individuals, as well as consultants and advisors who work with them. Line of Business (LOB): Revenue &Billing Services (R&BS) Revenue and Billing Services is a Global Center of Excellence that generates invoices and collects fee revenue from Investment Services clients. 218 staff across five locations (Brooklyn, Pittsburgh, Syracuse, Pune, and UK) . Various Businesses supported are Asset Servicing, Corporate Trust, Treasury Services, Broker Dealer Services and Global Collateral Management. Support U.S., EMEA, and APAC. Regions. Job Profile: Operations Manager - BNY Mellon International Operations (India) Pvt. Ltd. Responsible for daily",BCA Vinayaka Missions University Operations Manager Operations Manager,found,Operations Management- Exprience - Less than 1 year months,"company - BNY Mellon International Operations (India) Pvt. Ltd description - Organization: BNY Mellon International Operations (India) Pvt. Ltd.: Sept 2009- till date BNY Mellon provides a broad range of products and services in the areas of Investment Management, Investment Services and Treasury Services. Our customers are institutions, corporations, and high-net-worth individuals, as well as consultants and advisors who work with them. Line of Business (LOB): Revenue &Billing Services (R&BS) Revenue and Billing Services is a Global Center of Excellence that generates invoices and collects fee revenue from Investment Services clients. 218 staff across five locations (Brooklyn, Pittsburgh, Syracuse, Pune, and UK) . Various Businesses supported are Asset Servicing, Corporate Trust, Treasury Services, Broker Dealer Services and Global Collateral Management. Support U.S., EMEA, and APAC. Regions. Job Profile: Operations Manager - BNY Mellon International Operations (India) Pvt. Ltd. Responsible for daily"
R189,Ishita Chopra,BITS Pilani,1,Mumbai,1,0,Business Analyst,"Name: Ishita Chopra
College: BITS Pilani
City: Mumbai
Employment Gap: None

TECHNOLOGICAL SKILLS â¦ Knowledge of Computers on the Windows platform. â¦ Fluency in MS-Office Applications such as Excel, Word, PowerPoint, etc. â¦ HTML, JAVA, PHP ATTRIBUTES â¦ Hardworking towards achieving the Goal â¦ Good communication skills â¦ Quick learner â¦ Good interpersonal relationEducation Details January 2016 to January 2018 MMS Mumbai, Maharashtra University of Mumbai January 2016 to January 2018 MMS Management Mumbai, Maharashtra University of Mumbai January 2014 B.Sc. Bandra, MAHARASHTRA, IN Rivzi College January 2011 HSC Bandra, Maharashtra, IN St. Andrews College January 2011 HSC Allana Junior College January 2009 SSC Canossa High School January 2008 SSC Maharashtra State Board Business Analyst Business Analyst - Mass Group of Companies Skill Details EXCEL- Exprience - 23 months HTML- Exprience - 6 months JAVA- Exprience - 6 months PHP- Exprience - 6 months POWERPOINT- Exprience - 6 monthsCompany Details company - Mass Group of Companies description - Key Role Analyst Responsibilities: â¦ Manage risk and provide risk management process. â¦ Liaise with other project areas to coordinate with interdependencies and resolve issues. â¦ Analyse and map","January 2016 to January 2018 MMS Mumbai, Maharashtra University of Mumbai January 2016 to January 2018 MMS Management Mumbai, Maharashtra University of Mumbai January 2014 B.Sc. Bandra, MAHARASHTRA, IN Rivzi College January 2011 HSC Bandra, Maharashtra, IN St. Andrews College January 2011 HSC Allana Junior College January 2009 SSC Canossa High School January 2008 SSC Maharashtra State Board Business Analyst Business Analyst - Mass Group of Companies",found,EXCEL- Exprience - 23 months HTML- Exprience - 6 months JAVA- Exprience - 6 months PHP- Exprience - 6 months POWERPOINT- Exprience - 6 months,company - Mass Group of Companies description - Key Role Analyst Responsibilities: â¦ Manage risk and provide risk management process. â¦ Liaise with other project areas to coordinate with interdependencies and resolve issues. â¦ Analyse and map
R190,Karan Mehta,NIT Tiruchirappalli,1,Mumbai,1,0,Java Developer,"Name: Karan Mehta
College: NIT Tiruchirappalli
City: Mumbai
Employment Gap: None

TECHNICAL SKILLS Skills: Java, SQL, PL/SQL, C, C++, BootStrap, JSP, Ext JS Operating Systems: Windows Tools: Toad, Eclipse, SoapBox, Postman Databases: Oracle, MS-SQL, MS-Access, MS-ExcelEducation Details January 2017 B.E. Computer Technology Gondia, MAHARASHTRA, IN Manoharbhai Patel Institute of Engineering and Technology HSC Gondia, MAHARASHTRA, IN S.M.P. Science College Java Developer Java Developer - Xoriant Solutions Pvt Ltd Skill Details Company Details company - Xoriant Solutions Pvt Ltd description - Pune Period Sept' 2017 to till date Role Java Developer Description ResRent is a team responsible for the development of various modules for Hertz. They are responsible for the development of screens in the portfolios they look after, and act as a primary control function; developing webservices to ensure it can be hit by XML and JSON. We build various modules which are inbuilt in Hertz to provide interfaces for end users in their tasks. Tools Eclipse, TOAD, SoapBox, Postman Responsibilities - Develop module from Backend to Middleware to Frontend. - Bugs fixing and proactive developing of enhancements - Resolve Application incidents within defined UCs & creating different Task","January 2017 B.E. Computer Technology Gondia, MAHARASHTRA, IN Manoharbhai Patel Institute of Engineering and Technology HSC Gondia, MAHARASHTRA, IN S.M.P. Science College Java Developer Java Developer - Xoriant Solutions Pvt Ltd",found,"Skills: Java, SQL, PL/SQL, C, C++, BootStrap, JSP, Ext JS Operating Systems: Windows Tools: Toad, Eclipse, SoapBox, Postman Databases: Oracle, MS-SQL, MS-Access, MS-Excel","company - Xoriant Solutions Pvt Ltd description - Pune Period Sept' 2017 to till date Role Java Developer Description ResRent is a team responsible for the development of various modules for Hertz. They are responsible for the development of screens in the portfolios they look after, and act as a primary control function; developing webservices to ensure it can be hit by XML and JSON. We build various modules which are inbuilt in Hertz to provide interfaces for end users in their tasks. Tools Eclipse, TOAD, SoapBox, Postman Responsibilities - Develop module from Backend to Middleware to Frontend. - Bugs fixing and proactive developing of enhancements - Resolve Application incidents within defined UCs & creating different Task"
R191,Priya Nair,Indian Institute of Technology Roorkee,1,Bangalore,1,0,Python Developer,"Name: Priya Nair
College: Indian Institute of Technology Roorkee
City: Bangalore
Employment Gap: None

Training attended: 1. Successfully completed ESD program conducted by Zensar Technologies, Pune in 2017. 2. Successfully completed Employability training conducted by Barclays, Global Talent Track, and NASSCOM foundation in 2015. Achievements: 1. Treasurer in IEEE student branch at JSCOE, Pune for 2017-18. 2. Worked as team leader in collegeâs various technical and cultural events from 2016 - 2017. 3. Project idea got selected for final prototyping round in KPIT-Sparkle 2018, Pune. 4. Participated in Avishkar 2017 conducted by Savitribai Phule Pune University. 5. Project idea submitted in Accenture Innovation 2018, Pune. 6. Brought sponsorship of Rs. 15,000 from Platinum Auto (formerly Royal Enfield) in 2017, Pune. 7. Secured 1 st Rank for college level competition of Poster presentation on Smart ambulance in 2017, Pune. 8. Organized IEEE workshop on âExcellence in English and Public Speakingâ in 2017, Pune Workshops attended: 1. Successfully completed 4 daysâ workshop on âMedical IOTâ conducted by IEEE standardâs association at VIP in 2017, Pune. 2. Successfully completed 2 daysâ workshop on âIntroduction to Arduinoâ at SCOE in 2016, Pune. 3. Successfully",,not_available,,
R192,Divya Rao,Indian Institute of Technology Madras,1,Mumbai,1,0,Testing,"Name: Divya Rao
College: Indian Institute of Technology Madras
City: Mumbai
Employment Gap: None

COMPUTER SKILLS & SOFTWARE KNOWLEDGE MS-Power Point, MS - Office, C, Protius (PCB Design), Multisim, Micro wind, Matlab, Keil, Latex, Basic I nternet Fundamentals, Software and Hardware Knowledge PROJECT DETAILS Diploma Project: Speed Control of DC Motor Using Heart Beats. Mini Project: Water Gardening System Using Solar Panel. Final Year BE Project: Iris Recognition system.Education Details January 2016 BE EDUCATION Pune, Maharashtra PUNE University January 2010 SSC Maharashtra Board Quality Engineer Quality Engineer - Matrix Technologies Skill Details MATLAB- Exprience - 6 months PCB- Exprience - 6 months PCB DESIGN- Exprience - 6 monthsCompany Details company - Matrix Technologies description - company - RB Electronics description -","January 2016 BE EDUCATION Pune, Maharashtra PUNE University January 2010 SSC Maharashtra Board Quality Engineer Quality Engineer - Matrix Technologies",found,MATLAB- Exprience - 6 months PCB- Exprience - 6 months PCB DESIGN- Exprience - 6 months,company - Matrix Technologies description - company - RB Electronics description -
R193,Vikram Reddy,Indian Institute of Technology Roorkee,1,Hyderabad,1,0,Advocate,"Name: Vikram Reddy
College: Indian Institute of Technology Roorkee
City: Hyderabad
Employment Gap: None

Good grasping quality and skillful work Education Details March 2013 to March 2018 B. A. LL. B. Law Solapur, Maharashtra Solapur University Advocate Skill Details Good knowledge of typing as well as many other activities- Exprience - Less than 1 year monthsCompany Details company - District and Session court of solapur description - Forward thinking individual with refined interpersonal and multitasking skills. Looking to join a progressive organization to provide assistance in Legal work. company - District and Session court of solapur description - Provide legal assistance in legal work","March 2013 to March 2018 B. A. LL. B. Law Solapur, Maharashtra Solapur University Advocate",found,Good knowledge of typing as well as many other activities- Exprience - Less than 1 year months,company - District and Session court of solapur description - Forward thinking individual with refined interpersonal and multitasking skills. Looking to join a progressive organization to provide assistance in Legal work. company - District and Session court of solapur description - Provide legal assistance in legal work
R194,Ananya Iyer,Indian Institute of Technology Guwahati,1,Hyderabad,1,0,Blockchain,"Name: Ananya Iyer
College: Indian Institute of Technology Guwahati
City: Hyderabad
Employment Gap: None

SKILLS Bitcoin, Ethereum Solidity Hyperledger, Beginner Go, Beginner R3 Corda, Beginner Tendermint, Nodejs, C Programming, Java, Machine Learning specilaized in Brain Computer Interface, Computer Networking and Server Admin, Computer Vision, Data Analytics, Cloud Computing, Reactjs, angularEducation Details January 2014 to January 2018 Bachelor of Engineering Computer Science & Engineering Thakur College of Engineering and Technology September 2016 to March 2017 Dynamic Blood Bank System Mumbai, Maharashtra IIT January 2014 CBSE Senior Secondary January 2011 CBSE Banking VIDYASHRAM PUBLIC SCHOOL Blockchain Developer Blockchain Developer - Zhypility Technologies Skill Details NETWORKING- Exprience - 27 months DATA ANALYTICS- Exprience - 11 months COMPUTER VISION- Exprience - 6 months JAVA- Exprience - 6 months MACHINE LEARNING- Exprience - 6 monthsCompany Details company - Zhypility Technologies description - une 2018 company - Area Business Owner Amway Enterprise Limited description - Business Strategizing Promotion, Analytics and Networking Terms company - Virtual description - Developing Prototype of Smart India Hackthon to deployment level. 3.Networking And Switch Intern Bharti","January 2014 to January 2018 Bachelor of Engineering Computer Science & Engineering Thakur College of Engineering and Technology September 2016 to March 2017 Dynamic Blood Bank System Mumbai, Maharashtra IIT January 2014 CBSE Senior Secondary January 2011 CBSE Banking VIDYASHRAM PUBLIC SCHOOL Blockchain Developer Blockchain Developer - Zhypility Technologies",found,NETWORKING- Exprience - 27 months DATA ANALYTICS- Exprience - 11 months COMPUTER VISION- Exprience - 6 months JAVA- Exprience - 6 months MACHINE LEARNING- Exprience - 6 months,"company - Zhypility Technologies description - une 2018 company - Area Business Owner Amway Enterprise Limited description - Business Strategizing Promotion, Analytics and Networking Terms company - Virtual description - Developing Prototype of Smart India Hackthon to deployment level. 3.Networking And Switch Intern Bharti"
R195,Neha Kapoor,Indian Institute of Technology Roorkee,1,Kolkata,1,0,Civil Engineer,"Name: Neha Kapoor
College: Indian Institute of Technology Roorkee
City: Kolkata
Employment Gap: None

Education Details January 2005 S.S.C Baramati, Maharashtra M.E.S. Highschool B.E. Civil Engineering Pune, Maharashtra Singhad Institute Of Technology And Science civil site engineer Civil engineer Skill Details Site Engineer- Exprience - 60 monthsCompany Details company - Vasundhara nirmiti properties description - Civil engineer company - shri balaji housing company description - Execution of all civil work company - Ganesh construction description - Site engineer","January 2005 S.S.C Baramati, Maharashtra M.E.S. Highschool B.E. Civil Engineering Pune, Maharashtra Singhad Institute Of Technology And Science civil site engineer Civil engineer",found,Site Engineer- Exprience - 60 months,company - Vasundhara nirmiti properties description - Civil engineer company - shri balaji housing company description - Execution of all civil work company - Ganesh construction description - Site engineer
R196,Karan Mehta,Indian Institute of Science Bangalore,1,Delhi,1,0,Electrical Engineering,"Name: Karan Mehta
College: Indian Institute of Science Bangalore
City: Delhi
Employment Gap: None

Education Details July 2016 to May 2019 BE Electrical And Electronics Engineering Bhopal, Madhya Pradesh RGPV July 2012 to May 2015 Diploma in Electrical Electrical Engineering Bhopal, Madhya Pradesh Rgpv university Bhopal Matric GHS BHULI Electrical Engineering Skill Details Basic Computer, Electrical Machine, Electrical wiring, Solar power Plant, Distribution Substation- Exprience - Less than 1 year monthsCompany Details company - Enigma Business Advisor description - Solar Energy 1. Solar power plant Installation 2. Maintenance Transmission and Distribution Line 1. Installation","July 2016 to May 2019 BE Electrical And Electronics Engineering Bhopal, Madhya Pradesh RGPV July 2012 to May 2015 Diploma in Electrical Electrical Engineering Bhopal, Madhya Pradesh Rgpv university Bhopal Matric GHS BHULI Electrical Engineering",found,"Basic Computer, Electrical Machine, Electrical wiring, Solar power Plant, Distribution Substation- Exprience - Less than 1 year months",company - Enigma Business Advisor description - Solar Energy 1. Solar power plant Installation 2. Maintenance Transmission and Distribution Line 1. Installation
R197,Divya Rao,Indian Institute of Technology Bombay,1,Mumbai,1,0,HR,"Name: Divya Rao
College: Indian Institute of Technology Bombay
City: Mumbai
Employment Gap: None

Education Details June 2012 to May 2015 B.A Economics Chennai, Tamil Nadu Sdnbvc Hr Skill Details Company Details company - Anything IT Solution description - Hr","June 2012 to May 2015 B.A Economics Chennai, Tamil Nadu Sdnbvc Hr",found,,company - Anything IT Solution description - Hr
R198,Neha Kapoor,Indian Institute of Technology Kanpur,1,Delhi,1,0,SAP Developer,"Name: Neha Kapoor
College: Indian Institute of Technology Kanpur
City: Delhi
Employment Gap: None

Education Details SAP Technical Architect SAP Technical Consultant - (ALE/IDOC/oDATA/Fiori/S4HANA/EWM/APO/Retail) Skill Details SAP ABAP- Exprience - 120 months SAP ABAP ( ALE / IDOC / EDI )- Exprience - 96 months SAP Netweaver Gateway / oData / Fiori- Exprience - 24 months SAP Techno Functional- Exprience - 36 months SAP ABAP ( IS-Retail / APO / IS-Auto / EWM)- Exprience - 36 months SAP Techno-functional- Exprience - 48 months SAP SD- Exprience - 36 months NetWeaver Gateway (oDATA, Fiori)- Exprience - 24 months SAP S/4HANA (new features Extensibility, Embedded Analytics)- Exprience - 12 monthsCompany Details company - description - 13+ years of work experience in SAP which includes roles varies from developer to subject matter expert â¢ Strong project experience in implementation, upgrade, application development and maintenance â¢ SAP ABAP Certified associate and has certification in ITIL 2011 Foundation and PRINCE2 practitioner â¢ SAP project Full-Lifecycle implementations across multiple global projects â¢ Direct client exposure of 1.3 years in United States of America and 1.2 years in Malaysia â¢ Expertise on SAP ABAP FRICEW components â¢ Experience in various SAP",SAP Technical Architect SAP Technical Consultant - (ALE/IDOC/oDATA/Fiori/S4HANA/EWM/APO/Retail),found,"SAP ABAP- Exprience - 120 months SAP ABAP ( ALE / IDOC / EDI )- Exprience - 96 months SAP Netweaver Gateway / oData / Fiori- Exprience - 24 months SAP Techno Functional- Exprience - 36 months SAP ABAP ( IS-Retail / APO / IS-Auto / EWM)- Exprience - 36 months SAP Techno-functional- Exprience - 48 months SAP SD- Exprience - 36 months NetWeaver Gateway (oDATA, Fiori)- Exprience - 24 months SAP S/4HANA (new features Extensibility, Embedded Analytics)- Exprience - 12 months","company - description - 13+ years of work experience in SAP which includes roles varies from developer to subject matter expert â¢ Strong project experience in implementation, upgrade, application development and maintenance â¢ SAP ABAP Certified associate and has certification in ITIL 2011 Foundation and PRINCE2 practitioner â¢ SAP project Full-Lifecycle implementations across multiple global projects â¢ Direct client exposure of 1.3 years in United States of America and 1.2 years in Malaysia â¢ Expertise on SAP ABAP FRICEW components â¢ Experience in various SAP"
R199,Arjun Sharma,Indian Institute of Technology Bombay,1,Chennai,1,0,DotNet Developer,"Name: Arjun Sharma
College: Indian Institute of Technology Bombay
City: Chennai
Employment Gap: None

TECHNICAL SKILLS â¢ Web Technologies: ASP .NET, HTML, CSS, Jquery. â¢ Languages: C, C++, C#.NET, MVC 5. â¢ Database: SQL SERVER 2005/2008/2016. â¢ Reporting Tools.: Kindo UI, Telerik functions, Crystal Report. â¢ Platforms: Visual Stadio 2010/2014. Education Details January 2014 B.E Satara, Maharashtra L.N.B.C.College of Engg Satara. January 2011 Diploma Thergaon Pune, Maharashtra M.M.Polytechnic Dot net developer Skill Details .NET- Exprience - 24 months ASP- Exprience - 24 months C#- Exprience - 24 months C++- Exprience - 6 months CRYSTAL REPORT- Exprience - 6 months Html- Exprience - Less than 1 year months Css- Exprience - Less than 1 year months Entityframewok,jquery,javascript- Exprience - Less than 1 year months Mvc- Exprience - 6 months Sql- Exprience - 24 monthsCompany Details company - Corecode technology description - Worked on web application using asp,c#,mvc as well as sql for database and also bootstrap,css,html for designing.created reports using kindo and telerik controls company - Inetsoft solution description - Created web application using asp and c# and also used sql for database.","January 2014 B.E Satara, Maharashtra L.N.B.C.College of Engg Satara. January 2011 Diploma Thergaon Pune, Maharashtra M.M.Polytechnic Dot net developer",found,".NET- Exprience - 24 months ASP- Exprience - 24 months C#- Exprience - 24 months C++- Exprience - 6 months CRYSTAL REPORT- Exprience - 6 months Html- Exprience - Less than 1 year months Css- Exprience - Less than 1 year months Entityframewok,jquery,javascript- Exprience - Less than 1 year months Mvc- Exprience - 6 months Sql- Exprience - 24 months","company - Corecode technology description - Worked on web application using asp,c#,mvc as well as sql for database and also bootstrap,css,html for designing.created reports using kindo and telerik controls company - Inetsoft solution description - Created web application using asp and c# and also used sql for database."
R200,Ananya Iyer,Indian Institute of Technology Bombay,1,Bangalore,1,0,Automation Testing,"Name: Ananya Iyer
College: Indian Institute of Technology Bombay
City: Bangalore
Employment Gap: None

* Excellent grasping power in learning new concepts and technology. * Highly motivated team player with strong work ethics, committed to hard work. * Ability to work and co-ordinate in a team effectively. * Enthusiastic self-starter and team player. * Quick and independent learner.Education Details January 2014 Bachelor of Technology Information Technology branch BPUT University January 2010 Diploma Engineering Brahmapur, Orissa U.C.P Engineering School Software Testing & Automation Engineer Software Testing & Automation Engineer - Tech Mahindra Skill Details Company Details company - Tech Mahindra description - India Duration Oct 2017- Till Date Project Description BT Group plc (trading as BT and formerly British Telecom) is a British multinational telecommunications holding company with head offices in London, United Kingdom. I worked for Air Logistics Program under the banner of British Telecom. This project handles all the web applications to carry out the whole logistics operation over United Kingdom through various airlines. Roles & Responsibilities â¢ Design and develop framework for the Test scenarios and Test cases. â¢ Developing automation test scripts on the existing","January 2014 Bachelor of Technology Information Technology branch BPUT University January 2010 Diploma Engineering Brahmapur, Orissa U.C.P Engineering School Software Testing & Automation Engineer Software Testing & Automation Engineer - Tech Mahindra",found,,"company - Tech Mahindra description - India Duration Oct 2017- Till Date Project Description BT Group plc (trading as BT and formerly British Telecom) is a British multinational telecommunications holding company with head offices in London, United Kingdom. I worked for Air Logistics Program under the banner of British Telecom. This project handles all the web applications to carry out the whole logistics operation over United Kingdom through various airlines. Roles & Responsibilities â¢ Design and develop framework for the Test scenarios and Test cases. â¢ Developing automation test scripts on the existing"
